product_type,brand,model,processor,ram_gb,storage_gb,gpu,os,weight_kg,battery_wh,battery_mah,display_size_inches,display_resolution,refresh_rate_hz,charging_w,front_camera,back_camera,description,review_text,source_url,price_original,price_currency,price_bdt
Smartphone,Apple,iPhone 16 128GB,A17 Bionic,6,512,,,,,3600,6.1,1179x2556,120,25,12MP,48MP,"Crafted to meet the demands of modern users, the Apple iPhone 16 128GB is a highly capable piece of engineering. It boasts an impressive architecture featuring the A17 Bionic processor, 6 of memory and a spacious 512.0 of internal storage to comfortably manage multitasking without bottlenecks. Visuals are delivered through a 6.1-inch display featuring a crisp 1179x2556 resolution featuring an ultra-smooth 120.0 refresh rate, which guarantees an immersive viewing experience. For users constantly on the move, it features a substantial 3600.0 cell. Operating on an efficient OS layer, this configuration positions the Apple iPhone 16 128GB as a highly capable daily driver.",,https://www.apple.com/iphone-16/specs/; https://www.gsmarena.com/apple_iphone_16-13317.php; https://www.techspecs.info/apple-iphone-16/,799,USD,95880
Smartphone,Apple,iPhone 16 256GB,A17 Bionic,6,512,,,,,3600,6.1,1179x2556,120,25,12MP,48MP,"The Apple iPhone 16 256GB emerges as a reliable solution designed to elevate your digital experience. The core of its performance lies in the A17 Bionic processor, 6 of memory and a spacious 512.0 of internal storage, allowing users to navigate demanding workflows seamlessly. Its front panel is dominated by a 6.1-inch display featuring a crisp 1179x2556 resolution featuring an ultra-smooth 120.0 refresh rate, providing vibrant colors and sharp contrasts. It integrates a substantial 3600.0 cell to maximize mobility without sacrificing runtime. Ultimately, with its native software at the helm, the Apple iPhone 16 256GB easily satisfies the rigorous demands of contemporary digital life.",,https://www.apple.com/iphone-16/specs/; https://www.gsmarena.com/apple_iphone_16-13317.php; https://www.techspecs.info/apple-iphone-16/,849,USD,101880
Smartphone,Apple,iPhone 16 512GB,A17 Bionic,6,128,,,,,3600,6.1,1179x2556,120,25,12MP,48MP,"For those seeking reliable technology, the Apple iPhone 16 512GB stands out as a modern and dependable choice. It boasts an impressive architecture featuring the A17 Bionic processor, 6 of memory and a spacious 128.0 of internal storage to comfortably manage multitasking without bottlenecks. The device incorporates a 6.1-inch display featuring a crisp 1179x2556 resolution featuring an ultra-smooth 120.0 refresh rate, making it fantastic for media consumption and creative work. For users constantly on the move, it features a long-lasting 3600.0 battery. Running naturally on a modern operating system, the Apple iPhone 16 512GB is an outstanding technological investment.",,https://www.apple.com/iphone-16/specs/; https://www.apple.com/shop/buy-iphone/iphone-16; https://www.gsmarena.com/apple_iphone_16-13317.php; https://www.gsmarena.com/apple_iphone_16_pro-13315.php,899,USD,107880
Smartphone,Apple,iPhone 16 Plus 128GB,A17 Bionic,6,128,,,0.203,,4200,6.7,1290x2796,60,25,12MP,48MP,"The Apple iPhone 16 Plus 128GB emerges as a reliable solution designed to elevate your digital experience. It boasts an impressive architecture featuring the A17 Bionic processor, 6 of memory and a spacious 128.0 of internal storage to comfortably manage multitasking without bottlenecks. The device incorporates a 6.7-inch display featuring a crisp 1290x2796 resolution featuring an ultra-smooth 60.0 refresh rate, making it fantastic for media consumption and creative work. Practicality is further enhanced by a substantial 4200.0 cell and a portable chassis weighing 0.203kg, offering an excellent balance of longevity and comfort. Running naturally on a modern operating system, the Apple iPhone 16 Plus 128GB is an outstanding technological investment.",,https://www.apple.com/iphone-16/specs/; https://www.apple.com/shop/buy-iphone/iphone-16; https://www.gsmarena.com/apple_iphone_16_plus-13316.php; https://www.techspecs.info/apple-iphone-16-plus/,899,USD,107880
Smartphone,Apple,iPhone 16 Plus 256GB,A17 Bionic,6,128,,,0.203,,4200,6.7,1290x2796,60,25,12MP,48MP,"Presenting the Apple iPhone 16 Plus 256GB: a highly capable device built for uncompromised productivity and entertainment. System operations are equipped with the A17 Bionic processor, 6 of memory and a spacious 128.0 of internal storage, providing the necessary bandwidth for intensive applications. Users will appreciate the visual fidelity offered by a 6.7-inch display featuring a crisp 1290x2796 resolution featuring an ultra-smooth 60.0 refresh rate, perfect for streaming and reading. Physical endurance is addressed by an endurance-focused 4200.0 battery and an overall weight of just 0.203kg, keeping you productive on the go. Operating on an efficient OS layer, this configuration positions the Apple iPhone 16 Plus 256GB as a highly capable daily driver.",,https://www.apple.com/iphone-16/specs/; https://www.apple.com/shop/buy-iphone/iphone-16; https://www.gsmarena.com/apple_iphone_16_plus-13316.php; https://www.techspecs.info/apple-iphone-16-plus/,949,USD,113880
Smartphone,Apple,iPhone 16 Plus 512GB,A17 Bionic,6,128,,,0.203,,4200,6.7,1290x2796,60,25,12MP,48MP,"The Apple iPhone 16 Plus 512GB seamlessly blends aesthetics with performance, making it a premium companion for daily tasks. It boasts an impressive architecture featuring the A17 Bionic processor, 6 of memory and a spacious 128.0 of internal storage to comfortably manage multitasking without bottlenecks. The device incorporates a 6.7-inch display featuring a crisp 1290x2796 resolution featuring an ultra-smooth 60.0 refresh rate, making it fantastic for media consumption and creative work. Practicality is further enhanced by a long-lasting 4200.0 battery and a surprisingly light 0.203kg frame, offering an excellent balance of longevity and comfort. Running naturally on a modern operating system, the Apple iPhone 16 Plus 512GB is an outstanding technological investment.",,https://www.apple.com/iphone-16/specs/; https://www.apple.com/shop/buy-iphone/iphone-16; https://www.gsmarena.com/apple_iphone_16_plus-13316.php; https://www.techspecs.info/apple-iphone-16-plus/,999,USD,119880
Smartphone,Apple,iPhone 16 Pro 128GB,A17 Pro,6,1024,,,0.206,,4400,6.1,960x540,120,25,12MP / 4K,50MP + 12MP,"The Apple iPhone 16 Pro 128GB seamlessly blends aesthetics with performance, making it a powerful companion for daily tasks. Furthermore, it is driven by the A17 Pro processor, 6 of memory and a spacious 1024.0 of internal storage, ensuring brisk responsiveness. The device incorporates a 6.1-inch display featuring a crisp 960x540 resolution featuring an ultra-smooth 120.0 refresh rate, making it fantastic for media consumption and creative work. Physical endurance is addressed by a long-lasting 4400.0 battery and a portable chassis weighing 0.206kg, keeping you productive on the go. Running naturally on a modern operating system, the Apple iPhone 16 Pro 128GB is an outstanding technological investment.",,"https://www.apple.com/iphone/compare/?modelList=iphone-16-pro-max,iphone-16-pro,iphone-16; https://www.gsmarena.com/apple_iphone_16_pro-13315.php",999,USD,119880
Smartphone,Apple,iPhone 16 Pro 256GB,A17 Pro,8,1024,,,0.206,,4400,6.1,960x540,120,25,12MP / 4K,50MP + 12MP,"For those seeking reliable technology, the Apple iPhone 16 Pro 256GB stands out as a sophisticated and dependable choice. In terms of hardware, it is powered by the A17 Pro processor, 8 of memory and a spacious 1024.0 of internal storage, ensuring brisk responsiveness. The device incorporates a 6.1-inch display featuring a crisp 960x540 resolution featuring an ultra-smooth 120.0 refresh rate, making it fantastic for media consumption and creative work. It integrates a long-lasting 4400.0 battery and a surprisingly light 0.206kg frame to maximize mobility without sacrificing runtime. Coupled with the intuitive pre-installed environment, the Apple iPhone 16 Pro 256GB hits all the right notes for its category.",,"https://www.apple.com/iphone-16/specs/; https://www.apple.com/iphone/compare/?modelList=iphone-16-pro-max,iphone-16-pro,iphone-16; https://www.gsmarena.com/apple_iphone_16_pro-13315.php",1049,USD,125880
Smartphone,Apple,iPhone 16 Pro 512GB,A17 Pro,8,1024,,,0.206,,4400,6.1,960x540,120,25,12MP / 4K,50MP + 12MP,"The Apple iPhone 16 Pro 512GB seamlessly blends aesthetics with performance, making it a modern companion for daily tasks. Additionally, it is engineered around the A17 Pro processor, 8 of memory and a spacious 1024.0 of internal storage, ensuring brisk responsiveness. Users will appreciate the visual fidelity offered by a 6.1-inch display featuring a crisp 960x540 resolution featuring an ultra-smooth 120.0 refresh rate, perfect for streaming and reading. Practicality is further enhanced by an endurance-focused 4400.0 battery and a portable chassis weighing 0.206kg, offering an excellent balance of longevity and comfort. Ultimately, with its native software at the helm, the Apple iPhone 16 Pro 512GB easily satisfies the rigorous demands of contemporary digital life.",,"https://www.apple.com/iphone/compare/?modelList=iphone-16-pro-max,iphone-16-pro,iphone-16; https://www.gsmarena.com/apple_iphone_16_pro-13315.php",1099,USD,131880
Smartphone,Apple,iPhone 16 Pro Max 128GB,A17 Pro,6,1024,,,0.221,,4500,6.7,960x540,120,25,12MP / 4K,48MP + 12MP,"For those seeking reliable technology, the Apple iPhone 16 Pro Max 128GB stands out as a dynamic and dependable choice. It boasts an impressive architecture featuring the A17 Pro processor, 6 of memory and a spacious 1024.0 of internal storage to comfortably manage multitasking without bottlenecks. Visuals are presented via a 6.7-inch display featuring a crisp 960x540 resolution featuring an ultra-smooth 120.0 refresh rate, which guarantees an immersive viewing experience. It integrates a substantial 4500.0 cell and a surprisingly light 0.221kg frame to maximize mobility without sacrificing runtime. Operating on an efficient OS layer, this configuration positions the Apple iPhone 16 Pro Max 128GB as a highly capable daily driver.",,"https://www.apple.com/iphone/compare/?modelList=iphone-16-pro-max,iphone-16-pro,iphone-16; https://www.apple.com/newsroom/2024/09/apple-debuts-iphone-16-pro-and-iphone-16-pro-max/; https://www.gsmarena.com/apple_iphone_16_pro_max-13123.php",1099,USD,131880
Smartphone,Apple,iPhone 16 Pro Max 256GB,A17 Pro,8,1024,,,0.221,,4500,6.7,960x540,120,25,12MP / 4K,48MP + 12MP,"The Apple iPhone 16 Pro Max 256GB seamlessly blends aesthetics with performance, making it a dynamic companion for daily tasks. It boasts an impressive architecture featuring the A17 Pro processor, 8 of memory and a spacious 1024.0 of internal storage to comfortably manage multitasking without bottlenecks. Its front panel is dominated by a 6.7-inch display featuring a crisp 960x540 resolution featuring an ultra-smooth 120.0 refresh rate, providing vibrant colors and sharp contrasts. For users constantly on the move, it features a substantial 4500.0 cell and a surprisingly light 0.221kg frame. Ultimately, with its native software at the helm, the Apple iPhone 16 Pro Max 256GB easily satisfies the rigorous demands of contemporary digital life.",,"https://www.apple.com/iphone-16/specs/; https://www.apple.com/iphone/compare/?modelList=iphone-16-pro-max,iphone-16; https://www.gsmarena.com/apple_iphone_16_pro_max-13123.php",1199,USD,143880
Smartphone,Apple,iPhone 16 Pro Max 512GB,A17 Pro,8,1024,,,0.221,,4500,6.7,960x540,120,25,12MP / 4K,48MP + 12MP,"The Apple iPhone 16 Pro Max 512GB emerges as a reliable solution designed to elevate your digital experience. The core of its performance lies in the A17 Pro processor, 8 of memory and a spacious 1024.0 of internal storage, allowing users to navigate demanding workflows seamlessly. Visuals are showcased on a 6.7-inch display featuring a crisp 960x540 resolution featuring an ultra-smooth 120.0 refresh rate, which guarantees an immersive viewing experience. It integrates a substantial 4500.0 cell and a surprisingly light 0.221kg frame to maximize mobility without sacrificing runtime. Coupled with the intuitive pre-installed environment, the Apple iPhone 16 Pro Max 512GB hits all the right notes for its category.",,"https://www.apple.com/newsroom/2024/09/apple-debuts-iphone-16-pro-and-iphone-16-pro-max/; https://www.apple.com/iphone/compare/?modelList=iphone-16-pro-max,iphone-16; https://www.gsmarena.com/apple_iphone_16_pro_max-13123.php",1299,USD,155880
Smartphone,Apple,iPhone 15 128GB,A16 Bionic,6,512,,,0.171,,3200,6.1,960x540,120,15,12MP,48MP,"Crafted to meet the demands of modern users, the Apple iPhone 15 128GB is a modern piece of engineering. The core of its performance lies in the A16 Bionic processor, 6 of memory and a spacious 512.0 of internal storage, allowing users to navigate demanding workflows seamlessly. Users will appreciate the visual fidelity offered by a 6.1-inch display featuring a crisp 960x540 resolution featuring an ultra-smooth 120.0 refresh rate, perfect for streaming and reading. For users constantly on the move, it features a long-lasting 3200.0 battery and an overall weight of just 0.171kg. Running naturally on a modern operating system, the Apple iPhone 15 128GB is an outstanding technological investment.",,"https://www.apple.com/iphone/compare/?modelList=iphone-15,iphone-15-pro,iphone-15-plus; https://www.apple.com/newsroom/2023/09/apple-debuts-iphone-15-and-iphone-15-plus/; https://www.gsmarena.com/apple_iphone_15-12559.php",799,USD,95880
Smartphone,Apple,iPhone 15 256GB,A16 Bionic,6,512,,,0.171,,3200,6.1,960x540,120,15,12MP,48MP,"Crafted to meet the demands of modern users, the Apple iPhone 15 256GB is a powerful piece of engineering. System operations are fueled by the A16 Bionic processor, 6 of memory and a spacious 512.0 of internal storage, providing the necessary bandwidth for intensive applications. Its front panel is dominated by a 6.1-inch display featuring a crisp 960x540 resolution featuring an ultra-smooth 120.0 refresh rate, providing vibrant colors and sharp contrasts. It integrates an endurance-focused 3200.0 battery and an overall weight of just 0.171kg to maximize mobility without sacrificing runtime. Operating on an efficient OS layer, this configuration positions the Apple iPhone 15 256GB as a highly capable daily driver.",,"https://www.apple.com/iphone/compare/?modelList=iphone-15,iphone-15-pro,iphone-15-plus; https://www.gsmarena.com/apple_iphone_15-12559.php",849,USD,101880
Smartphone,Apple,iPhone 15 512GB,A16 Bionic,6,512,,,0.171,,3200,6.1,960x540,120,15,12MP,48MP,"Crafted to meet the demands of modern users, the Apple iPhone 15 512GB is a powerful piece of engineering. System operations are fueled by the A16 Bionic processor, 6 of memory and a spacious 512.0 of internal storage, providing the necessary bandwidth for intensive applications. Users will appreciate the visual fidelity offered by a 6.1-inch display featuring a crisp 960x540 resolution featuring an ultra-smooth 120.0 refresh rate, perfect for streaming and reading. Practicality is further enhanced by an endurance-focused 3200.0 battery and a portable chassis weighing 0.171kg, offering an excellent balance of longevity and comfort. Ultimately, with its native software at the helm, the Apple iPhone 15 512GB easily satisfies the rigorous demands of contemporary digital life.",,"https://www.apple.com/iphone/compare/?modelList=iphone-15,iphone-15-pro,iphone-15-plus; https://www.gsmarena.com/apple_iphone_15-12559.php",949,USD,113880
Smartphone,Apple,iPhone 15 Plus 128GB,A16 Bionic,6,512,,,0.203,,4300,6.7,960x540,120,15,12MP,48MP,"Presenting the Apple iPhone 15 Plus 128GB: a versatile device built for uncompromised productivity and entertainment. The core of its performance lies in the A16 Bionic processor, 6 of memory and a spacious 512.0 of internal storage, allowing users to navigate demanding workflows seamlessly. Its front panel is dominated by a 6.7-inch display featuring a crisp 960x540 resolution featuring an ultra-smooth 120.0 refresh rate, providing vibrant colors and sharp contrasts. It integrates a substantial 4300.0 cell and a portable chassis weighing 0.203kg to maximize mobility without sacrificing runtime. Ultimately, with its native software at the helm, the Apple iPhone 15 Plus 128GB easily satisfies the rigorous demands of contemporary digital life.",,"https://www.apple.com/iphone/compare/?modelList=iphone-15,iphone-15-pro,iphone-15-plus; https://www.apple.com/newsroom/2023/09/apple-debuts-iphone-15-and-iphone-15-plus/; https://www.gsmarena.com/apple_iphone_15_plus-12558.php",899,USD,107880
Smartphone,Apple,iPhone 15 Plus 256GB,A16 Bionic,6,512,,,0.203,,4300,6.7,960x540,120,15,12MP,48MP,"Crafted to meet the demands of modern users, the Apple iPhone 15 Plus 256GB is a highly capable piece of engineering. System operations are powered by the A16 Bionic processor, 6 of memory and a spacious 512.0 of internal storage, providing the necessary bandwidth for intensive applications. The device incorporates a 6.7-inch display featuring a crisp 960x540 resolution featuring an ultra-smooth 120.0 refresh rate, making it fantastic for media consumption and creative work. It integrates a substantial 4300.0 cell and an overall weight of just 0.203kg to maximize mobility without sacrificing runtime. Running naturally on a modern operating system, the Apple iPhone 15 Plus 256GB is an outstanding technological investment.",,"https://www.apple.com/iphone/compare/?modelList=iphone-15,iphone-15-pro,iphone-15-plus; https://www.apple.com/newsroom/2023/09/apple-debuts-iphone-15-and-iphone-15-plus/; https://www.gsmarena.com/apple_iphone_15_plus-12558.php",999,USD,119880
Smartphone,Apple,iPhone 15 Plus 512GB,A16 Bionic,6,512,,,0.203,,4300,6.7,960x540,120,15,12MP,48MP,"For those seeking reliable technology, the Apple iPhone 15 Plus 512GB stands out as a versatile and dependable choice. As for its internals, it is driven by the A16 Bionic processor, 6 of memory and a spacious 512.0 of internal storage, ensuring brisk responsiveness. Users will appreciate the visual fidelity offered by a 6.7-inch display featuring a crisp 960x540 resolution featuring an ultra-smooth 120.0 refresh rate, perfect for streaming and reading. It integrates a substantial 4300.0 cell and an overall weight of just 0.203kg to maximize mobility without sacrificing runtime. Coupled with the intuitive pre-installed environment, the Apple iPhone 15 Plus 512GB hits all the right notes for its category.",,"https://www.apple.com/iphone/compare/?modelList=iphone-15,iphone-15-pro,iphone-15-plus; https://www.apple.com/newsroom/2023/09/apple-debuts-iphone-15-and-iphone-15-plus/; https://www.gsmarena.com/apple_iphone_15_plus-12558.php",1049,USD,125880
Smartphone,Apple,iPhone 15 Pro 128GB,A16 Bionic,6,1024,,,0.206,,4400,6.1,1179x2556,120,15,12MP / 4K,48MP + 12MP,"Crafted to meet the demands of modern users, the Apple iPhone 15 Pro 128GB is a powerful piece of engineering. Additionally, it is fueled by the A16 Bionic processor, 6 of memory and a spacious 1024.0 of internal storage, ensuring brisk responsiveness. Its front panel is dominated by a 6.1-inch display featuring a crisp 1179x2556 resolution featuring an ultra-smooth 120.0 refresh rate, providing vibrant colors and sharp contrasts. It integrates a long-lasting 4400.0 battery and an overall weight of just 0.206kg to maximize mobility without sacrificing runtime. Ultimately, with its native software at the helm, the Apple iPhone 15 Pro 128GB easily satisfies the rigorous demands of contemporary digital life.",,https://www.gsmarena.com/apple_iphone_15_pro-12557.php,1099,USD,131880
Smartphone,Apple,iPhone 15 Pro 256GB,A16 Bionic,8,1024,,,0.206,,4400,6.1,960x540,120,15,12MP / 4K,48MP + 12MP,"The Apple iPhone 15 Pro 256GB emerges as a feature-rich solution designed to elevate your digital experience. As for its internals, it is driven by the A16 Bionic processor, 8 of memory and a spacious 1024.0 of internal storage, ensuring brisk responsiveness. Its front panel is dominated by a 6.1-inch display featuring a crisp 960x540 resolution featuring an ultra-smooth 120.0 refresh rate, providing vibrant colors and sharp contrasts. Physical endurance is addressed by a long-lasting 4400.0 battery and a surprisingly light 0.206kg frame, keeping you productive on the go. Ultimately, with its native software at the helm, the Apple iPhone 15 Pro 256GB easily satisfies the rigorous demands of contemporary digital life.",,"https://www.apple.com/iphone/compare/?modelList=iphone-15,iphone-15-pro,iphone-15-plus; https://www.apple.com/newsroom/2023/09/apple-unveils-iphone-15-pro-and-iphone-15-pro-max/; https://www.gsmarena.com/apple_iphone_15_pro-12557.php",1199,USD,143880
Smartphone,Apple,iPhone 15 Pro 512GB,A16 Bionic,8,1024,,,0.206,,4400,6.1,960x540,120,15,12MP / 4K,48MP + 12MP,"Presenting the Apple iPhone 15 Pro 512GB: a premium device built for uncompromised productivity and entertainment. As for its internals, it is equipped with the A16 Bionic processor, 8 of memory and a spacious 1024.0 of internal storage, ensuring brisk responsiveness. The device incorporates a 6.1-inch display featuring a crisp 960x540 resolution featuring an ultra-smooth 120.0 refresh rate, making it fantastic for media consumption and creative work. Practicality is further enhanced by a long-lasting 4400.0 battery and a surprisingly light 0.206kg frame, offering an excellent balance of longevity and comfort. Ultimately, with its native software at the helm, the Apple iPhone 15 Pro 512GB easily satisfies the rigorous demands of contemporary digital life.",,"https://www.apple.com/iphone/compare/?modelList=iphone-15,iphone-15-pro,iphone-15-plus; https://www.apple.com/newsroom/2023/09/apple-unveils-iphone-15-pro-and-iphone-15-pro-max/; https://www.gsmarena.com/apple_iphone_15_pro-12557.php",1299,USD,155880
Smartphone,Apple,iPhone 15 Pro Max 128GB,A16 Bionic,6,1024,,,0.221,,4500,6.7,960x540,120,15,12MP / 4K,48MP + 12MP,"Crafted to meet the demands of modern users, the Apple iPhone 15 Pro Max 128GB is a modern piece of engineering. The core of its performance lies in the A16 Bionic processor, 6 of memory and a spacious 1024.0 of internal storage, allowing users to navigate demanding workflows seamlessly. Users will appreciate the visual fidelity offered by a 6.7-inch display featuring a crisp 960x540 resolution featuring an ultra-smooth 120.0 refresh rate, perfect for streaming and reading. Practicality is further enhanced by a substantial 4500.0 cell and an overall weight of just 0.221kg, offering an excellent balance of longevity and comfort. Ultimately, with its native software at the helm, the Apple iPhone 15 Pro Max 128GB easily satisfies the rigorous demands of contemporary digital life.",,"https://www.apple.com/iphone/compare/?modelList=iphone-15-pro-max,iphone-15-pro,iphone-15-plus; https://www.apple.com/newsroom/2023/09/apple-unveils-iphone-15-pro-and-iphone-15-pro-max/; https://www.techspecs.info/apple-iphone-15-pro-max/",1199,USD,143880
Smartphone,Apple,iPhone 15 Pro Max 256GB,A16 Bionic,8,256,,,0.221,,4500,6.7,1290x2796,120,15,12MP / 4K,48MP + 12MP,"Presenting the Apple iPhone 15 Pro Max 256GB: a powerful device built for uncompromised productivity and entertainment. It boasts an impressive architecture featuring the A16 Bionic processor, 8 of memory and a spacious 256.0 of internal storage to comfortably manage multitasking without bottlenecks. The device incorporates a 6.7-inch display featuring a crisp 1290x2796 resolution featuring an ultra-smooth 120.0 refresh rate, making it fantastic for media consumption and creative work. It integrates a substantial 4500.0 cell and an overall weight of just 0.221kg to maximize mobility without sacrificing runtime. Ultimately, with its native software at the helm, the Apple iPhone 15 Pro Max 256GB easily satisfies the rigorous demands of contemporary digital life.",,https://www.techspecs.info/apple-iphone-15-pro-max/,1299,USD,155880
Smartphone,Apple,iPhone 15 Pro Max 512GB,A16 Bionic,8,1024,,,0.221,,4500,6.7,960x540,120,15,12MP / 4K,48MP + 12MP,"Crafted to meet the demands of modern users, the Apple iPhone 15 Pro Max 512GB is a dynamic piece of engineering. It boasts an impressive architecture featuring the A16 Bionic processor, 8 of memory and a spacious 1024.0 of internal storage to comfortably manage multitasking without bottlenecks. Users will appreciate the visual fidelity offered by a 6.7-inch display featuring a crisp 960x540 resolution featuring an ultra-smooth 120.0 refresh rate, perfect for streaming and reading. Practicality is further enhanced by a long-lasting 4500.0 battery and a portable chassis weighing 0.221kg, offering an excellent balance of longevity and comfort. Running naturally on a modern operating system, the Apple iPhone 15 Pro Max 512GB is an outstanding technological investment.",,"https://www.apple.com/iphone/compare/?modelList=iphone-15-pro-max,iphone-15-pro,iphone-15-plus; https://www.apple.com/newsroom/2023/09/apple-unveils-iphone-15-pro-and-iphone-15-pro-max/; https://www.techspecs.info/apple-iphone-15-pro-max/",1399,USD,167880
Smartphone,Apple,iPhone 14 128GB,A15 Bionic,6,512,,,0.172,,3200,6.1,960x540,120,20,12MP,12MP + 12MP,"Presenting the Apple iPhone 14 128GB: a premium device built for uncompromised productivity and entertainment. System operations are equipped with the A15 Bionic processor, 6 of memory and a spacious 512.0 of internal storage, providing the necessary bandwidth for intensive applications. The device incorporates a 6.1-inch display featuring a crisp 960x540 resolution featuring an ultra-smooth 120.0 refresh rate, making it fantastic for media consumption and creative work. Practicality is further enhanced by a long-lasting 3200.0 battery and a surprisingly light 0.172kg frame, offering an excellent balance of longevity and comfort. Ultimately, with its native software at the helm, the Apple iPhone 14 128GB easily satisfies the rigorous demands of contemporary digital life.",,"https://www.apple.com/iphone/compare/?modelList=iphone-14,iphone-14-plus; https://www.apple.com/newsroom/2022/09/apple-introduces-iphone-14-and-iphone-14-plus/; https://www.phonemore.com/specs/apple/iphone-14/128gb/",799,USD,95880
Smartphone,Apple,iPhone 14 256GB,A15 Bionic,6,512,,,0.172,,3200,6.1,960x540,120,15,12MP,12MP + 12MP,"Crafted to meet the demands of modern users, the Apple iPhone 14 256GB is a dynamic piece of engineering. In terms of hardware, it is engineered around the A15 Bionic processor, 6 of memory and a spacious 512.0 of internal storage, ensuring brisk responsiveness. The device incorporates a 6.1-inch display featuring a crisp 960x540 resolution featuring an ultra-smooth 120.0 refresh rate, making it fantastic for media consumption and creative work. For users constantly on the move, it features a substantial 3200.0 cell and a portable chassis weighing 0.172kg. Operating on an efficient OS layer, this configuration positions the Apple iPhone 14 256GB as a highly capable daily driver.",,"https://www.apple.com/iphone/compare/?modelList=iphone-14,iphone-14-plus,iphone-14-pro; https://www.apple.com/newsroom/2022/09/apple-introduces-iphone-14-and-iphone-14-plus/; https://www.techspecs.info/apple-iphone-14/",849,USD,101880
Smartphone,Apple,iPhone 14 512GB,A15 Bionic,6,512,,,0.172,,3200,6.1,960x540,,,12MP,12MP + 12MP,"The Apple iPhone 14 512GB emerges as a modern solution designed to elevate your digital experience. In terms of hardware, it is fueled by the A15 Bionic processor, 6 of memory and a spacious 512.0 of internal storage, ensuring brisk responsiveness. Users will appreciate the visual fidelity offered by a 6.1-inch display featuring a crisp 960x540 resolution, perfect for streaming and reading. For users constantly on the move, it features a long-lasting 3200.0 battery and an overall weight of just 0.172kg. Coupled with the intuitive pre-installed environment, the Apple iPhone 14 512GB hits all the right notes for its category.",,https://www.apple.com/newsroom/2022/09/apple-introduces-iphone-14-and-iphone-14-plus/; https://www.apple.com/iphone/,949,USD,113880
Smartphone,Apple,iPhone 14 Plus 128GB,A15 Bionic,6,512,,,0.203,,4325,6.7,960x540,120,15,12MP,12MP + 12MP,"The Apple iPhone 14 Plus 128GB emerges as a modern solution designed to elevate your digital experience. System operations are driven by the A15 Bionic processor, 6 of memory and a spacious 512.0 of internal storage, providing the necessary bandwidth for intensive applications. Users will appreciate the visual fidelity offered by a 6.7-inch display featuring a crisp 960x540 resolution featuring an ultra-smooth 120.0 refresh rate, perfect for streaming and reading. Physical endurance is addressed by an endurance-focused 4325.0 battery and an overall weight of just 0.203kg, keeping you productive on the go. Ultimately, with its native software at the helm, the Apple iPhone 14 Plus 128GB easily satisfies the rigorous demands of contemporary digital life.",,"https://www.apple.com/iphone/compare/?modelList=iphone-14,iphone-14-plus; https://www.apple.com/newsroom/2022/09/apple-introduces-iphone-14-and-iphone-14-plus/; https://www.techspecs.info/apple-iphone-14-plus/",899,USD,107880
Smartphone,Apple,iPhone 14 Plus 256GB,A15 Bionic,6,512,,,0.203,,4325,6.7,960x540,120,15,12MP,12MP + 12MP,"Crafted to meet the demands of modern users, the Apple iPhone 14 Plus 256GB is a powerful piece of engineering. System operations are fueled by the A15 Bionic processor, 6 of memory and a spacious 512.0 of internal storage, providing the necessary bandwidth for intensive applications. Users will appreciate the visual fidelity offered by a 6.7-inch display featuring a crisp 960x540 resolution featuring an ultra-smooth 120.0 refresh rate, perfect for streaming and reading. It integrates a substantial 4325.0 cell and a portable chassis weighing 0.203kg to maximize mobility without sacrificing runtime. Ultimately, with its native software at the helm, the Apple iPhone 14 Plus 256GB easily satisfies the rigorous demands of contemporary digital life.",,"https://www.apple.com/iphone/compare/?modelList=iphone-14,iphone-14-plus; https://www.apple.com/newsroom/2022/09/apple-introduces-iphone-14-and-iphone-14-plus/; https://phonespecs.net/specs/apple_iphone_14_plus-11862.html",999,USD,119880
Smartphone,Apple,iPhone 14 Plus 512GB,A15 Bionic,6,512,,,0.203,,4325,6.7,960x540,120,15,12MP,12MP + 12MP,"The Apple iPhone 14 Plus 512GB emerges as a highly capable solution designed to elevate your digital experience. It boasts an impressive architecture featuring the A15 Bionic processor, 6 of memory and a spacious 512.0 of internal storage to comfortably manage multitasking without bottlenecks. The device incorporates a 6.7-inch display featuring a crisp 960x540 resolution featuring an ultra-smooth 120.0 refresh rate, making it fantastic for media consumption and creative work. Physical endurance is addressed by an endurance-focused 4325.0 battery and a portable chassis weighing 0.203kg, keeping you productive on the go. Ultimately, with its native software at the helm, the Apple iPhone 14 Plus 512GB easily satisfies the rigorous demands of contemporary digital life.",,"https://www.apple.com/iphone/compare/?modelList=iphone-14,iphone-14-plus; https://www.apple.com/newsroom/2022/09/apple-introduces-iphone-14-and-iphone-14-plus/; https://everymac.com/systems/apple/iphone/specs/apple-iphone-14-plus-global-a2886-specs.html; https://specsinsight.com/apple-iphone-14-plus/",1049,USD,125880
Smartphone,Apple,iPhone 14 Pro 128GB,A16 Bionic,6,1024,,,0.206,,4200,6.1,960x540,120,15,12MP / 4K,48MP + 12MP,"Crafted to meet the demands of modern users, the Apple iPhone 14 Pro 128GB is a powerful piece of engineering. System operations are equipped with the A16 Bionic processor, 6 of memory and a spacious 1024.0 of internal storage, providing the necessary bandwidth for intensive applications. Visuals are showcased on a 6.1-inch display featuring a crisp 960x540 resolution featuring an ultra-smooth 120.0 refresh rate, which guarantees an immersive viewing experience. For users constantly on the move, it features a long-lasting 4200.0 battery and an overall weight of just 0.206kg. Running naturally on a modern operating system, the Apple iPhone 14 Pro 128GB is an outstanding technological investment.",,"https://www.apple.com/iphone/compare/?modelList=iphone-14,iphone-14-pro; https://www.apple.com/newsroom/2022/09/apple-debuts-iphone-14-pro-and-iphone-14-pro-max/; https://www.techspecs.info/apple-iphone-14-pro/",1099,USD,131880
Smartphone,Apple,iPhone 14 Pro 256GB,A16 Bionic,8,1024,,,0.206,,4200,6.1,960x540,120,,12MP / 4K,48MP + 12MP,"Presenting the Apple iPhone 14 Pro 256GB: a highly capable device built for uncompromised productivity and entertainment. Additionally, it is driven by the A16 Bionic processor, 8 of memory and a spacious 1024.0 of internal storage, ensuring brisk responsiveness. Its front panel is dominated by a 6.1-inch display featuring a crisp 960x540 resolution featuring an ultra-smooth 120.0 refresh rate, providing vibrant colors and sharp contrasts. For users constantly on the move, it features an endurance-focused 4200.0 battery and a portable chassis weighing 0.206kg. Coupled with the intuitive pre-installed environment, the Apple iPhone 14 Pro 256GB hits all the right notes for its category.",,"https://www.apple.com/iphone/compare/?modelList=iphone-14,iphone-14-plus,iphone-14-pro; https://www.apple.com/newsroom/2022/09/apple-debuts-iphone-14-pro-and-iphone-14-pro-max/; https://www.cellsarena.com/phones/apple/apple-iphone-14-pro/specs",1199,USD,143880
Smartphone,Apple,iPhone 14 Pro 512GB,A16 Bionic,8,1024,,,0.206,,4200,6.1,960x540,120,20,12MP / 4K,48MP + 12MP,"Crafted to meet the demands of modern users, the Apple iPhone 14 Pro 512GB is a sophisticated piece of engineering. The core of its performance lies in the A16 Bionic processor, 8 of memory and a spacious 1024.0 of internal storage, allowing users to navigate demanding workflows seamlessly. Visuals are rendered on a 6.1-inch display featuring a crisp 960x540 resolution featuring an ultra-smooth 120.0 refresh rate, which guarantees an immersive viewing experience. Practicality is further enhanced by an endurance-focused 4200.0 battery and a surprisingly light 0.206kg frame, offering an excellent balance of longevity and comfort. Operating on an efficient OS layer, this configuration positions the Apple iPhone 14 Pro 512GB as a highly capable daily driver.",,"https://www.apple.com/newsroom/2022/09/apple-debuts-iphone-14-pro-and-iphone-14-pro-max/; https://www.apple.com/iphone/compare/?modelList=iphone-14-pro,iphone-14; https://www.phonemore.com/specs/apple/iphone-14-pro/512gb/",1299,USD,155880
Smartphone,Apple,iPhone 14 Pro Max 128GB,A16 Bionic,6,1024,,,0.221,,4500,6.7,960x540,120,15,12MP / 4K,48MP + 12MP,"Presenting the Apple iPhone 14 Pro Max 128GB: a reliable device built for uncompromised productivity and entertainment. System operations are equipped with the A16 Bionic processor, 6 of memory and a spacious 1024.0 of internal storage, providing the necessary bandwidth for intensive applications. Its front panel is dominated by a 6.7-inch display featuring a crisp 960x540 resolution featuring an ultra-smooth 120.0 refresh rate, providing vibrant colors and sharp contrasts. Practicality is further enhanced by a substantial 4500.0 cell and an overall weight of just 0.221kg, offering an excellent balance of longevity and comfort. Ultimately, with its native software at the helm, the Apple iPhone 14 Pro Max 128GB easily satisfies the rigorous demands of contemporary digital life.",,"https://www.apple.com/iphone/compare/?modelList=iphone-14-pro-max,iphone-14-pro; https://www.apple.com/newsroom/2022/09/apple-debuts-iphone-14-pro-and-iphone-14-pro-max/; https://phonespecs.net/specs/apple_iphone_14_pro_max-11773.html",1199,USD,143880
Smartphone,Apple,iPhone 14 Pro Max 256GB,A16 Bionic,8,1024,,,0.221,,4500,6.7,960x540,120,15,12MP / 4K,48MP + 12MP,"For those seeking reliable technology, the Apple iPhone 14 Pro Max 256GB stands out as a dynamic and dependable choice. The core of its performance lies in the A16 Bionic processor, 8 of memory and a spacious 1024.0 of internal storage, allowing users to navigate demanding workflows seamlessly. Users will appreciate the visual fidelity offered by a 6.7-inch display featuring a crisp 960x540 resolution featuring an ultra-smooth 120.0 refresh rate, perfect for streaming and reading. For users constantly on the move, it features a substantial 4500.0 cell and a portable chassis weighing 0.221kg. Running naturally on a modern operating system, the Apple iPhone 14 Pro Max 256GB is an outstanding technological investment.",,"https://www.apple.com/iphone/compare/?modelList=iphone-14-pro-max,iphone-14-pro; https://www.apple.com/newsroom/2022/09/apple-debuts-iphone-14-pro-and-iphone-14-pro-max/; https://phonespecs.net/specs/apple_iphone_14_pro_max-11773.html",1299,USD,155880
Smartphone,Apple,iPhone 14 Pro Max 512GB,A16 Bionic,8,1024,,,0.221,,4500,6.7,960x540,120,15,12MP / 4K,48MP + 12MP,"Presenting the Apple iPhone 14 Pro Max 512GB: a sophisticated device built for uncompromised productivity and entertainment. System operations are fueled by the A16 Bionic processor, 8 of memory and a spacious 1024.0 of internal storage, providing the necessary bandwidth for intensive applications. Visuals are rendered on a 6.7-inch display featuring a crisp 960x540 resolution featuring an ultra-smooth 120.0 refresh rate, which guarantees an immersive viewing experience. It integrates a substantial 4500.0 cell and an overall weight of just 0.221kg to maximize mobility without sacrificing runtime. Running naturally on a modern operating system, the Apple iPhone 14 Pro Max 512GB is an outstanding technological investment.",,"https://www.apple.com/iphone/compare/?modelList=iphone-14-pro-max,iphone-14-pro,iphone-14; https://www.apple.com/newsroom/2022/09/apple-debuts-iphone-14-pro-and-iphone-14-pro-max/; https://phonespecs.net/specs/apple_iphone_14_pro_max-11773.html",1399,USD,167880
Smartphone,Apple,iPhone 13 mini 128GB,A15 Bionic,4,128,,,0.14,,2438,5.4,960x540,120,15,12MP,12MP,"For those seeking reliable technology, the Apple iPhone 13 mini 128GB stands out as a modern and dependable choice. Under the hood, it is equipped with the A15 Bionic processor, 4 of memory and a spacious 128.0 of internal storage, ensuring brisk responsiveness. The device incorporates a 5.4-inch display featuring a crisp 960x540 resolution featuring an ultra-smooth 120.0 refresh rate, making it fantastic for media consumption and creative work. For users constantly on the move, it features a substantial 2438.0 cell and a portable chassis weighing 0.14kg. Operating on an efficient OS layer, this configuration positions the Apple iPhone 13 mini 128GB as a highly capable daily driver.",,"https://www.apple.com/iphone/compare/?modelList=iphone-13,iphone-13-mini; https://www.techspecs.info/apple-iphone-13-mini/",699,USD,83880
Smartphone,Apple,iPhone 13 mini 256GB,A15 Bionic,4,512,,,0.14,,2438,5.4,960x540,120,18,12MP,12MP,"The Apple iPhone 13 mini 256GB seamlessly blends aesthetics with performance, making it a dynamic companion for daily tasks. It boasts an impressive architecture featuring the A15 Bionic processor, 4 of memory and a spacious 512.0 of internal storage to comfortably manage multitasking without bottlenecks. Visuals are rendered on a 5.4-inch display featuring a crisp 960x540 resolution featuring an ultra-smooth 120.0 refresh rate, which guarantees an immersive viewing experience. For users constantly on the move, it features a substantial 2438.0 cell and a portable chassis weighing 0.14kg. Ultimately, with its native software at the helm, the Apple iPhone 13 mini 256GB easily satisfies the rigorous demands of contemporary digital life.",,"https://www.apple.com/newsroom/2021/09/apple-introduces-iphone-13-and-iphone-13-mini/; https://www.apple.com/iphone/compare/?modelList=iphone-13-mini,iphone-13; https://phonesdata.com/en/smartphones/apple/iphone-13-mini-5461222/; https://www.cellsarena.com/phones/apple/apple-iphone-13-mini/specs; https://www.phonemore.com/specs/apple/iphone-13-mini/256gb/",799,USD,95880
Smartphone,Apple,iPhone 13 mini 512GB,A15 Bionic,4,512,,,0.14,,2438,5.4,960x540,120,,12MP,12MP,"Crafted to meet the demands of modern users, the Apple iPhone 13 mini 512GB is a premium piece of engineering. It boasts an impressive architecture featuring the A15 Bionic processor, 4 of memory and a spacious 512.0 of internal storage to comfortably manage multitasking without bottlenecks. Its front panel is dominated by a 5.4-inch display featuring a crisp 960x540 resolution featuring an ultra-smooth 120.0 refresh rate, providing vibrant colors and sharp contrasts. Physical endurance is addressed by a long-lasting 2438.0 battery and an overall weight of just 0.14kg, keeping you productive on the go. Operating on an efficient OS layer, this configuration positions the Apple iPhone 13 mini 512GB as a highly capable daily driver.",,"https://www.apple.com/iphone/compare/?modelList=iphone-13-mini,iphone-13; https://www.cellsarena.com/phones/apple/apple-iphone-13-mini/specs",899,USD,107880
Smartphone,Apple,iPhone 13 128GB,A15 Bionic,4,,,,,,3240,6.1,960x540,120,,12MP,12MP + 12MP,"Crafted to meet the demands of modern users, the Apple iPhone 13 128GB is a dynamic piece of engineering. System operations are equipped with the A15 Bionic processor and 4 of memory, providing the necessary bandwidth for intensive applications. Users will appreciate the visual fidelity offered by a 6.1-inch display featuring a crisp 960x540 resolution featuring an ultra-smooth 120.0 refresh rate, perfect for streaming and reading. It integrates an endurance-focused 3240.0 battery to maximize mobility without sacrificing runtime. Running naturally on a modern operating system, the Apple iPhone 13 128GB is an outstanding technological investment.",,"https://www.apple.com/newsroom/2021/09/apple-introduces-iphone-13-and-iphone-13-mini/; https://www.apple.com/iphone/compare/?modelList=iphone-13,iphone-13-pro",799,USD,95880
Smartphone,Apple,iPhone 13 256GB,A15 Bionic,4,512,,,,,3240,6.1,960x540,120,20,12MP,12MP + 12MP,"The Apple iPhone 13 256GB seamlessly blends aesthetics with performance, making it a premium companion for daily tasks. It boasts an impressive architecture featuring the A15 Bionic processor, 4 of memory and a spacious 512.0 of internal storage to comfortably manage multitasking without bottlenecks. Visuals are rendered on a 6.1-inch display featuring a crisp 960x540 resolution featuring an ultra-smooth 120.0 refresh rate, which guarantees an immersive viewing experience. Physical endurance is addressed by a long-lasting 3240.0 battery, keeping you productive on the go. Operating on an efficient OS layer, this configuration positions the Apple iPhone 13 256GB as a highly capable daily driver.",,"https://www.apple.com/iphone/compare/?modelList=iphone-13,iphone-13-pro; https://www.phonemore.com/specs/apple/iphone-13/256gb/; https://specsinsight.com/apple-iphone-13/",899,USD,107880
Smartphone,Apple,iPhone 13 512GB,A15 Bionic,4,512,,,,,3240,6.1,960x540,120,15,12MP,12MP + 12MP,"The Apple iPhone 13 512GB seamlessly blends aesthetics with performance, making it a modern companion for daily tasks. As for its internals, it is driven by the A15 Bionic processor, 4 of memory and a spacious 512.0 of internal storage, ensuring brisk responsiveness. Its front panel is dominated by a 6.1-inch display featuring a crisp 960x540 resolution featuring an ultra-smooth 120.0 refresh rate, providing vibrant colors and sharp contrasts. Practicality is further enhanced by a long-lasting 3240.0 battery, offering an excellent balance of longevity and comfort. Running naturally on a modern operating system, the Apple iPhone 13 512GB is an outstanding technological investment.",,"https://www.apple.com/iphone/compare/?modelList=iphone-13,iphone-13-pro; https://everymac.com/systems/apple/iphone/specs/apple-iphone-13-global-a2633-specs.html; https://specsinsight.com/apple-iphone-13/",999,USD,119880
Smartphone,Apple,iPhone 13 Pro 128GB,A15 Bionic,6,1024,,,,,3095,6.1,960x540,120,,12MP / 4K,12MP + 12MP + 12MP,"For those seeking reliable technology, the Apple iPhone 13 Pro 128GB stands out as a premium and dependable choice. The core of its performance lies in the A15 Bionic processor, 6 of memory and a spacious 1024.0 of internal storage, allowing users to navigate demanding workflows seamlessly. Users will appreciate the visual fidelity offered by a 6.1-inch display featuring a crisp 960x540 resolution featuring an ultra-smooth 120.0 refresh rate, perfect for streaming and reading. For users constantly on the move, it features a substantial 3095.0 cell. Operating on an efficient OS layer, this configuration positions the Apple iPhone 13 Pro 128GB as a highly capable daily driver.",,"https://www.apple.com/iphone/compare/?modelList=iphone-13,iphone-13-pro,iphone-12; https://www.apple.com/newsroom/2021/09/apple-unveils-iphone-13-pro-and-iphone-13-pro-max-more-pro-than-ever-before/",999,USD,119880
Smartphone,Apple,iPhone 13 Pro 256GB,A15 Bionic,6,128,,,,,3095,6.1,960x540,120,20,12MP / 4K,12MP + 12MP + 12MP,"For those seeking reliable technology, the Apple iPhone 13 Pro 256GB stands out as a modern and dependable choice. It boasts an impressive architecture featuring the A15 Bionic processor, 6 of memory and a spacious 128.0 of internal storage to comfortably manage multitasking without bottlenecks. Visuals are showcased on a 6.1-inch display featuring a crisp 960x540 resolution featuring an ultra-smooth 120.0 refresh rate, which guarantees an immersive viewing experience. For users constantly on the move, it features an endurance-focused 3095.0 battery. Operating on an efficient OS layer, this configuration positions the Apple iPhone 13 Pro 256GB as a highly capable daily driver.",,"https://www.apple.com/iphone/compare/?modelList=iphone-13,iphone-13-pro; https://www.mobiledokan.com/mobile/apple-iphone-13-pro-256gb; https://www.productindetail.com/pm/apple-iphone-13-pro-256-gb; https://www.phonemore.com/specs/apple/iphone-13-pro/256gb/",1099,USD,131880
Smartphone,Apple,iPhone 13 Pro 512GB,A15 Bionic,6,1024,,,,,3095,6.1,960x540,120,,12MP / 4K,12MP + 12MP + 12MP,"The Apple iPhone 13 Pro 512GB emerges as a versatile solution designed to elevate your digital experience. As for its internals, it is engineered around the A15 Bionic processor, 6 of memory and a spacious 1024.0 of internal storage, ensuring brisk responsiveness. Users will appreciate the visual fidelity offered by a 6.1-inch display featuring a crisp 960x540 resolution featuring an ultra-smooth 120.0 refresh rate, perfect for streaming and reading. For users constantly on the move, it features an endurance-focused 3095.0 battery. Running naturally on a modern operating system, the Apple iPhone 13 Pro 512GB is an outstanding technological investment.",,"https://www.apple.com/iphone/compare/?modelList=iphone-13,iphone-13-pro; https://www.apple.com/newsroom/2021/09/apple-unveils-iphone-13-pro-and-iphone-13-pro-max-more-pro-than-ever-before/",1199,USD,143880
Smartphone,Apple,iPhone 13 Pro Max 128GB,A15 Bionic,6,,,,0.238,,4352,6.7,960x540,120,,12MP / 4K,12MP + 12MP + 12MP,"The Apple iPhone 13 Pro Max 128GB emerges as a premium solution designed to elevate your digital experience. Furthermore, it is engineered around the A15 Bionic processor and 6 of memory, ensuring brisk responsiveness. Its front panel is dominated by a 6.7-inch display featuring a crisp 960x540 resolution featuring an ultra-smooth 120.0 refresh rate, providing vibrant colors and sharp contrasts. For users constantly on the move, it features a long-lasting 4352.0 battery and a portable chassis weighing 0.238kg. Running naturally on a modern operating system, the Apple iPhone 13 Pro Max 128GB is an outstanding technological investment.",,"https://www.apple.com/iphone/compare/?modelList=iphone-13-pro,iphone-13,iphone-13-pro-max; https://www.gsmarena.com.bd/specs/apple-iphone-13-pro-max/",1099,USD,131880
Smartphone,Apple,iPhone 13 Pro Max 256GB,A15 Bionic,6,1024,,,0.238,,4352,6.7,960x540,120,,12MP / 4K,12MP + 12MP + 12MP,"The Apple iPhone 13 Pro Max 256GB emerges as a modern solution designed to elevate your digital experience. The core of its performance lies in the A15 Bionic processor, 6 of memory and a spacious 1024.0 of internal storage, allowing users to navigate demanding workflows seamlessly. Visuals are delivered through a 6.7-inch display featuring a crisp 960x540 resolution featuring an ultra-smooth 120.0 refresh rate, which guarantees an immersive viewing experience. For users constantly on the move, it features a long-lasting 4352.0 battery and an overall weight of just 0.238kg. Operating on an efficient OS layer, this configuration positions the Apple iPhone 13 Pro Max 256GB as a highly capable daily driver.",,"https://www.apple.com/iphone/compare/?modelList=iphone-13-pro-max,iphone-13-pro; https://phonesdata.com/en/smartphones/apple/iphone-13-pro-max-5461223/; https://www.cellsarena.com/phones/apple/apple-iphone-13-pro-max/specs",1199,USD,143880
Smartphone,Apple,iPhone 13 Pro Max 512GB,A15 Bionic,6,512,,,0.238,,4352,6.7,960x540,120,,12MP / 4K,12MP + 12MP + 12MP,"Presenting the Apple iPhone 13 Pro Max 512GB: a sophisticated device built for uncompromised productivity and entertainment. System operations are powered by the A15 Bionic processor, 6 of memory and a spacious 512.0 of internal storage, providing the necessary bandwidth for intensive applications. Its front panel is dominated by a 6.7-inch display featuring a crisp 960x540 resolution featuring an ultra-smooth 120.0 refresh rate, providing vibrant colors and sharp contrasts. For users constantly on the move, it features an endurance-focused 4352.0 battery and an overall weight of just 0.238kg. Ultimately, with its native software at the helm, the Apple iPhone 13 Pro Max 512GB easily satisfies the rigorous demands of contemporary digital life.",,"https://www.apple.com/iphone/compare/?modelList=iphone-13-pro,iphone-13,iphone-13-pro-max; https://phonesdata.com/en/smartphones/apple/iphone-13-pro-max-5461223/; https://www.mobosdata.com/phone/apple-iphone-13-pro-max/",1399,USD,167880
Smartphone,Apple,iPhone 12 mini 64GB,A14 Bionic,4,64,,,,,2227,5.4,960x540,120,15,12MP,12MP,"The Apple iPhone 12 mini 64GB seamlessly blends aesthetics with performance, making it a modern companion for daily tasks. System operations are driven by the A14 Bionic processor, 4 of memory and a spacious 64.0 of internal storage, providing the necessary bandwidth for intensive applications. Visuals are showcased on a 5.4-inch display featuring a crisp 960x540 resolution featuring an ultra-smooth 120.0 refresh rate, which guarantees an immersive viewing experience. For users constantly on the move, it features an endurance-focused 2227.0 battery. Coupled with the intuitive pre-installed environment, the Apple iPhone 12 mini 64GB hits all the right notes for its category.",,"https://www.apple.com/iphone/compare/?modelList=iphone-12-mini,iphone-12; https://www.techspecs.info/apple-iphone-12-mini/",699,USD,83880
Smartphone,Apple,iPhone 12 mini 128GB,A14 Bionic,4,,,,,,2227,5.4,960x540,120,,12MP,12MP,"The Apple iPhone 12 mini 128GB seamlessly blends aesthetics with performance, making it a sophisticated companion for daily tasks. It boasts an impressive architecture featuring the A14 Bionic processor and 4 of memory to comfortably manage multitasking without bottlenecks. Visuals are showcased on a 5.4-inch display featuring a crisp 960x540 resolution featuring an ultra-smooth 120.0 refresh rate, which guarantees an immersive viewing experience. It integrates a substantial 2227.0 cell to maximize mobility without sacrificing runtime. Ultimately, with its native software at the helm, the Apple iPhone 12 mini 128GB easily satisfies the rigorous demands of contemporary digital life.",,"https://www.apple.com/iphone/compare/?modelList=iphone-12-mini,iphone-12",799,USD,95880
Smartphone,Apple,iPhone 12 mini 256GB,A14 Bionic,4,,,,,,2227,5.4,960x540,120,,12MP,12MP,"Presenting the Apple iPhone 12 mini 256GB: a highly capable device built for uncompromised productivity and entertainment. It boasts an impressive architecture featuring the A14 Bionic processor and 4 of memory to comfortably manage multitasking without bottlenecks. Users will appreciate the visual fidelity offered by a 5.4-inch display featuring a crisp 960x540 resolution featuring an ultra-smooth 120.0 refresh rate, perfect for streaming and reading. Physical endurance is addressed by an endurance-focused 2227.0 battery, keeping you productive on the go. Operating on an efficient OS layer, this configuration positions the Apple iPhone 12 mini 256GB as a highly capable daily driver.",,"https://www.apple.com/iphone/compare/?modelList=iphone-12-mini,iphone-12; https://everymac.com/systems/apple/iphone/specs/apple-iphone-12-mini-united-states-a2176-specs.html",899,USD,107880
Smartphone,Apple,iPhone 12 64GB,A14 Bionic,4,64,,,,,2815,6.1,960x540,120,15,12MP,12MP + 12MP,"Presenting the Apple iPhone 12 64GB: a reliable device built for uncompromised productivity and entertainment. It boasts an impressive architecture featuring the A14 Bionic processor, 4 of memory and a spacious 64.0 of internal storage to comfortably manage multitasking without bottlenecks. Its front panel is dominated by a 6.1-inch display featuring a crisp 960x540 resolution featuring an ultra-smooth 120.0 refresh rate, providing vibrant colors and sharp contrasts. For users constantly on the move, it features an endurance-focused 2815.0 battery. Running naturally on a modern operating system, the Apple iPhone 12 64GB is an outstanding technological investment.",,"https://www.apple.com/ph/iphone/compare/?modelList=iphone-12,iphone-12-pro,iphone-12-mini; https://www.techspecs.info/apple-iphone-12/",799,USD,95880
Smartphone,Apple,iPhone 12 128GB,A14 Bionic,4,64,,,,,2815,6.1,960x540,120,15,12MP,12MP + 12MP,"Crafted to meet the demands of modern users, the Apple iPhone 12 128GB is a dynamic piece of engineering. It boasts an impressive architecture featuring the A14 Bionic processor, 4 of memory and a spacious 64.0 of internal storage to comfortably manage multitasking without bottlenecks. Its front panel is dominated by a 6.1-inch display featuring a crisp 960x540 resolution featuring an ultra-smooth 120.0 refresh rate, providing vibrant colors and sharp contrasts. Practicality is further enhanced by an endurance-focused 2815.0 battery, offering an excellent balance of longevity and comfort. Coupled with the intuitive pre-installed environment, the Apple iPhone 12 128GB hits all the right notes for its category.",,"https://www.apple.com/ph/iphone/compare/?modelList=iphone-12,iphone-12-pro,iphone-12-mini; https://www.techspecs.info/apple-iphone-12/",899,USD,107880
Smartphone,Apple,iPhone 12 256GB,A14 Bionic,4,64,,,,,2815,6.1,960x540,120,15,12MP,12MP + 12MP,"Presenting the Apple iPhone 12 256GB: a reliable device built for uncompromised productivity and entertainment. The core of its performance lies in the A14 Bionic processor, 4 of memory and a spacious 64.0 of internal storage, allowing users to navigate demanding workflows seamlessly. Visuals are rendered on a 6.1-inch display featuring a crisp 960x540 resolution featuring an ultra-smooth 120.0 refresh rate, which guarantees an immersive viewing experience. Physical endurance is addressed by a long-lasting 2815.0 battery, keeping you productive on the go. Ultimately, with its native software at the helm, the Apple iPhone 12 256GB easily satisfies the rigorous demands of contemporary digital life.",,"https://www.apple.com/iphone/compare/?modelList=iphone-12,iphone-12-pro; https://www.techspecs.info/apple-iphone-12/",999,USD,119880
Smartphone,Apple,iPhone 12 Pro 128GB,A14 Bionic,6,,,,0.189,,2815,6.1,960x540,120,,12MP / 4K,12MP + 12MP + 12MP,"For those seeking reliable technology, the Apple iPhone 12 Pro 128GB stands out as a premium and dependable choice. It boasts an impressive architecture featuring the A14 Bionic processor and 6 of memory to comfortably manage multitasking without bottlenecks. Visuals are rendered on a 6.1-inch display featuring a crisp 960x540 resolution featuring an ultra-smooth 120.0 refresh rate, which guarantees an immersive viewing experience. Practicality is further enhanced by a long-lasting 2815.0 battery and a surprisingly light 0.189kg frame, offering an excellent balance of longevity and comfort. Operating on an efficient OS layer, this configuration positions the Apple iPhone 12 Pro 128GB as a highly capable daily driver.",,"https://www.apple.com/iphone/compare/?modelList=iphone-12,iphone-12-pro; https://phonesdata.com/en/smartphones/apple/iphone-12-pro-5458952/",999,USD,119880
Smartphone,Apple,iPhone 12 Pro 256GB,A14 Bionic,6,512,,,0.189,,2815,6.1,960x540,120,,12MP / 4K,12MP + 12MP + 12MP,"The Apple iPhone 12 Pro 256GB seamlessly blends aesthetics with performance, making it a reliable companion for daily tasks. The core of its performance lies in the A14 Bionic processor, 6 of memory and a spacious 512.0 of internal storage, allowing users to navigate demanding workflows seamlessly. Visuals are delivered through a 6.1-inch display featuring a crisp 960x540 resolution featuring an ultra-smooth 120.0 refresh rate, which guarantees an immersive viewing experience. For users constantly on the move, it features a substantial 2815.0 cell and an overall weight of just 0.189kg. Coupled with the intuitive pre-installed environment, the Apple iPhone 12 Pro 256GB hits all the right notes for its category.",,"https://www.apple.com/iphone/compare/?modelList=iphone-12,iphone-12-pro; https://www.cellsarena.com/phones/apple/apple-iphone-12-pro/specs",1099,USD,131880
Smartphone,Apple,iPhone 12 Pro 512GB,A14 Bionic,6,512,,,0.189,,2815,6.1,960x540,120,,12MP / 4K,12MP + 12MP + 12MP,"The Apple iPhone 12 Pro 512GB seamlessly blends aesthetics with performance, making it a premium companion for daily tasks. System operations are engineered around the A14 Bionic processor, 6 of memory and a spacious 512.0 of internal storage, providing the necessary bandwidth for intensive applications. Visuals are presented via a 6.1-inch display featuring a crisp 960x540 resolution featuring an ultra-smooth 120.0 refresh rate, which guarantees an immersive viewing experience. Physical endurance is addressed by a long-lasting 2815.0 battery and a surprisingly light 0.189kg frame, keeping you productive on the go. Coupled with the intuitive pre-installed environment, the Apple iPhone 12 Pro 512GB hits all the right notes for its category.",,"https://www.apple.com/iphone/compare/?modelList=iphone-12,iphone-12-pro; https://www.mobosdata.com/phone/apple-iphone-12-pro/",1199,USD,143880
Smartphone,Apple,iPhone 12 Pro Max 128GB,A14 Bionic,6,128,,,0.228,,3687,6.7,960x540,120,15,12MP / 4K,12MP + 12MP + 12MP,"The Apple iPhone 12 Pro Max 128GB seamlessly blends aesthetics with performance, making it a versatile companion for daily tasks. System operations are engineered around the A14 Bionic processor, 6 of memory and a spacious 128.0 of internal storage, providing the necessary bandwidth for intensive applications. Users will appreciate the visual fidelity offered by a 6.7-inch display featuring a crisp 960x540 resolution featuring an ultra-smooth 120.0 refresh rate, perfect for streaming and reading. Physical endurance is addressed by a substantial 3687.0 cell and an overall weight of just 0.228kg, keeping you productive on the go. Operating on an efficient OS layer, this configuration positions the Apple iPhone 12 Pro Max 128GB as a highly capable daily driver.",,"https://www.apple.com/iphone/compare/?modelList=iphone-12-pro,iphone-12-pro-max; https://phonesdata.com/en/smartphones/apple/iphone-12-pro-max-5458951/; https://www.techspecs.info/apple-iphone-12-pro-max/",1099,USD,131880
Smartphone,Apple,iPhone 12 Pro Max 256GB,A14 Bionic,6,128,,,0.228,,3687,6.7,960x540,120,15,12MP / 4K,12MP + 12MP + 12MP,"For those seeking reliable technology, the Apple iPhone 12 Pro Max 256GB stands out as a reliable and dependable choice. The core of its performance lies in the A14 Bionic processor, 6 of memory and a spacious 128.0 of internal storage, allowing users to navigate demanding workflows seamlessly. Visuals are delivered through a 6.7-inch display featuring a crisp 960x540 resolution featuring an ultra-smooth 120.0 refresh rate, which guarantees an immersive viewing experience. Physical endurance is addressed by an endurance-focused 3687.0 battery and an overall weight of just 0.228kg, keeping you productive on the go. Running naturally on a modern operating system, the Apple iPhone 12 Pro Max 256GB is an outstanding technological investment.",,"https://www.apple.com/iphone/compare/?modelList=iphone-12-pro,iphone-12-pro-max; https://www.techspecs.info/apple-iphone-12-pro-max/",1199,USD,143880
Smartphone,Apple,iPhone 12 Pro Max 512GB,A14 Bionic,6,512,,,0.228,,3687,6.7,960x540,120,,12MP / 4K,12MP + 12MP + 12MP,"Presenting the Apple iPhone 12 Pro Max 512GB: a versatile device built for uncompromised productivity and entertainment. Additionally, it is equipped with the A14 Bionic processor, 6 of memory and a spacious 512.0 of internal storage, ensuring brisk responsiveness. Its front panel is dominated by a 6.7-inch display featuring a crisp 960x540 resolution featuring an ultra-smooth 120.0 refresh rate, providing vibrant colors and sharp contrasts. Physical endurance is addressed by a long-lasting 3687.0 battery and an overall weight of just 0.228kg, keeping you productive on the go. Ultimately, with its native software at the helm, the Apple iPhone 12 Pro Max 512GB easily satisfies the rigorous demands of contemporary digital life.",,"https://www.apple.com/ph/iphone/compare/?modelList=iphone-12-pro,iphone-12-pro-max,iphone-12; https://everymac.com/systems/apple/iphone/specs/apple-iphone-12-pro-max-global-a2411-specs.html; https://cellsarena.com/phones/apple/apple-iphone-12-pro-max",1399,USD,167880
Smartphone,Apple,iPhone 11 64GB,A13 Bionic,4,64,,,,,3110,6.1,960x540,120,65,12MP,12MP + 12MP,"The Apple iPhone 11 64GB emerges as a premium solution designed to elevate your digital experience. It boasts an impressive architecture featuring the A13 Bionic processor, 4 of memory and a spacious 64.0 of internal storage to comfortably manage multitasking without bottlenecks. Visuals are delivered through a 6.1-inch display featuring a crisp 960x540 resolution featuring an ultra-smooth 120.0 refresh rate, which guarantees an immersive viewing experience. It integrates an endurance-focused 3110.0 battery to maximize mobility without sacrificing runtime. Ultimately, with its native software at the helm, the Apple iPhone 11 64GB easily satisfies the rigorous demands of contemporary digital life.",,"https://support.apple.com/en-us/111865; https://www.apple.com/iphone/compare/?modelList=iphone-11,iphone-11-pro,iphone-13; https://www.techspecs.info/apple-iphone-11/",699,USD,83880
Smartphone,Apple,iPhone 11 128GB,A13 Bionic,4,256,,,,,3110,6.1,960x540,120,,12MP,12MP + 12MP,"Presenting the Apple iPhone 11 128GB: a sophisticated device built for uncompromised productivity and entertainment. It boasts an impressive architecture featuring the A13 Bionic processor, 4 of memory and a spacious 256.0 of internal storage to comfortably manage multitasking without bottlenecks. Visuals are delivered through a 6.1-inch display featuring a crisp 960x540 resolution featuring an ultra-smooth 120.0 refresh rate, which guarantees an immersive viewing experience. Practicality is further enhanced by a long-lasting 3110.0 battery, offering an excellent balance of longevity and comfort. Operating on an efficient OS layer, this configuration positions the Apple iPhone 11 128GB as a highly capable daily driver.",,"https://support.apple.com/en-us/111865; https://www.apple.com/iphone/compare/?modelList=iphone-11-pro,iphone-11-pro-max,iphone-11; https://specsinsight.com/apple-iphone-11/",799,USD,95880
Smartphone,Apple,iPhone 11 256GB,A13 Bionic,4,256,,,,,3110,6.1,960x540,120,,12MP,12MP + 12MP,"Crafted to meet the demands of modern users, the Apple iPhone 11 256GB is a feature-rich piece of engineering. Furthermore, it is engineered around the A13 Bionic processor, 4 of memory and a spacious 256.0 of internal storage, ensuring brisk responsiveness. Visuals are delivered through a 6.1-inch display featuring a crisp 960x540 resolution featuring an ultra-smooth 120.0 refresh rate, which guarantees an immersive viewing experience. Physical endurance is addressed by an endurance-focused 3110.0 battery, keeping you productive on the go. Running naturally on a modern operating system, the Apple iPhone 11 256GB is an outstanding technological investment.",,"https://support.apple.com/en-us/111865; https://www.apple.com/iphone/compare/?modelList=iphone-11-pro,iphone-11-pro-max,iphone-11; https://specsinsight.com/apple-iphone-11/",899,USD,107880
Smartphone,Apple,iPhone 11 Pro 64GB,A13 Bionic,4,64,,,0.188,,3046,5.8,960x540,120,65,12MP / 4K,12MP + 12MP + 12MP,"The Apple iPhone 11 Pro 64GB emerges as a feature-rich solution designed to elevate your digital experience. Furthermore, it is fueled by the A13 Bionic processor, 4 of memory and a spacious 64.0 of internal storage, ensuring brisk responsiveness. Its front panel is dominated by a 5.8-inch display featuring a crisp 960x540 resolution featuring an ultra-smooth 120.0 refresh rate, providing vibrant colors and sharp contrasts. Physical endurance is addressed by a substantial 3046.0 cell and a surprisingly light 0.188kg frame, keeping you productive on the go. Running naturally on a modern operating system, the Apple iPhone 11 Pro 64GB is an outstanding technological investment.",,"https://support.apple.com/en-us/111879; https://www.apple.com/iphone/compare/?modelList=iphone-11,iphone-11-pro,iphone-11-pro-max; https://www.techspecs.info/apple-iphone-11-pro/",999,USD,119880
Smartphone,Apple,iPhone 11 Pro 256GB,A13 Bionic,4,64,,,0.188,,3046,5.8,960x540,120,65,12MP / 4K,12MP + 12MP + 12MP,"Crafted to meet the demands of modern users, the Apple iPhone 11 Pro 256GB is a feature-rich piece of engineering. System operations are equipped with the A13 Bionic processor, 4 of memory and a spacious 64.0 of internal storage, providing the necessary bandwidth for intensive applications. Users will appreciate the visual fidelity offered by a 5.8-inch display featuring a crisp 960x540 resolution featuring an ultra-smooth 120.0 refresh rate, perfect for streaming and reading. Practicality is further enhanced by a long-lasting 3046.0 battery and an overall weight of just 0.188kg, offering an excellent balance of longevity and comfort. Operating on an efficient OS layer, this configuration positions the Apple iPhone 11 Pro 256GB as a highly capable daily driver.",,"https://support.apple.com/en-euro/111879; https://www.apple.com/iphone/compare/?modelList=iphone-11-pro,iphone-11-pro-max,iphone-11; https://www.techspecs.info/apple-iphone-11-pro/",1099,USD,131880
Smartphone,Apple,iPhone 11 Pro 512GB,A13 Bionic,4,64,,,0.188,,3046,5.8,960x540,120,65,12MP / 4K,12MP + 12MP + 12MP,"Crafted to meet the demands of modern users, the Apple iPhone 11 Pro 512GB is a feature-rich piece of engineering. In terms of hardware, it is driven by the A13 Bionic processor, 4 of memory and a spacious 64.0 of internal storage, ensuring brisk responsiveness. Its front panel is dominated by a 5.8-inch display featuring a crisp 960x540 resolution featuring an ultra-smooth 120.0 refresh rate, providing vibrant colors and sharp contrasts. For users constantly on the move, it features a substantial 3046.0 cell and an overall weight of just 0.188kg. Operating on an efficient OS layer, this configuration positions the Apple iPhone 11 Pro 512GB as a highly capable daily driver.",,"https://support.apple.com/en-us/111879; https://www.apple.com/iphone/compare/?modelList=iphone-11,iphone-11-pro,iphone-11-pro-max; https://www.techspecs.info/apple-iphone-11-pro/",1199,USD,143880
Smartphone,Apple,iPhone 11 Pro Max 64GB,A13 Bionic,4,,,,0.226,,3969,6.5,960x540,120,,12MP / 4K,12MP + 12MP + 12MP,"Presenting the Apple iPhone 11 Pro Max 64GB: a sophisticated device built for uncompromised productivity and entertainment. It boasts an impressive architecture featuring the A13 Bionic processor and 4 of memory to comfortably manage multitasking without bottlenecks. The device incorporates a 6.5-inch display featuring a crisp 960x540 resolution featuring an ultra-smooth 120.0 refresh rate, making it fantastic for media consumption and creative work. For users constantly on the move, it features a long-lasting 3969.0 battery and a portable chassis weighing 0.226kg. Ultimately, with its native software at the helm, the Apple iPhone 11 Pro Max 64GB easily satisfies the rigorous demands of contemporary digital life.",,"https://support.apple.com/en-us/111878; https://www.apple.com/iphone/compare/?modelList=iphone-11,iphone-11-pro,iphone-11-pro-max; https://phonespecs.net/specs/apple_iphone_11_pro_max-9846.html",1099,USD,131880
Smartphone,Apple,iPhone 11 Pro Max 256GB,A13 Bionic,4,,,,0.226,,3969,6.5,960x540,120,,12MP / 4K,12MP + 12MP + 12MP,"The Apple iPhone 11 Pro Max 256GB emerges as a reliable solution designed to elevate your digital experience. Furthermore, it is fueled by the A13 Bionic processor and 4 of memory, ensuring brisk responsiveness. The device incorporates a 6.5-inch display featuring a crisp 960x540 resolution featuring an ultra-smooth 120.0 refresh rate, making it fantastic for media consumption and creative work. It integrates a substantial 3969.0 cell and a portable chassis weighing 0.226kg to maximize mobility without sacrificing runtime. Coupled with the intuitive pre-installed environment, the Apple iPhone 11 Pro Max 256GB hits all the right notes for its category.",,"https://support.apple.com/en-us/111878; https://www.apple.com/iphone/compare/?modelList=iphone-11-pro-max,iphone-11-pro,iphone-11; https://phonespecs.net/specs/apple_iphone_11_pro_max-9846.html",1199,USD,143880
Smartphone,Apple,iPhone 11 Pro Max 512GB,A13 Bionic,4,,,,0.226,,3969,6.5,960x540,120,,12MP / 4K,12MP + 12MP + 12MP,"For those seeking reliable technology, the Apple iPhone 11 Pro Max 512GB stands out as a sophisticated and dependable choice. System operations are engineered around the A13 Bionic processor and 4 of memory, providing the necessary bandwidth for intensive applications. Its front panel is dominated by a 6.5-inch display featuring a crisp 960x540 resolution featuring an ultra-smooth 120.0 refresh rate, providing vibrant colors and sharp contrasts. It integrates a long-lasting 3969.0 battery and a surprisingly light 0.226kg frame to maximize mobility without sacrificing runtime. Coupled with the intuitive pre-installed environment, the Apple iPhone 11 Pro Max 512GB hits all the right notes for its category.",,"https://support.apple.com/en-us/111878; https://www.apple.com/iphone/compare/?modelList=iphone-11,iphone-11-pro,iphone-11-pro-max; https://phonespecs.net/specs/apple_iphone_11_pro_max-9846.html",1399,USD,167880
Smartphone,Apple,iPhone X 64GB,A11 Bionic,3,64,,,,,2716,5.8,1125x2436,60,15,7MP,12MP + 12MP,"Crafted to meet the demands of modern users, the Apple iPhone X 64GB is a versatile piece of engineering. System operations are fueled by the A11 Bionic processor, 3 of memory and a spacious 64.0 of internal storage, providing the necessary bandwidth for intensive applications. Users will appreciate the visual fidelity offered by a 5.8-inch display featuring a crisp 1125x2436 resolution featuring an ultra-smooth 60.0 refresh rate, perfect for streaming and reading. Physical endurance is addressed by a long-lasting 2716.0 battery, keeping you productive on the go. Ultimately, with its native software at the helm, the Apple iPhone X 64GB easily satisfies the rigorous demands of contemporary digital life.",,https://www.apple.com/newsroom/2017/09/the-future-is-here-iphone-x/; https://www.techspecs.info/apple-iphone-x/,999,USD,119880
Smartphone,Apple,iPhone X 256GB,A11 Bionic,3,256,,,,,2716,5.8,1125x2436,120,15,7MP,12MP + 12MP,"The Apple iPhone X 256GB emerges as a dynamic solution designed to elevate your digital experience. Under the hood, it is driven by the A11 Bionic processor, 3 of memory and a spacious 256.0 of internal storage, ensuring brisk responsiveness. Visuals are presented via a 5.8-inch display featuring a crisp 1125x2436 resolution featuring an ultra-smooth 120.0 refresh rate, which guarantees an immersive viewing experience. Practicality is further enhanced by a long-lasting 2716.0 battery, offering an excellent balance of longevity and comfort. Operating on an efficient OS layer, this configuration positions the Apple iPhone X 256GB as a highly capable daily driver.",,https://www.cellsarena.com/phones/apple/apple-iphone-x/specs; https://www.phonemore.com/specs/apple/iphone-x/256gb/,1099,USD,131880
Smartphone,Apple,iPhone XS 64GB,A12 Bionic,4,64,,,0.177,,2658,5.8,960x540,120,15,7MP,12MP + 12MP,"Presenting the Apple iPhone XS 64GB: a sophisticated device built for uncompromised productivity and entertainment. The core of its performance lies in the A12 Bionic processor, 4 of memory and a spacious 64.0 of internal storage, allowing users to navigate demanding workflows seamlessly. Visuals are rendered on a 5.8-inch display featuring a crisp 960x540 resolution featuring an ultra-smooth 120.0 refresh rate, which guarantees an immersive viewing experience. It integrates an endurance-focused 2658.0 battery and a portable chassis weighing 0.177kg to maximize mobility without sacrificing runtime. Ultimately, with its native software at the helm, the Apple iPhone XS 64GB easily satisfies the rigorous demands of contemporary digital life.",,"https://www.apple.com/iphone/compare/?modelList=iphone-xs,iphone-6s,iphone-x; https://www.gadgets360.com/apple-iphone-xs-5645; https://www.techspecs.info/apple-iphone-xs/",999,USD,119880
Smartphone,Apple,iPhone XS 256GB,A12 Bionic,4,64,,,0.177,,2658,5.8,960x540,120,15,7MP,12MP + 12MP,"The Apple iPhone XS 256GB emerges as a highly capable solution designed to elevate your digital experience. In terms of hardware, it is equipped with the A12 Bionic processor, 4 of memory and a spacious 64.0 of internal storage, ensuring brisk responsiveness. Users will appreciate the visual fidelity offered by a 5.8-inch display featuring a crisp 960x540 resolution featuring an ultra-smooth 120.0 refresh rate, perfect for streaming and reading. It integrates a substantial 2658.0 cell and a portable chassis weighing 0.177kg to maximize mobility without sacrificing runtime. Operating on an efficient OS layer, this configuration positions the Apple iPhone XS 256GB as a highly capable daily driver.",,"https://www.apple.com/iphone/compare/?modelList=iphone-xs,iphone-x,iphone-xsmax; https://www.gadgets360.com/apple-iphone-xs-5645; https://www.techspecs.info/apple-iphone-xs/",1099,USD,131880
Smartphone,Apple,iPhone XS 512GB,A12 Bionic,4,64,,,0.177,,2658,5.8,640x480,165,,7MP,12MP + 12MP,"For those seeking reliable technology, the Apple iPhone XS 512GB stands out as a sophisticated and dependable choice. In terms of hardware, it is engineered around the A12 Bionic processor, 4 of memory and a spacious 64.0 of internal storage, ensuring brisk responsiveness. Its front panel is dominated by a 5.8-inch display featuring a crisp 640x480 resolution featuring an ultra-smooth 165.0 refresh rate, providing vibrant colors and sharp contrasts. For users constantly on the move, it features a substantial 2658.0 cell and a surprisingly light 0.177kg frame. Coupled with the intuitive pre-installed environment, the Apple iPhone XS 512GB hits all the right notes for its category.",,https://www.gadgets360.com/apple-iphone-xs-512gb-storage-price-in-india-5645-v39512; https://www.mobosdata.com/phone/apple-iphone-xs/,1299,USD,155880
Smartphone,Apple,iPhone XS Max 64GB,A12 Bionic,4,64,,,0.208,,3174,6.5,640x480,165,15,7MP,12MP + 12MP,"For those seeking reliable technology, the Apple iPhone XS Max 64GB stands out as a premium and dependable choice. The core of its performance lies in the A12 Bionic processor, 4 of memory and a spacious 64.0 of internal storage, allowing users to navigate demanding workflows seamlessly. The device incorporates a 6.5-inch display featuring a crisp 640x480 resolution featuring an ultra-smooth 165.0 refresh rate, making it fantastic for media consumption and creative work. For users constantly on the move, it features a long-lasting 3174.0 battery and an overall weight of just 0.208kg. Coupled with the intuitive pre-installed environment, the Apple iPhone XS Max 64GB hits all the right notes for its category.",,https://www.apple.com/newsroom/2018/09/iphone-xs-and-iphone-xs-max-bring-the-best-and-biggest-displays-to-iphone/; https://www.gadgets360.com/apple-iphone-xs-max-5646; https://www.techspecs.info/apple-iphone-xs-max/,1099,USD,131880
Smartphone,Apple,iPhone XS Max 256GB,A12 Bionic,4,64,,,0.208,,3174,6.5,960x540,120,,7MP,12MP + 12MP,"For those seeking reliable technology, the Apple iPhone XS Max 256GB stands out as a dynamic and dependable choice. The core of its performance lies in the A12 Bionic processor, 4 of memory and a spacious 64.0 of internal storage, allowing users to navigate demanding workflows seamlessly. The device incorporates a 6.5-inch display featuring a crisp 960x540 resolution featuring an ultra-smooth 120.0 refresh rate, making it fantastic for media consumption and creative work. Physical endurance is addressed by a substantial 3174.0 cell and a surprisingly light 0.208kg frame, keeping you productive on the go. Ultimately, with its native software at the helm, the Apple iPhone XS Max 256GB easily satisfies the rigorous demands of contemporary digital life.",,"https://www.apple.com/iphone/compare/?modelList=iphone-xs-max,iphone-xs,iphone-6s; https://www.gadgets360.com/apple-iphone-xs-max-256gb-storage-price-in-india-5646-v39504",1249,USD,149880
Smartphone,Apple,iPhone XS Max 512GB,A12 Bionic,4,,,,0.208,,3174,6.5,960x540,120,,7MP,12MP + 12MP,"Crafted to meet the demands of modern users, the Apple iPhone XS Max 512GB is a versatile piece of engineering. It boasts an impressive architecture featuring the A12 Bionic processor and 4 of memory to comfortably manage multitasking without bottlenecks. Visuals are rendered on a 6.5-inch display featuring a crisp 960x540 resolution featuring an ultra-smooth 120.0 refresh rate, which guarantees an immersive viewing experience. Practicality is further enhanced by a long-lasting 3174.0 battery and a portable chassis weighing 0.208kg, offering an excellent balance of longevity and comfort. Operating on an efficient OS layer, this configuration positions the Apple iPhone XS Max 512GB as a highly capable daily driver.",,"https://www.apple.com/iphone/compare/?modelList=iphone-xs-max,iphone-xs,iphone-6s",1399,USD,167880
Smartphone,Apple,iPhone XR 64GB,A12 Bionic,3,64,,,,,2942,6.1,640x480,165,,7MP,12MP + 12MP,"The Apple iPhone XR 64GB emerges as a dynamic solution designed to elevate your digital experience. As for its internals, it is driven by the A12 Bionic processor, 3 of memory and a spacious 64.0 of internal storage, ensuring brisk responsiveness. Its front panel is dominated by a 6.1-inch display featuring a crisp 640x480 resolution featuring an ultra-smooth 165.0 refresh rate, providing vibrant colors and sharp contrasts. Practicality is further enhanced by a substantial 2942.0 cell, offering an excellent balance of longevity and comfort. Ultimately, with its native software at the helm, the Apple iPhone XR 64GB easily satisfies the rigorous demands of contemporary digital life.",,https://www.gadgets360.com/apple-iphone-xr-5647,749,USD,89880
Smartphone,Apple,iPhone XR 128GB,A12 Bionic,3,256,,,,,2942,6.1,960x540,120,15,7MP,12MP + 12MP,"The Apple iPhone XR 128GB seamlessly blends aesthetics with performance, making it a dynamic companion for daily tasks. It boasts an impressive architecture featuring the A12 Bionic processor, 3 of memory and a spacious 256.0 of internal storage to comfortably manage multitasking without bottlenecks. The device incorporates a 6.1-inch display featuring a crisp 960x540 resolution featuring an ultra-smooth 120.0 refresh rate, making it fantastic for media consumption and creative work. For users constantly on the move, it features a long-lasting 2942.0 battery. Running naturally on a modern operating system, the Apple iPhone XR 128GB is an outstanding technological investment.",,"https://www.apple.com/newsroom/2018/09/apple-introduces-iphone-xr/; https://www.apple.com/iphone/compare/?modelList=iphone-xr,iphone-12,iphone; https://specsinsight.com/apple-iphone-xr/",799,USD,95880
Smartphone,Apple,iPhone XR 256GB,A12 Bionic,3,64,,,,,2942,6.1,828x1792,120,,7MP,12MP + 12MP,"The Apple iPhone XR 256GB emerges as a premium solution designed to elevate your digital experience. The core of its performance lies in the A12 Bionic processor, 3 of memory and a spacious 64.0 of internal storage, allowing users to navigate demanding workflows seamlessly. Users will appreciate the visual fidelity offered by a 6.1-inch display featuring a crisp 828x1792 resolution featuring an ultra-smooth 120.0 refresh rate, perfect for streaming and reading. Practicality is further enhanced by a long-lasting 2942.0 battery, offering an excellent balance of longevity and comfort. Operating on an efficient OS layer, this configuration positions the Apple iPhone XR 256GB as a highly capable daily driver.",,https://phonesdata.com/en/smartphones/apple/iphone-xr-5395/; https://www.gadgets360.com/apple-iphone-xr-256gb-storage-price-in-india-5647-v87833,899,USD,107880
Smartphone,Apple,iPad Air 10.9-inch 64GB,A14 Bionic,4,,,,0.458,,7608,,2360x1640,60,,12MP,12MP,"The Apple iPad Air 10.9-inch 64GB seamlessly blends aesthetics with performance, making it a reliable companion for daily tasks. It boasts an impressive architecture featuring the A14 Bionic processor and 4 of memory to comfortably manage multitasking without bottlenecks. Visuals are presented via a crisp 2360x1640 resolution featuring an ultra-smooth 60.0 refresh rate, which guarantees an immersive viewing experience. Physical endurance is addressed by an endurance-focused 7608.0 battery and a portable chassis weighing 0.458kg, keeping you productive on the go. Operating on an efficient OS layer, this configuration positions the Apple iPad Air 10.9-inch 64GB as a highly capable daily driver.",,https://www.apple.com/ipad-air/; https://www.apple.com/ipad-air/specs/,599,USD,71880
Smartphone,Apple,iPad Air 10.9-inch 256GB,A14 Bionic,4,,,,0.458,,7608,,2360x1640,60,,12MP,12MP,"The Apple iPad Air 10.9-inch 256GB seamlessly blends aesthetics with performance, making it a highly capable companion for daily tasks. The core of its performance lies in the A14 Bionic processor and 4 of memory, allowing users to navigate demanding workflows seamlessly. Its front panel is dominated by a crisp 2360x1640 resolution featuring an ultra-smooth 60.0 refresh rate, providing vibrant colors and sharp contrasts. Practicality is further enhanced by an endurance-focused 7608.0 battery and an overall weight of just 0.458kg, offering an excellent balance of longevity and comfort. Operating on an efficient OS layer, this configuration positions the Apple iPad Air 10.9-inch 256GB as a highly capable daily driver.",,https://www.apple.com/ipad-air/specs/; https://www.apple.com/ipad-air/; https://www.bosstab.com/resources/tablet-guides/apple/specs/air/ipad-air-5th-gen/,749,USD,89880
Smartphone,Apple,iPad 10.2-inch 32GB,A13 Bionic,3,512,,,0.49,,8612,,,,,12MP,8MP,"Presenting the Apple iPad 10.2-inch 32GB: a modern device built for uncompromised productivity and entertainment. System operations are fueled by the A13 Bionic processor, 3 of memory and a spacious 512.0 of internal storage, providing the necessary bandwidth for intensive applications. It integrates a substantial 8612.0 cell and a portable chassis weighing 0.49kg to maximize mobility without sacrificing runtime. Operating on an efficient OS layer, this configuration positions the Apple iPad 10.2-inch 32GB as a highly capable daily driver.",,https://www.apple.com/ipad/; https://www.apple.com/ipad/compare/,329,USD,39480
Smartphone,Apple,iPad 10.2-inch 128GB,A13 Bionic,3,512,,,0.49,,8612,,2160x1620,,,12MP,8MP,"The Apple iPad 10.2-inch 128GB seamlessly blends aesthetics with performance, making it a versatile companion for daily tasks. Additionally, it is fueled by the A13 Bionic processor, 3 of memory and a spacious 512.0 of internal storage, ensuring brisk responsiveness. Users will appreciate the visual fidelity offered by a crisp 2160x1620 resolution, perfect for streaming and reading. It integrates an endurance-focused 8612.0 battery and a portable chassis weighing 0.49kg to maximize mobility without sacrificing runtime. Ultimately, with its native software at the helm, the Apple iPad 10.2-inch 128GB easily satisfies the rigorous demands of contemporary digital life.",,https://www.apple.com/ipad/; https://www.apple.com/ipad/compare/; https://everymac.com/systems/apple/ipad/specs/apple-ipad-10-2-inch-8th-gen-2020-a2428-wi-fi-cellular-specs.html,429,USD,51480
Smartphone,Apple,iPad Mini 7.9-inch 64GB,A12 Bionic,3,256,,,,,5124,7.9,1024x242,60,,7MP,8MP,"Crafted to meet the demands of modern users, the Apple iPad Mini 7.9-inch 64GB is a sophisticated piece of engineering. The core of its performance lies in the A12 Bionic processor, 3 of memory and a spacious 256.0 of internal storage, allowing users to navigate demanding workflows seamlessly. Users will appreciate the visual fidelity offered by a 7.9-inch display featuring a crisp 1024x242 resolution featuring an ultra-smooth 60.0 refresh rate, perfect for streaming and reading. Practicality is further enhanced by an endurance-focused 5124.0 battery, offering an excellent balance of longevity and comfort. Running naturally on a modern operating system, the Apple iPad Mini 7.9-inch 64GB is an outstanding technological investment.",,https://www.apple.com/ipad-mini/specs/; https://www.specmentor.com/apple-ipad-mini-2019/,399,USD,47880
Smartphone,Apple,iPad Mini 7.9-inch 256GB,A12 Bionic,3,256,,,,,5124,7.9,1024x242,60,,7MP,8MP,"Crafted to meet the demands of modern users, the Apple iPad Mini 7.9-inch 256GB is a feature-rich piece of engineering. It boasts an impressive architecture featuring the A12 Bionic processor, 3 of memory and a spacious 256.0 of internal storage to comfortably manage multitasking without bottlenecks. Visuals are handled by a 7.9-inch display featuring a crisp 1024x242 resolution featuring an ultra-smooth 60.0 refresh rate, which guarantees an immersive viewing experience. For users constantly on the move, it features a substantial 5124.0 cell. Operating on an efficient OS layer, this configuration positions the Apple iPad Mini 7.9-inch 256GB as a highly capable daily driver.",,https://www.apple.com/ipad-mini/; https://www.apple.com/ipad-mini/specs/; https://www.specmentor.com/apple-ipad-mini-2019/,499,USD,59880
Smartphone,Apple,iPad Pro 11-inch 128GB,A12Z Bionic,4,512,,,0.468,,7812,,1024x1024,10,,7MP,12MP + 10MP,"For those seeking reliable technology, the Apple iPad Pro 11-inch 128GB stands out as a premium and dependable choice. It boasts an impressive architecture featuring the A12Z Bionic processor, 4 of memory and a spacious 512.0 of internal storage to comfortably manage multitasking without bottlenecks. Users will appreciate the visual fidelity offered by a crisp 1024x1024 resolution featuring an ultra-smooth 10.0 refresh rate, perfect for streaming and reading. Physical endurance is addressed by a substantial 7812.0 cell and a portable chassis weighing 0.468kg, keeping you productive on the go. Operating on an efficient OS layer, this configuration positions the Apple iPad Pro 11-inch 128GB as a highly capable daily driver.",,https://www.apple.com/ipad-pro/specs/; https://www.apple.com/ipad-pro/; https://gsmfind.com/apple-ipad-pro-11-2025.html,799,USD,95880
Smartphone,Apple,iPad Pro 11-inch 256GB,A12Z Bionic,4,512,,,0.468,,7812,,1024x1024,10,,7MP,12MP + 10MP,"Presenting the Apple iPad Pro 11-inch 256GB: a modern device built for uncompromised productivity and entertainment. System operations are driven by the A12Z Bionic processor, 4 of memory and a spacious 512.0 of internal storage, providing the necessary bandwidth for intensive applications. Its front panel is dominated by a crisp 1024x1024 resolution featuring an ultra-smooth 10.0 refresh rate, providing vibrant colors and sharp contrasts. Physical endurance is addressed by a substantial 7812.0 cell and an overall weight of just 0.468kg, keeping you productive on the go. Running naturally on a modern operating system, the Apple iPad Pro 11-inch 256GB is an outstanding technological investment.",,https://www.apple.com/ipad-pro/specs/; https://www.apple.com/ipad-pro/,899,USD,107880
Smartphone,Apple,iPad Pro 11-inch 512GB,A12Z Bionic,6,512,,,0.468,,7812,,2420x1668,10,,7MP,12MP + 10MP,"The Apple iPad Pro 11-inch 512GB seamlessly blends aesthetics with performance, making it a dynamic companion for daily tasks. System operations are powered by the A12Z Bionic processor, 6 of memory and a spacious 512.0 of internal storage, providing the necessary bandwidth for intensive applications. The device incorporates a crisp 2420x1668 resolution featuring an ultra-smooth 10.0 refresh rate, making it fantastic for media consumption and creative work. For users constantly on the move, it features a long-lasting 7812.0 battery and an overall weight of just 0.468kg. Coupled with the intuitive pre-installed environment, the Apple iPad Pro 11-inch 512GB hits all the right notes for its category.",,https://www.apple.com/ipad-pro/specs/; https://devicebeast.com/devices/apple-ipad-pro-11-inch-5g-5th-gen-2024-global-td-lte-a2837-512gb,1099,USD,131880
Smartphone,Apple,iPad Pro 12.9-inch 128GB,A12Z Bionic,6,512,,,0.682,,9720,,1024x1024,120,,7MP,12MP + 10MP,"The Apple iPad Pro 12.9-inch 128GB seamlessly blends aesthetics with performance, making it a versatile companion for daily tasks. It boasts an impressive architecture featuring the A12Z Bionic processor, 6 of memory and a spacious 512.0 of internal storage to comfortably manage multitasking without bottlenecks. Visuals are rendered on a crisp 1024x1024 resolution featuring an ultra-smooth 120.0 refresh rate, which guarantees an immersive viewing experience. Practicality is further enhanced by a long-lasting 9720.0 battery and a portable chassis weighing 0.682kg, offering an excellent balance of longevity and comfort. Running naturally on a modern operating system, the Apple iPad Pro 12.9-inch 128GB is an outstanding technological investment.",,https://www.apple.com/ipad-pro/,999,USD,119880
Smartphone,Apple,iPad Pro 12.9-inch 256GB,A12Z Bionic,6,512,,,0.682,,9720,,1024x1024,10,,7MP,12MP + 10MP,"The Apple iPad Pro 12.9-inch 256GB seamlessly blends aesthetics with performance, making it a highly capable companion for daily tasks. It boasts an impressive architecture featuring the A12Z Bionic processor, 6 of memory and a spacious 512.0 of internal storage to comfortably manage multitasking without bottlenecks. Visuals are handled by a crisp 1024x1024 resolution featuring an ultra-smooth 10.0 refresh rate, which guarantees an immersive viewing experience. Physical endurance is addressed by a substantial 9720.0 cell and a portable chassis weighing 0.682kg, keeping you productive on the go. Operating on an efficient OS layer, this configuration positions the Apple iPad Pro 12.9-inch 256GB as a highly capable daily driver.",,https://www.apple.com/ipad-pro/specs/; https://www.apple.com/ipad-pro/,1099,USD,131880
Smartphone,Apple,iPad Pro 12.9-inch 512GB,A12Z Bionic,6,512,,,0.682,,9720,,1024x1024,120,,7MP,12MP + 10MP,"For those seeking reliable technology, the Apple iPad Pro 12.9-inch 512GB stands out as a feature-rich and dependable choice. System operations are driven by the A12Z Bionic processor, 6 of memory and a spacious 512.0 of internal storage, providing the necessary bandwidth for intensive applications. Visuals are presented via a crisp 1024x1024 resolution featuring an ultra-smooth 120.0 refresh rate, which guarantees an immersive viewing experience. Practicality is further enhanced by a long-lasting 9720.0 battery and a surprisingly light 0.682kg frame, offering an excellent balance of longevity and comfort. Operating on an efficient OS layer, this configuration positions the Apple iPad Pro 12.9-inch 512GB as a highly capable daily driver.",,https://www.apple.com/ipad-pro/,1299,USD,155880
Smartphone,Apple,iPad Pro 13-inch 128GB,A12Z Bionic,6,512,,,0.708,,10307,,1024x1024,120,,7MP,12MP + 10MP,"Crafted to meet the demands of modern users, the Apple iPad Pro 13-inch 128GB is a premium piece of engineering. It boasts an impressive architecture featuring the A12Z Bionic processor, 6 of memory and a spacious 512.0 of internal storage to comfortably manage multitasking without bottlenecks. The device incorporates a crisp 1024x1024 resolution featuring an ultra-smooth 120.0 refresh rate, making it fantastic for media consumption and creative work. It integrates an endurance-focused 10307.0 battery and a portable chassis weighing 0.708kg to maximize mobility without sacrificing runtime. Running naturally on a modern operating system, the Apple iPad Pro 13-inch 128GB is an outstanding technological investment.",,https://www.apple.com/ipad-pro/; https://gsmfind.com/apple-ipad-pro-13-2025.html,1099,USD,131880
Smartphone,Apple,iPad Pro 13-inch 256GB,A12Z Bionic,6,512,,,0.708,,10307,,1024x1024,120,,7MP,12MP + 10MP,"For those seeking reliable technology, the Apple iPad Pro 13-inch 256GB stands out as a modern and dependable choice. As for its internals, it is equipped with the A12Z Bionic processor, 6 of memory and a spacious 512.0 of internal storage, ensuring brisk responsiveness. The device incorporates a crisp 1024x1024 resolution featuring an ultra-smooth 120.0 refresh rate, making it fantastic for media consumption and creative work. For users constantly on the move, it features an endurance-focused 10307.0 battery and a portable chassis weighing 0.708kg. Operating on an efficient OS layer, this configuration positions the Apple iPad Pro 13-inch 256GB as a highly capable daily driver.",,https://www.apple.com/ipad-pro/; https://www.gsmspecs.com/apple/apple_ipad_pro_13_(2025)-31042,1199,USD,143880
Smartphone,Apple,iPad Pro 13-inch 512GB,A12Z Bionic,6,512,,,0.708,,10307,,1024x1024,120,,7MP,12MP + 10MP,"The Apple iPad Pro 13-inch 512GB emerges as a reliable solution designed to elevate your digital experience. It boasts an impressive architecture featuring the A12Z Bionic processor, 6 of memory and a spacious 512.0 of internal storage to comfortably manage multitasking without bottlenecks. Visuals are handled by a crisp 1024x1024 resolution featuring an ultra-smooth 120.0 refresh rate, which guarantees an immersive viewing experience. For users constantly on the move, it features an endurance-focused 10307.0 battery and a portable chassis weighing 0.708kg. Running naturally on a modern operating system, the Apple iPad Pro 13-inch 512GB is an outstanding technological investment.",,https://www.apple.com/ipad-pro/,1399,USD,167880
Smartphone,Apple,iPad Pro 13-inch 1TB,A12Z Bionic,6,512,,,0.708,,10307,,1024x1024,120,,7MP,12MP + 10MP,"The Apple iPad Pro 13-inch 1TB emerges as a modern solution designed to elevate your digital experience. System operations are engineered around the A12Z Bionic processor, 6 of memory and a spacious 512.0 of internal storage, providing the necessary bandwidth for intensive applications. The device incorporates a crisp 1024x1024 resolution featuring an ultra-smooth 120.0 refresh rate, making it fantastic for media consumption and creative work. Physical endurance is addressed by a long-lasting 10307.0 battery and a portable chassis weighing 0.708kg, keeping you productive on the go. Operating on an efficient OS layer, this configuration positions the Apple iPad Pro 13-inch 1TB as a highly capable daily driver.",,https://www.apple.com/ipad-pro/,1599,USD,191880
Smartphone,Apple,iPad Pro 13-inch 2TB,A12Z Bionic,6,512,,,0.708,,10307,,1024x1024,120,,7MP,12MP + 10MP,"For those seeking reliable technology, the Apple iPad Pro 13-inch 2TB stands out as a premium and dependable choice. System operations are fueled by the A12Z Bionic processor, 6 of memory and a spacious 512.0 of internal storage, providing the necessary bandwidth for intensive applications. Visuals are delivered through a crisp 1024x1024 resolution featuring an ultra-smooth 120.0 refresh rate, which guarantees an immersive viewing experience. Practicality is further enhanced by a substantial 10307.0 cell and a portable chassis weighing 0.708kg, offering an excellent balance of longevity and comfort. Operating on an efficient OS layer, this configuration positions the Apple iPad Pro 13-inch 2TB as a highly capable daily driver.",,https://www.apple.com/ipad-pro/,1799,USD,215880
Smartphone,Samsung,Galaxy S24 Ultra 128GB,Exynos 2400,12,256,,,,,5000,6.8,163x346,240,15,12MP,200MP + 12MP,"For those seeking reliable technology, the Samsung Galaxy S24 Ultra 128GB stands out as a feature-rich and dependable choice. It boasts an impressive architecture featuring the Exynos 2400 processor, 12 of memory and a spacious 256.0 of internal storage to comfortably manage multitasking without bottlenecks. Visuals are delivered through a 6.8-inch display featuring a crisp 163x346 resolution featuring an ultra-smooth 240.0 refresh rate, which guarantees an immersive viewing experience. It integrates a substantial 5000.0 cell to maximize mobility without sacrificing runtime. Running naturally on a modern operating system, the Samsung Galaxy S24 Ultra 128GB is an outstanding technological investment.",,https://www.samsung.com/us/smartphones/galaxy-s24-ultra/; https://www.samsung.com/latin_en/smartphones/galaxy-s24-ultra/specs/; https://www.techspecs.info/samsung-galaxy-s24-ultra/,1199,USD,143880
Smartphone,Samsung,Galaxy S24 Ultra 256GB,Exynos 2400,12,256,,,,,5000,6.8,163x346,240,15,12MP,200MP + 12MP,"The Samsung Galaxy S24 Ultra 256GB seamlessly blends aesthetics with performance, making it a sophisticated companion for daily tasks. It boasts an impressive architecture featuring the Exynos 2400 processor, 12 of memory and a spacious 256.0 of internal storage to comfortably manage multitasking without bottlenecks. Visuals are rendered on a 6.8-inch display featuring a crisp 163x346 resolution featuring an ultra-smooth 240.0 refresh rate, which guarantees an immersive viewing experience. Physical endurance is addressed by an endurance-focused 5000.0 battery, keeping you productive on the go. Operating on an efficient OS layer, this configuration positions the Samsung Galaxy S24 Ultra 256GB as a highly capable daily driver.",,https://www.samsung.com/us/smartphones/galaxy-s24-ultra/; https://www.samsung.com/latin_en/smartphones/galaxy-s24-ultra/specs/; https://www.techspecs.info/samsung-galaxy-s24-ultra/,1299,USD,155880
Smartphone,Samsung,Galaxy S24+ 128GB,Exynos 2400,8,128,,,0.196,,4800,6.6,163x346,240,,12MP,50MP + 12MP,"Presenting the Samsung Galaxy S24+ 128GB: a highly capable device built for uncompromised productivity and entertainment. Additionally, it is powered by the Exynos 2400 processor, 8 of memory and a spacious 128.0 of internal storage, ensuring brisk responsiveness. Its front panel is dominated by a 6.6-inch display featuring a crisp 163x346 resolution featuring an ultra-smooth 240.0 refresh rate, providing vibrant colors and sharp contrasts. It integrates a substantial 4800.0 cell and an overall weight of just 0.196kg to maximize mobility without sacrificing runtime. Coupled with the intuitive pre-installed environment, the Samsung Galaxy S24+ 128GB hits all the right notes for its category.",,https://www.samsung.com/ca/smartphones/galaxy-s24/specs/; https://www.gadgets360.com/samsung-galaxy-s24-price-in-india-123380,899,USD,107880
Smartphone,Samsung,Galaxy S24+ 256GB,Exynos 2400,8,128,,,0.196,,4800,6.6,163x346,240,,12MP,50MP + 12MP,"The Samsung Galaxy S24+ 256GB emerges as a premium solution designed to elevate your digital experience. Under the hood, it is fueled by the Exynos 2400 processor, 8 of memory and a spacious 128.0 of internal storage, ensuring brisk responsiveness. Users will appreciate the visual fidelity offered by a 6.6-inch display featuring a crisp 163x346 resolution featuring an ultra-smooth 240.0 refresh rate, perfect for streaming and reading. For users constantly on the move, it features a long-lasting 4800.0 battery and a surprisingly light 0.196kg frame. Operating on an efficient OS layer, this configuration positions the Samsung Galaxy S24+ 256GB as a highly capable daily driver.",,https://www.samsung.com/ca/smartphones/galaxy-s24/specs/; https://www.gadgets360.com/samsung-galaxy-s24-price-in-india-123380,999,USD,119880
Smartphone,Samsung,Galaxy S24 128GB,Exynos 2400,8,128,,,0.168,,4000,6.1,163x346,120,,12MP,50MP + 12MP,"For those seeking reliable technology, the Samsung Galaxy S24 128GB stands out as a reliable and dependable choice. The core of its performance lies in the Exynos 2400 processor, 8 of memory and a spacious 128.0 of internal storage, allowing users to navigate demanding workflows seamlessly. Users will appreciate the visual fidelity offered by a 6.1-inch display featuring a crisp 163x346 resolution featuring an ultra-smooth 120.0 refresh rate, perfect for streaming and reading. For users constantly on the move, it features a substantial 4000.0 cell and a surprisingly light 0.168kg frame. Running naturally on a modern operating system, the Samsung Galaxy S24 128GB is an outstanding technological investment.",,https://www.samsung.com/in/smartphones/galaxy-s24/specs/; https://www.gadgets360.com/samsung-galaxy-s24-price-in-india-123380,799,USD,95880
Smartphone,Samsung,Galaxy S24 256GB,Exynos 2400,8,128,,,0.168,,4000,6.1,163x346,240,15,12MP,50MP + 12MP,"The Samsung Galaxy S24 256GB seamlessly blends aesthetics with performance, making it a premium companion for daily tasks. It boasts an impressive architecture featuring the Exynos 2400 processor, 8 of memory and a spacious 128.0 of internal storage to comfortably manage multitasking without bottlenecks. Its front panel is dominated by a 6.1-inch display featuring a crisp 163x346 resolution featuring an ultra-smooth 240.0 refresh rate, providing vibrant colors and sharp contrasts. For users constantly on the move, it features a long-lasting 4000.0 battery and an overall weight of just 0.168kg. Coupled with the intuitive pre-installed environment, the Samsung Galaxy S24 256GB hits all the right notes for its category.",,https://www.samsung.com/ca/smartphones/galaxy-s24/specs/; https://www.techspecs.info/samsung-galaxy-s24/,899,USD,107880
Smartphone,Samsung,Galaxy S23 Ultra 128GB,Snapdragon 8 Gen 2,12,256,,,0.228,,5000,6.8,3088x1440,240,15,12MP,200MP + 12MP,"Crafted to meet the demands of modern users, the Samsung Galaxy S23 Ultra 128GB is a powerful piece of engineering. Furthermore, it is driven by the Snapdragon 8 Gen 2 processor, 12 of memory and a spacious 256.0 of internal storage, ensuring brisk responsiveness. The device incorporates a 6.8-inch display featuring a crisp 3088x1440 resolution featuring an ultra-smooth 240.0 refresh rate, making it fantastic for media consumption and creative work. Physical endurance is addressed by a long-lasting 5000.0 battery and a surprisingly light 0.228kg frame, keeping you productive on the go. Coupled with the intuitive pre-installed environment, the Samsung Galaxy S23 Ultra 128GB hits all the right notes for its category.",,https://www.samsung.com/ph/smartphones/galaxy-s/galaxy-s23-ultra-cream-256gb-sm-s918bzecphl/; https://www.techspecs.info/samsung-galaxy-s23-ultra/,1199,USD,143880
Smartphone,Samsung,Galaxy S23 Ultra 256GB,Snapdragon 8 Gen 2,12,256,,,0.228,,5000,6.8,3088x1440,240,15,12MP,200MP + 12MP,"The Samsung Galaxy S23 Ultra 256GB emerges as a versatile solution designed to elevate your digital experience. Under the hood, it is fueled by the Snapdragon 8 Gen 2 processor, 12 of memory and a spacious 256.0 of internal storage, ensuring brisk responsiveness. The device incorporates a 6.8-inch display featuring a crisp 3088x1440 resolution featuring an ultra-smooth 240.0 refresh rate, making it fantastic for media consumption and creative work. Practicality is further enhanced by an endurance-focused 5000.0 battery and a portable chassis weighing 0.228kg, offering an excellent balance of longevity and comfort. Coupled with the intuitive pre-installed environment, the Samsung Galaxy S23 Ultra 256GB hits all the right notes for its category.",,https://www.samsung.com/ph/smartphones/galaxy-s/galaxy-s23-ultra-cream-256gb-sm-s918bzecphl/; https://www.techspecs.info/samsung-galaxy-s23-ultra/,1299,USD,155880
Smartphone,Samsung,Galaxy S23+ 128GB,Snapdragon 8 Gen 2,8,128,,,0.196,,4700,6.6,2340x1080,240,15,12MP,50MP + 12MP,"Presenting the Samsung Galaxy S23+ 128GB: a powerful device built for uncompromised productivity and entertainment. System operations are engineered around the Snapdragon 8 Gen 2 processor, 8 of memory and a spacious 128.0 of internal storage, providing the necessary bandwidth for intensive applications. Users will appreciate the visual fidelity offered by a 6.6-inch display featuring a crisp 2340x1080 resolution featuring an ultra-smooth 240.0 refresh rate, perfect for streaming and reading. Physical endurance is addressed by an endurance-focused 4700.0 battery and a portable chassis weighing 0.196kg, keeping you productive on the go. Ultimately, with its native software at the helm, the Samsung Galaxy S23+ 128GB easily satisfies the rigorous demands of contemporary digital life.",,https://www.samsung.com/ph/smartphones/galaxy-s/galaxy-s23-cream-128gb-sm-s911bzebphl/; https://www.techspecs.info/samsung-galaxy-s23/,899,USD,107880
Smartphone,Samsung,Galaxy S23+ 256GB,Snapdragon 8 Gen 2,8,512,,,0.196,,4700,6.6,2340x1080,165,15,12MP,50MP + 12MP,"For those seeking reliable technology, the Samsung Galaxy S23+ 256GB stands out as a feature-rich and dependable choice. As for its internals, it is powered by the Snapdragon 8 Gen 2 processor, 8 of memory and a spacious 512.0 of internal storage, ensuring brisk responsiveness. Visuals are delivered through a 6.6-inch display featuring a crisp 2340x1080 resolution featuring an ultra-smooth 165.0 refresh rate, which guarantees an immersive viewing experience. Physical endurance is addressed by a long-lasting 4700.0 battery and an overall weight of just 0.196kg, keeping you productive on the go. Coupled with the intuitive pre-installed environment, the Samsung Galaxy S23+ 256GB hits all the right notes for its category.",,https://www.samsung.com/au/smartphones/galaxy-s/galaxy-s23-plus-graphite-256gb-sm-s916bzaaats/; https://www.techspecs.info/samsung-galaxy-s23/,999,USD,119880
Smartphone,Samsung,Galaxy S23 128GB,Snapdragon 8 Gen 2,8,128,,,0.168,,3900,6.1,2340x1080,240,15,12MP,50MP + 12MP,"For those seeking reliable technology, the Samsung Galaxy S23 128GB stands out as a sophisticated and dependable choice. The core of its performance lies in the Snapdragon 8 Gen 2 processor, 8 of memory and a spacious 128.0 of internal storage, allowing users to navigate demanding workflows seamlessly. Its front panel is dominated by a 6.1-inch display featuring a crisp 2340x1080 resolution featuring an ultra-smooth 240.0 refresh rate, providing vibrant colors and sharp contrasts. It integrates an endurance-focused 3900.0 battery and a surprisingly light 0.168kg frame to maximize mobility without sacrificing runtime. Coupled with the intuitive pre-installed environment, the Samsung Galaxy S23 128GB hits all the right notes for its category.",,https://www.samsung.com/ph/smartphones/galaxy-s/galaxy-s23-cream-128gb-sm-s911bzebphl/; https://www.techspecs.info/samsung-galaxy-s23/,799,USD,95880
Smartphone,Samsung,Galaxy S23 256GB,Snapdragon 8 Gen 2,8,128,,,0.168,,3900,6.1,2340x1080,240,15,12MP,50MP + 12MP,"Crafted to meet the demands of modern users, the Samsung Galaxy S23 256GB is a highly capable piece of engineering. System operations are fueled by the Snapdragon 8 Gen 2 processor, 8 of memory and a spacious 128.0 of internal storage, providing the necessary bandwidth for intensive applications. Its front panel is dominated by a 6.1-inch display featuring a crisp 2340x1080 resolution featuring an ultra-smooth 240.0 refresh rate, providing vibrant colors and sharp contrasts. It integrates a substantial 3900.0 cell and a surprisingly light 0.168kg frame to maximize mobility without sacrificing runtime. Operating on an efficient OS layer, this configuration positions the Samsung Galaxy S23 256GB as a highly capable daily driver.",,https://www.samsung.com/ph/smartphones/galaxy-s/galaxy-s23-cream-256gb-sm-s911bzecphl/; https://www.gadgets360.com/samsung-galaxy-s23-price-in-india-115580; https://www.techspecs.info/samsung-galaxy-s23/,899,USD,107880
Smartphone,Samsung,Galaxy S22 Ultra 128GB,Exynos 2200,12,128,,,0.228,,5000,6.8,1440x3088,240,45,10MP,108MP + 12MP,"The Samsung Galaxy S22 Ultra 128GB seamlessly blends aesthetics with performance, making it a dynamic companion for daily tasks. Additionally, it is powered by the Exynos 2200 processor, 12 of memory and a spacious 128.0 of internal storage, ensuring brisk responsiveness. Users will appreciate the visual fidelity offered by a 6.8-inch display featuring a crisp 1440x3088 resolution featuring an ultra-smooth 240.0 refresh rate, perfect for streaming and reading. Practicality is further enhanced by a long-lasting 5000.0 battery and an overall weight of just 0.228kg, offering an excellent balance of longevity and comfort. Operating on an efficient OS layer, this configuration positions the Samsung Galaxy S22 Ultra 128GB as a highly capable daily driver.",,https://www.samsung.com/ph/smartphones/galaxy-s22-ultra/buy/; https://www.techspecs.info/samsung-galaxy-s22-ultra-5g/,1099,USD,131880
Smartphone,Samsung,Galaxy S22 Ultra 256GB,Exynos 2200,12,128,,,0.228,,5000,6.8,728x410,120,45,10MP,108MP + 12MP,"Crafted to meet the demands of modern users, the Samsung Galaxy S22 Ultra 256GB is a powerful piece of engineering. The core of its performance lies in the Exynos 2200 processor, 12 of memory and a spacious 128.0 of internal storage, allowing users to navigate demanding workflows seamlessly. Its front panel is dominated by a 6.8-inch display featuring a crisp 728x410 resolution featuring an ultra-smooth 120.0 refresh rate, providing vibrant colors and sharp contrasts. It integrates a long-lasting 5000.0 battery and an overall weight of just 0.228kg to maximize mobility without sacrificing runtime. Ultimately, with its native software at the helm, the Samsung Galaxy S22 Ultra 256GB easily satisfies the rigorous demands of contemporary digital life.",,https://news.samsung.com/global/samsung-galaxy-s22-ultra-offers-the-ultimate-and-most-premium-s-series-experience-yet; https://www.techspecs.info/samsung-galaxy-s22-ultra-5g/,1199,USD,143880
Smartphone,Samsung,Galaxy S22+ 128GB,Exynos 2200,8,128,,,,,4500,6.6,176x176,120,25,10MP,50MP + 12MP,"The Samsung Galaxy S22+ 128GB seamlessly blends aesthetics with performance, making it a dynamic companion for daily tasks. The core of its performance lies in the Exynos 2200 processor, 8 of memory and a spacious 128.0 of internal storage, allowing users to navigate demanding workflows seamlessly. Users will appreciate the visual fidelity offered by a 6.6-inch display featuring a crisp 176x176 resolution featuring an ultra-smooth 120.0 refresh rate, perfect for streaming and reading. For users constantly on the move, it features an endurance-focused 4500.0 battery. Coupled with the intuitive pre-installed environment, the Samsung Galaxy S22+ 128GB hits all the right notes for its category.",,https://www.samsung.com/us/smartphones/galaxy-s/; https://www.techspecs.info/samsung-galaxy-s22-5g/,799,USD,95880
Smartphone,Samsung,Galaxy S22+ 256GB,Exynos 2200,8,128,,,,,4500,6.6,176x176,120,25,10MP,50MP + 12MP,"Crafted to meet the demands of modern users, the Samsung Galaxy S22+ 256GB is a powerful piece of engineering. It boasts an impressive architecture featuring the Exynos 2200 processor, 8 of memory and a spacious 128.0 of internal storage to comfortably manage multitasking without bottlenecks. The device incorporates a 6.6-inch display featuring a crisp 176x176 resolution featuring an ultra-smooth 120.0 refresh rate, making it fantastic for media consumption and creative work. Physical endurance is addressed by an endurance-focused 4500.0 battery, keeping you productive on the go. Coupled with the intuitive pre-installed environment, the Samsung Galaxy S22+ 256GB hits all the right notes for its category.",,https://www.samsung.com/us/smartphones/galaxy-s/; https://www.samsung.com/ca/business/smartphones/galaxy-s22/; https://www.techspecs.info/samsung-galaxy-s22-5g/,899,USD,107880
Smartphone,Samsung,Galaxy S22 128GB,Exynos 2200,8,,,,0.167,,3800,6.1,176x176,120,15,10MP,50MP + 12MP,"Presenting the Samsung Galaxy S22 128GB: a premium device built for uncompromised productivity and entertainment. It boasts an impressive architecture featuring the Exynos 2200 processor and 8 of memory to comfortably manage multitasking without bottlenecks. The device incorporates a 6.1-inch display featuring a crisp 176x176 resolution featuring an ultra-smooth 120.0 refresh rate, making it fantastic for media consumption and creative work. Physical endurance is addressed by a substantial 3800.0 cell and a surprisingly light 0.167kg frame, keeping you productive on the go. Coupled with the intuitive pre-installed environment, the Samsung Galaxy S22 128GB hits all the right notes for its category.",,https://www.samsung.com/us/smartphones/galaxy-s/; https://www.samsung.com/ca/business/smartphones/galaxy-s22/; https://en.wikipedia.org/wiki/Samsung_Galaxy_S22,699,USD,83880
Smartphone,Samsung,Galaxy S22 256GB,Exynos 2200,8,128,,,0.167,,3800,6.1,176x176,120,25,10MP,50MP + 12MP,"Presenting the Samsung Galaxy S22 256GB: a dynamic device built for uncompromised productivity and entertainment. Moving to performance, it is powered by the Exynos 2200 processor, 8 of memory and a spacious 128.0 of internal storage, ensuring brisk responsiveness. The device incorporates a 6.1-inch display featuring a crisp 176x176 resolution featuring an ultra-smooth 120.0 refresh rate, making it fantastic for media consumption and creative work. Physical endurance is addressed by a long-lasting 3800.0 battery and a portable chassis weighing 0.167kg, keeping you productive on the go. Ultimately, with its native software at the helm, the Samsung Galaxy S22 256GB easily satisfies the rigorous demands of contemporary digital life.",,https://www.samsung.com/us/smartphones/galaxy-s/; https://www.samsung.com/ca/business/smartphones/galaxy-s22/; https://www.techspecs.info/samsung-galaxy-s22-5g/,799,USD,95880
Smartphone,Samsung,Galaxy Z Fold 5 256GB,Snapdragon 8 Gen 2,12,1024,,,,,4400,7.6,2176x1812,120,25,10MP,50MP + 12MP,"For those seeking reliable technology, the Samsung Galaxy Z Fold 5 256GB stands out as a feature-rich and dependable choice. System operations are fueled by the Snapdragon 8 Gen 2 processor, 12 of memory and a spacious 1024.0 of internal storage, providing the necessary bandwidth for intensive applications. Visuals are delivered through a 7.6-inch display featuring a crisp 2176x1812 resolution featuring an ultra-smooth 120.0 refresh rate, which guarantees an immersive viewing experience. Physical endurance is addressed by a substantial 4400.0 cell, keeping you productive on the go. Coupled with the intuitive pre-installed environment, the Samsung Galaxy Z Fold 5 256GB hits all the right notes for its category.",,https://www.samsung.com/ae/smartphones/galaxy-z/galaxy-z-fold5-gray-256gb-sm-f946bzudmea/; https://specsinsight.com/samsung-galaxy-z-fold-5/,1799,USD,215880
Smartphone,Samsung,Galaxy Z Fold 5 512GB,Snapdragon 8 Gen 2,12,1024,,,,,4400,7.6,2176x1812,165,15,10MP,50MP + 12MP,"The Samsung Galaxy Z Fold 5 512GB seamlessly blends aesthetics with performance, making it a sophisticated companion for daily tasks. The core of its performance lies in the Snapdragon 8 Gen 2 processor, 12 of memory and a spacious 1024.0 of internal storage, allowing users to navigate demanding workflows seamlessly. Its front panel is dominated by a 7.6-inch display featuring a crisp 2176x1812 resolution featuring an ultra-smooth 165.0 refresh rate, providing vibrant colors and sharp contrasts. For users constantly on the move, it features a substantial 4400.0 cell. Running naturally on a modern operating system, the Samsung Galaxy Z Fold 5 512GB is an outstanding technological investment.",,https://www.samsung.com/au/smartphones/galaxy-z/galaxy-z-fold5-gray-512gb-sm-f946bzueats/; https://www.techspecs.info/samsung-galaxy-z-fold5/,1899,USD,227880
Smartphone,Samsung,Galaxy Z Flip 5 256GB,Snapdragon 8 Gen 2,8,512,,,0.187,,3700,6.7,2640x1080,240,25,12MP,12MP + 12MP,"For those seeking reliable technology, the Samsung Galaxy Z Flip 5 256GB stands out as a sophisticated and dependable choice. System operations are engineered around the Snapdragon 8 Gen 2 processor, 8 of memory and a spacious 512.0 of internal storage, providing the necessary bandwidth for intensive applications. Visuals are rendered on a 6.7-inch display featuring a crisp 2640x1080 resolution featuring an ultra-smooth 240.0 refresh rate, which guarantees an immersive viewing experience. Practicality is further enhanced by a substantial 3700.0 cell and an overall weight of just 0.187kg, offering an excellent balance of longevity and comfort. Running naturally on a modern operating system, the Samsung Galaxy Z Flip 5 256GB is an outstanding technological investment.",,https://www.samsung.com/ph/smartphones/galaxy-z/galaxy-z-flip5-graphite-256gb-sm-f731bzaaphl/; https://specsinsight.com/samsung-galaxy-z-flip-5/,999,USD,119880
Smartphone,Samsung,Galaxy Z Flip 5 512GB,Snapdragon 8 Gen 2,8,512,,,0.187,,3700,6.7,2640x1080,120,25,12MP,12MP + 12MP,"Presenting the Samsung Galaxy Z Flip 5 512GB: a powerful device built for uncompromised productivity and entertainment. System operations are engineered around the Snapdragon 8 Gen 2 processor, 8 of memory and a spacious 512.0 of internal storage, providing the necessary bandwidth for intensive applications. The device incorporates a 6.7-inch display featuring a crisp 2640x1080 resolution featuring an ultra-smooth 120.0 refresh rate, making it fantastic for media consumption and creative work. For users constantly on the move, it features a long-lasting 3700.0 battery and a portable chassis weighing 0.187kg. Operating on an efficient OS layer, this configuration positions the Samsung Galaxy Z Flip 5 512GB as a highly capable daily driver.",,https://www.samsung.com/ae/smartphones/galaxy-z/galaxy-z-flip5-graphite-512gb-sm-f731bzaemea/; https://specsinsight.com/samsung-galaxy-z-flip-5/,1099,USD,131880
Smartphone,Samsung,Galaxy Z Fold 4 256GB,Snapdragon 8 Gen 1,12,256,,,0.263,,4400,7.6,2176x1812,120,,10MP,50MP + 12MP,"The Samsung Galaxy Z Fold 4 256GB seamlessly blends aesthetics with performance, making it a premium companion for daily tasks. The core of its performance lies in the Snapdragon 8 Gen 1 processor, 12 of memory and a spacious 256.0 of internal storage, allowing users to navigate demanding workflows seamlessly. The device incorporates a 7.6-inch display featuring a crisp 2176x1812 resolution featuring an ultra-smooth 120.0 refresh rate, making it fantastic for media consumption and creative work. For users constantly on the move, it features an endurance-focused 4400.0 battery and an overall weight of just 0.263kg. Operating on an efficient OS layer, this configuration positions the Samsung Galaxy Z Fold 4 256GB as a highly capable daily driver.",,https://www.samsung.com/hk_en/smartphones/galaxy-z/galaxy-z-fold4-graygreen-256gb-sm-f9360zadtgy/; https://www.gadgets360.com/samsung-galaxy-z-fold-4-price-in-india-112105,1799,USD,215880
Smartphone,Samsung,Galaxy Z Fold 4 512GB,Snapdragon 8 Gen 1,12,256,,,0.263,,4400,7.6,2176x1812,240,25,10MP,50MP + 12MP,"Presenting the Samsung Galaxy Z Fold 4 512GB: a modern device built for uncompromised productivity and entertainment. In terms of hardware, it is powered by the Snapdragon 8 Gen 1 processor, 12 of memory and a spacious 256.0 of internal storage, ensuring brisk responsiveness. Users will appreciate the visual fidelity offered by a 7.6-inch display featuring a crisp 2176x1812 resolution featuring an ultra-smooth 240.0 refresh rate, perfect for streaming and reading. Physical endurance is addressed by a long-lasting 4400.0 battery and an overall weight of just 0.263kg, keeping you productive on the go. Running naturally on a modern operating system, the Samsung Galaxy Z Fold 4 512GB is an outstanding technological investment.",,https://www.samsung.com/ph/smartphones/galaxy-z/galaxy-z-fold4-beige-512gb-sm-f936bzegphl/; https://www.gadgets360.com/samsung-galaxy-z-fold-4-price-in-india-112105; https://specsinsight.com/samsung-galaxy-z-fold4/,1899,USD,227880
Smartphone,Samsung,Galaxy Z Flip 4 256GB,Snapdragon 8 Gen 1,8,128,,,0.187,,3700,6.7,2640x1080,120,,10MP,12MP + 12MP,"The Samsung Galaxy Z Flip 4 256GB emerges as a sophisticated solution designed to elevate your digital experience. The core of its performance lies in the Snapdragon 8 Gen 1 processor, 8 of memory and a spacious 128.0 of internal storage, allowing users to navigate demanding workflows seamlessly. Users will appreciate the visual fidelity offered by a 6.7-inch display featuring a crisp 2640x1080 resolution featuring an ultra-smooth 120.0 refresh rate, perfect for streaming and reading. Physical endurance is addressed by a substantial 3700.0 cell and a portable chassis weighing 0.187kg, keeping you productive on the go. Running naturally on a modern operating system, the Samsung Galaxy Z Flip 4 256GB is an outstanding technological investment.",,https://www.samsung.com/ae/smartphones/galaxy-z/galaxy-z-flip4-graphite-256gb-sm-f721bzaemea/; https://www.gadgets360.com/samsung-galaxy-z-flip-4-price-in-india-112106,999,USD,119880
Smartphone,Samsung,Galaxy Z Flip 4 512GB,Snapdragon 8 Gen 1,8,128,,,0.187,,3700,6.7,2640x1080,240,25,10MP,12MP + 12MP,"Crafted to meet the demands of modern users, the Samsung Galaxy Z Flip 4 512GB is a feature-rich piece of engineering. The core of its performance lies in the Snapdragon 8 Gen 1 processor, 8 of memory and a spacious 128.0 of internal storage, allowing users to navigate demanding workflows seamlessly. Visuals are rendered on a 6.7-inch display featuring a crisp 2640x1080 resolution featuring an ultra-smooth 240.0 refresh rate, which guarantees an immersive viewing experience. For users constantly on the move, it features a substantial 3700.0 cell and a surprisingly light 0.187kg frame. Ultimately, with its native software at the helm, the Samsung Galaxy Z Flip 4 512GB easily satisfies the rigorous demands of contemporary digital life.",,https://www.samsung.com/ph/smartphones/galaxy-z/galaxy-z-flip4-graphite-512gb-sm-f721bzafphl/; https://www.gadgets360.com/samsung-galaxy-z-flip-4-price-in-india-112106; https://www.phonemore.com/specs/samsung/galaxy-z-flip-4/sm-f721u-512gb/,1099,USD,131880
Smartphone,Samsung,Galaxy A54 128GB,Exynos 1380,6,128,,,0.189,,5000,6.4,1080x2340,120,25,32MP,50MP + 12MP,"Crafted to meet the demands of modern users, the Samsung Galaxy A54 128GB is a dynamic piece of engineering. The core of its performance lies in the Exynos 1380 processor, 6 of memory and a spacious 128.0 of internal storage, allowing users to navigate demanding workflows seamlessly. The device incorporates a 6.4-inch display featuring a crisp 1080x2340 resolution featuring an ultra-smooth 120.0 refresh rate, making it fantastic for media consumption and creative work. It integrates a substantial 5000.0 cell and a surprisingly light 0.189kg frame to maximize mobility without sacrificing runtime. Operating on an efficient OS layer, this configuration positions the Samsung Galaxy A54 128GB as a highly capable daily driver.",,https://www.samsung.com/ae/smartphones/galaxy-a/galaxy-a54-5g-awesome-black-128gb-sm-a546ezkcmea/; https://www.techspecs.info/samsung-galaxy-a54/,399,USD,47880
Smartphone,Samsung,Galaxy A54 256GB,Exynos 1380,6,128,,,0.189,,5000,6.4,1080x2340,240,25,32MP,50MP + 12MP,"Crafted to meet the demands of modern users, the Samsung Galaxy A54 256GB is a reliable piece of engineering. Furthermore, it is fueled by the Exynos 1380 processor, 6 of memory and a spacious 128.0 of internal storage, ensuring brisk responsiveness. Users will appreciate the visual fidelity offered by a 6.4-inch display featuring a crisp 1080x2340 resolution featuring an ultra-smooth 240.0 refresh rate, perfect for streaming and reading. For users constantly on the move, it features an endurance-focused 5000.0 battery and an overall weight of just 0.189kg. Coupled with the intuitive pre-installed environment, the Samsung Galaxy A54 256GB hits all the right notes for its category.",,https://www.samsung.com/ph/smartphones/galaxy-a/galaxy-a54-5g-awesome-graphite-256gb-sm-a546ezkdphl/; https://www.techspecs.info/samsung-galaxy-a54/,449,USD,53880
Smartphone,Samsung,Galaxy A34 128GB,MediaTek Dimensity 1080,6,256,,,0.199,,5000,6.6,1080x2340,240,25,13MP,48MP + 8MP,"The Samsung Galaxy A34 128GB seamlessly blends aesthetics with performance, making it a premium companion for daily tasks. In terms of hardware, it is driven by the MediaTek Dimensity 1080 processor, 6 of memory and a spacious 256.0 of internal storage, ensuring brisk responsiveness. Its front panel is dominated by a 6.6-inch display featuring a crisp 1080x2340 resolution featuring an ultra-smooth 240.0 refresh rate, providing vibrant colors and sharp contrasts. It integrates a substantial 5000.0 cell and a surprisingly light 0.199kg frame to maximize mobility without sacrificing runtime. Coupled with the intuitive pre-installed environment, the Samsung Galaxy A34 128GB hits all the right notes for its category.",,https://www.samsung.com/ph/smartphones/galaxy-a/galaxy-a34-5g-awesome-graphite-128gb-sm-a346ezkcphl/; https://www.techspecs.info/samsung-galaxy-a34/,349,USD,41880
Smartphone,Samsung,Galaxy A34 256GB,MediaTek Dimensity 1080,6,256,,,0.199,,5000,6.6,1080x2340,240,25,13MP,48MP + 8MP,"For those seeking reliable technology, the Samsung Galaxy A34 256GB stands out as a highly capable and dependable choice. System operations are equipped with the MediaTek Dimensity 1080 processor, 6 of memory and a spacious 256.0 of internal storage, providing the necessary bandwidth for intensive applications. The device incorporates a 6.6-inch display featuring a crisp 1080x2340 resolution featuring an ultra-smooth 240.0 refresh rate, making it fantastic for media consumption and creative work. Physical endurance is addressed by a substantial 5000.0 cell and an overall weight of just 0.199kg, keeping you productive on the go. Coupled with the intuitive pre-installed environment, the Samsung Galaxy A34 256GB hits all the right notes for its category.",,https://www.samsung.com/ph/smartphones/galaxy-a/galaxy-a34-5g-awesome-graphite-256gb-sm-a346ezkephl/; https://phonespecs.net/specs/samsung_galaxy_a34-12074.html,399,USD,47880
Smartphone,Samsung,Galaxy A24 128GB,MediaTek Helio G99,6,128,,,,,5000,6.5,1080x2340,165,25,13MP,50MP + 5MP,"The Samsung Galaxy A24 128GB seamlessly blends aesthetics with performance, making it a sophisticated companion for daily tasks. Under the hood, it is fueled by the MediaTek Helio G99 processor, 6 of memory and a spacious 128.0 of internal storage, ensuring brisk responsiveness. Users will appreciate the visual fidelity offered by a 6.5-inch display featuring a crisp 1080x2340 resolution featuring an ultra-smooth 165.0 refresh rate, perfect for streaming and reading. It integrates a substantial 5000.0 cell to maximize mobility without sacrificing runtime. Coupled with the intuitive pre-installed environment, the Samsung Galaxy A24 128GB hits all the right notes for its category.",,https://www.samsung.com/africa_en/smartphones/galaxy-a/galaxy-a24-black-128gb-sm-a245fzkvafc/; https://www.techspecs.info/samsung-galaxy-a24-4g/,299,USD,35880
Smartphone,Samsung,Galaxy A24 256GB,MediaTek Helio G99,6,128,,,,,5000,6.5,1080x2340,240,25,13MP,50MP + 5MP,"Crafted to meet the demands of modern users, the Samsung Galaxy A24 256GB is a feature-rich piece of engineering. System operations are engineered around the MediaTek Helio G99 processor, 6 of memory and a spacious 128.0 of internal storage, providing the necessary bandwidth for intensive applications. Its front panel is dominated by a 6.5-inch display featuring a crisp 1080x2340 resolution featuring an ultra-smooth 240.0 refresh rate, providing vibrant colors and sharp contrasts. It integrates a long-lasting 5000.0 battery to maximize mobility without sacrificing runtime. Ultimately, with its native software at the helm, the Samsung Galaxy A24 256GB easily satisfies the rigorous demands of contemporary digital life.",,https://www.samsung.com/ph/smartphones/galaxy-a/galaxy-a24-green-128gb-sm-a245flgwphl/; https://www.techspecs.info/samsung-galaxy-a24-4g/,349,USD,41880
Smartphone,Samsung,Galaxy A14 128GB,Exynos 850,4,128,,,0.19,,5000,6.6,1080x2408,240,15,13MP,50MP + 2MP,"Crafted to meet the demands of modern users, the Samsung Galaxy A14 128GB is a versatile piece of engineering. It boasts an impressive architecture featuring the Exynos 850 processor, 4 of memory and a spacious 128.0 of internal storage to comfortably manage multitasking without bottlenecks. Its front panel is dominated by a 6.6-inch display featuring a crisp 1080x2408 resolution featuring an ultra-smooth 240.0 refresh rate, providing vibrant colors and sharp contrasts. Physical endurance is addressed by a substantial 5000.0 cell and a portable chassis weighing 0.19kg, keeping you productive on the go. Ultimately, with its native software at the helm, the Samsung Galaxy A14 128GB easily satisfies the rigorous demands of contemporary digital life.",,https://www.samsung.com/ph/smartphones/galaxy-a/galaxy-a14-silver-128gb-sm-a145fzsvphl/; https://www.techspecs.info/samsung-galaxy-a14/,249,USD,29880
Smartphone,Samsung,Galaxy A14 256GB,Exynos 850,4,64,,,0.19,,5000,6.6,1080x2408,240,15,13MP,50MP + 2MP,"For those seeking reliable technology, the Samsung Galaxy A14 256GB stands out as a powerful and dependable choice. System operations are driven by the Exynos 850 processor, 4 of memory and a spacious 64.0 of internal storage, providing the necessary bandwidth for intensive applications. Users will appreciate the visual fidelity offered by a 6.6-inch display featuring a crisp 1080x2408 resolution featuring an ultra-smooth 240.0 refresh rate, perfect for streaming and reading. Physical endurance is addressed by an endurance-focused 5000.0 battery and an overall weight of just 0.19kg, keeping you productive on the go. Running naturally on a modern operating system, the Samsung Galaxy A14 256GB is an outstanding technological investment.",,https://www.samsung.com/us/smartphones/galaxy-a-series/; https://www.samsung.com/ph/smartphones/galaxy-a/galaxy-a14-5g-red-128gb-sm-a146pdrhphl/; https://www.techspecs.info/samsung-galaxy-a14/,299,USD,35880
Smartphone,Samsung,Galaxy A04 64GB,Exynos 850,4,32,,,0.188,,5000,6.5,720x1600,165,67,5MP,50MP + 2MP,"Crafted to meet the demands of modern users, the Samsung Galaxy A04 64GB is a versatile piece of engineering. It boasts an impressive architecture featuring the Exynos 850 processor, 4 of memory and a spacious 32.0 of internal storage to comfortably manage multitasking without bottlenecks. The device incorporates a 6.5-inch display featuring a crisp 720x1600 resolution featuring an ultra-smooth 165.0 refresh rate, making it fantastic for media consumption and creative work. It integrates a long-lasting 5000.0 battery and a portable chassis weighing 0.188kg to maximize mobility without sacrificing runtime. Ultimately, with its native software at the helm, the Samsung Galaxy A04 64GB easily satisfies the rigorous demands of contemporary digital life.",,https://www.samsung.com/africa_en/smartphones/galaxy-a/galaxy-a04-black-beauty-64gb-sm-a045fzkgafc/; https://www.gadgets360.com/samsung-galaxy-a04-price-in-india-112445; https://www.techspecs.info/samsung-galaxy-a04/,199,USD,23880
Smartphone,Samsung,Galaxy A04 128GB,Exynos 850,4,32,,,0.188,,5000,6.5,720x1600,240,67,5MP,50MP + 2MP,"Crafted to meet the demands of modern users, the Samsung Galaxy A04 128GB is a sophisticated piece of engineering. Moving to performance, it is powered by the Exynos 850 processor, 4 of memory and a spacious 32.0 of internal storage, ensuring brisk responsiveness. The device incorporates a 6.5-inch display featuring a crisp 720x1600 resolution featuring an ultra-smooth 240.0 refresh rate, making it fantastic for media consumption and creative work. Practicality is further enhanced by an endurance-focused 5000.0 battery and an overall weight of just 0.188kg, offering an excellent balance of longevity and comfort. Coupled with the intuitive pre-installed environment, the Samsung Galaxy A04 128GB hits all the right notes for its category.",,https://www.samsung.com/ph/smartphones/galaxy-a/galaxy-a04-black-128gb-sm-a045fzkhphl/; https://www.gadgets360.com/samsung-galaxy-a04-price-in-india-112445; https://www.techspecs.info/samsung-galaxy-a04/,249,USD,29880
Smartphone,Samsung,Galaxy M54 128GB,Exynos 1380,8,128,,,0.202,,6000,6.7,1080x2400,120,25,32MP,108MP + 8MP,"For those seeking reliable technology, the Samsung Galaxy M54 128GB stands out as a versatile and dependable choice. The core of its performance lies in the Exynos 1380 processor, 8 of memory and a spacious 128.0 of internal storage, allowing users to navigate demanding workflows seamlessly. Visuals are delivered through a 6.7-inch display featuring a crisp 1080x2400 resolution featuring an ultra-smooth 120.0 refresh rate, which guarantees an immersive viewing experience. It integrates an endurance-focused 6000.0 battery and a portable chassis weighing 0.202kg to maximize mobility without sacrificing runtime. Coupled with the intuitive pre-installed environment, the Samsung Galaxy M54 128GB hits all the right notes for its category.",,https://phonesdata.com/en/smartphones/samsung/galaxy-m54-5463209/; https://www.techspecs.info/samsung-galaxy-m54/,349,USD,41880
Smartphone,Samsung,Galaxy M54 256GB,Exynos 1380,8,128,,,0.202,,6000,6.7,1080x2400,180,25,32MP,108MP + 8MP,"Presenting the Samsung Galaxy M54 256GB: a feature-rich device built for uncompromised productivity and entertainment. System operations are engineered around the Exynos 1380 processor, 8 of memory and a spacious 128.0 of internal storage, providing the necessary bandwidth for intensive applications. Its front panel is dominated by a 6.7-inch display featuring a crisp 1080x2400 resolution featuring an ultra-smooth 180.0 refresh rate, providing vibrant colors and sharp contrasts. Practicality is further enhanced by a long-lasting 6000.0 battery and a portable chassis weighing 0.202kg, offering an excellent balance of longevity and comfort. Ultimately, with its native software at the helm, the Samsung Galaxy M54 256GB easily satisfies the rigorous demands of contemporary digital life.",,https://www.samsung.com/id/smartphones/galaxy-m/galaxy-m54-5g-silver-256gb-sm-m546bzshxid/; https://phonesdata.com/en/smartphones/samsung/galaxy-m54-5463209/; https://www.techspecs.info/samsung-galaxy-m54/,399,USD,47880
Smartphone,Samsung,Galaxy M34 128GB,Exynos 1280,6,128,,,0.199,,6000,6.5,1080x2340,120,25,13MP,50MP + 8MP,"Crafted to meet the demands of modern users, the Samsung Galaxy M34 128GB is a highly capable piece of engineering. Additionally, it is engineered around the Exynos 1280 processor, 6 of memory and a spacious 128.0 of internal storage, ensuring brisk responsiveness. Visuals are delivered through a 6.5-inch display featuring a crisp 1080x2340 resolution featuring an ultra-smooth 120.0 refresh rate, which guarantees an immersive viewing experience. Physical endurance is addressed by a substantial 6000.0 cell and a portable chassis weighing 0.199kg, keeping you productive on the go. Coupled with the intuitive pre-installed environment, the Samsung Galaxy M34 128GB hits all the right notes for its category.",,https://www.samsung.com/hk_en/smartphones/galaxy-m/galaxy-m34-5g-dark-blue-128gb-sm-m346bdbptgy/; https://www.gadgets360.com/samsung-galaxy-m34-price-in-india-110689; https://phonespecs.net/specs/samsung_galaxy_m34_5g-11290.html,299,USD,35880
Smartphone,Samsung,Galaxy M34 256GB,Exynos 1280,6,128,,,0.199,,6000,6.5,709x800,120,25,13MP,50MP + 8MP,"The Samsung Galaxy M34 256GB seamlessly blends aesthetics with performance, making it a premium companion for daily tasks. Furthermore, it is engineered around the Exynos 1280 processor, 6 of memory and a spacious 128.0 of internal storage, ensuring brisk responsiveness. Its front panel is dominated by a 6.5-inch display featuring a crisp 709x800 resolution featuring an ultra-smooth 120.0 refresh rate, providing vibrant colors and sharp contrasts. Physical endurance is addressed by a long-lasting 6000.0 battery and an overall weight of just 0.199kg, keeping you productive on the go. Ultimately, with its native software at the helm, the Samsung Galaxy M34 256GB easily satisfies the rigorous demands of contemporary digital life.",,https://www.gadgets360.com/samsung-galaxy-m34-price-in-india-110689; https://phonespecs.net/specs/samsung_galaxy_m34_5g-11290.html,349,USD,41880
Smartphone,Samsung,Galaxy M14 128GB,Exynos 850,4,64,,,0.202,,6000,6.6,1080x2408,90,15,13MP,50MP + 2MP,"Presenting the Samsung Galaxy M14 128GB: a sophisticated device built for uncompromised productivity and entertainment. It boasts an impressive architecture featuring the Exynos 850 processor, 4 of memory and a spacious 64.0 of internal storage to comfortably manage multitasking without bottlenecks. Visuals are handled by a 6.6-inch display featuring a crisp 1080x2408 resolution featuring an ultra-smooth 90.0 refresh rate, which guarantees an immersive viewing experience. For users constantly on the move, it features a long-lasting 6000.0 battery and a surprisingly light 0.202kg frame. Operating on an efficient OS layer, this configuration positions the Samsung Galaxy M14 128GB as a highly capable daily driver.",,https://www.samsung.com/bd/smartphones/galaxy-m/galaxy-m14-5g-blue-128gb-sm-m146bdbhbck/; https://phonespecs.net/specs/samsung_galaxy_m14-12160.html; https://www.techspecs.info/samsung-galaxy-m14-5g/,249,USD,29880
Smartphone,Samsung,Galaxy M14 256GB,Exynos 850,4,64,,,0.202,,6000,6.6,1080x2408,90,15,13MP,50MP + 2MP,"The Samsung Galaxy M14 256GB emerges as a versatile solution designed to elevate your digital experience. The core of its performance lies in the Exynos 850 processor, 4 of memory and a spacious 64.0 of internal storage, allowing users to navigate demanding workflows seamlessly. Users will appreciate the visual fidelity offered by a 6.6-inch display featuring a crisp 1080x2408 resolution featuring an ultra-smooth 90.0 refresh rate, perfect for streaming and reading. Practicality is further enhanced by a long-lasting 6000.0 battery and an overall weight of just 0.202kg, offering an excellent balance of longevity and comfort. Running naturally on a modern operating system, the Samsung Galaxy M14 256GB is an outstanding technological investment.",,https://phonespecs.net/specs/samsung_galaxy_m14-12160.html; https://www.techspecs.info/samsung-galaxy-m14-5g/,299,USD,35880
Smartphone,Samsung,Galaxy M04 64GB,MediaTek Helio P35,4,64,,,0.188,,5000,6.5,709x800,165,15,5MP,13MP + 2MP,"The Samsung Galaxy M04 64GB emerges as a reliable solution designed to elevate your digital experience. As for its internals, it is fueled by the MediaTek Helio P35 processor, 4 of memory and a spacious 64.0 of internal storage, ensuring brisk responsiveness. The device incorporates a 6.5-inch display featuring a crisp 709x800 resolution featuring an ultra-smooth 165.0 refresh rate, making it fantastic for media consumption and creative work. Physical endurance is addressed by a long-lasting 5000.0 battery and a portable chassis weighing 0.188kg, keeping you productive on the go. Coupled with the intuitive pre-installed environment, the Samsung Galaxy M04 64GB hits all the right notes for its category.",,https://www.gadgets360.com/samsung-galaxy-m04-price-in-india-114686; https://phonespecs.net/specs/samsung_galaxy_m04-12022.html,199,USD,23880
Smartphone,Samsung,Galaxy M04 128GB,MediaTek Helio P35,4,64,,,0.188,,5000,6.5,709x800,165,15,5MP,13MP + 2MP,"For those seeking reliable technology, the Samsung Galaxy M04 128GB stands out as a sophisticated and dependable choice. The core of its performance lies in the MediaTek Helio P35 processor, 4 of memory and a spacious 64.0 of internal storage, allowing users to navigate demanding workflows seamlessly. The device incorporates a 6.5-inch display featuring a crisp 709x800 resolution featuring an ultra-smooth 165.0 refresh rate, making it fantastic for media consumption and creative work. For users constantly on the move, it features a long-lasting 5000.0 battery and an overall weight of just 0.188kg. Operating on an efficient OS layer, this configuration positions the Samsung Galaxy M04 128GB as a highly capable daily driver.",,https://www.gadgets360.com/samsung-galaxy-m04-price-in-india-114686; https://phonespecs.net/specs/samsung_galaxy_m04-12022.html,249,USD,29880
Smartphone,Samsung,Galaxy F54 128GB,Exynos 1380,8,256,,,0.199,,6000,6.7,1080x2400,120,45,32MP,108MP + 8MP,"Crafted to meet the demands of modern users, the Samsung Galaxy F54 128GB is a reliable piece of engineering. System operations are fueled by the Exynos 1380 processor, 8 of memory and a spacious 256.0 of internal storage, providing the necessary bandwidth for intensive applications. Visuals are delivered through a 6.7-inch display featuring a crisp 1080x2400 resolution featuring an ultra-smooth 120.0 refresh rate, which guarantees an immersive viewing experience. Physical endurance is addressed by a substantial 6000.0 cell and a portable chassis weighing 0.199kg, keeping you productive on the go. Running naturally on a modern operating system, the Samsung Galaxy F54 128GB is an outstanding technological investment.",,https://phonespecs.net/specs/samsung_galaxy_f54-12239.html; https://www.techspecs.info/samsung-galaxy-f54/,349,USD,41880
Smartphone,Samsung,Galaxy F54 256GB,Exynos 1380,8,256,,,0.199,,6000,6.7,1080x2400,120,45,32MP,108MP + 8MP,"The Samsung Galaxy F54 256GB emerges as a dynamic solution designed to elevate your digital experience. The core of its performance lies in the Exynos 1380 processor, 8 of memory and a spacious 256.0 of internal storage, allowing users to navigate demanding workflows seamlessly. The device incorporates a 6.7-inch display featuring a crisp 1080x2400 resolution featuring an ultra-smooth 120.0 refresh rate, making it fantastic for media consumption and creative work. Practicality is further enhanced by an endurance-focused 6000.0 battery and an overall weight of just 0.199kg, offering an excellent balance of longevity and comfort. Running naturally on a modern operating system, the Samsung Galaxy F54 256GB is an outstanding technological investment.",,https://phonesdata.com/en/smartphones/samsung/galaxy-f54-5464850/; https://www.techspecs.info/samsung-galaxy-f54/,399,USD,47880
Smartphone,Samsung,Galaxy F34 128GB,Exynos 1280,6,128,,,0.19,,6000,6.5,1080x2340,120,25,13MP,50MP + 8MP,"Presenting the Samsung Galaxy F34 128GB: a reliable device built for uncompromised productivity and entertainment. Under the hood, it is driven by the Exynos 1280 processor, 6 of memory and a spacious 128.0 of internal storage, ensuring brisk responsiveness. Users will appreciate the visual fidelity offered by a 6.5-inch display featuring a crisp 1080x2340 resolution featuring an ultra-smooth 120.0 refresh rate, perfect for streaming and reading. Practicality is further enhanced by a substantial 6000.0 cell and a surprisingly light 0.19kg frame, offering an excellent balance of longevity and comfort. Operating on an efficient OS layer, this configuration positions the Samsung Galaxy F34 128GB as a highly capable daily driver.",,https://phonesdata.com/en/smartphones/samsung/galaxy-f34-5463863/; https://www.techspecs.info/samsung-galaxy-f34/,299,USD,35880
Smartphone,Samsung,Galaxy F34 256GB,Exynos 1280,6,128,,,0.19,,6000,6.5,1080x2340,120,25,13MP,50MP + 8MP,"For those seeking reliable technology, the Samsung Galaxy F34 256GB stands out as a premium and dependable choice. It boasts an impressive architecture featuring the Exynos 1280 processor, 6 of memory and a spacious 128.0 of internal storage to comfortably manage multitasking without bottlenecks. Visuals are delivered through a 6.5-inch display featuring a crisp 1080x2340 resolution featuring an ultra-smooth 120.0 refresh rate, which guarantees an immersive viewing experience. Physical endurance is addressed by a long-lasting 6000.0 battery and a portable chassis weighing 0.19kg, keeping you productive on the go. Operating on an efficient OS layer, this configuration positions the Samsung Galaxy F34 256GB as a highly capable daily driver.",,https://phonesdata.com/en/smartphones/samsung/galaxy-f34-5463863/; https://www.techspecs.info/samsung-galaxy-f34/,349,USD,41880
Smartphone,Samsung,Galaxy F14 128GB,Exynos 850,4,128,,,0.198,,6000,6.6,1080x2408,90,25,13MP,50MP + 2MP,"The Samsung Galaxy F14 128GB seamlessly blends aesthetics with performance, making it a feature-rich companion for daily tasks. System operations are driven by the Exynos 850 processor, 4 of memory and a spacious 128.0 of internal storage, providing the necessary bandwidth for intensive applications. Visuals are showcased on a 6.6-inch display featuring a crisp 1080x2408 resolution featuring an ultra-smooth 90.0 refresh rate, which guarantees an immersive viewing experience. It integrates a substantial 6000.0 cell and an overall weight of just 0.198kg to maximize mobility without sacrificing runtime. Ultimately, with its native software at the helm, the Samsung Galaxy F14 128GB easily satisfies the rigorous demands of contemporary digital life.",,https://phonesdata.com/en/smartphones/samsung/galaxy-f14-5463198/; https://www.techspecs.info/samsung-galaxy-f14/,249,USD,29880
Smartphone,Samsung,Galaxy F14 256GB,Exynos 850,4,128,,,0.198,,6000,6.6,1080x2408,90,25,13MP,50MP + 2MP,"For those seeking reliable technology, the Samsung Galaxy F14 256GB stands out as a powerful and dependable choice. Additionally, it is driven by the Exynos 850 processor, 4 of memory and a spacious 128.0 of internal storage, ensuring brisk responsiveness. Visuals are delivered through a 6.6-inch display featuring a crisp 1080x2408 resolution featuring an ultra-smooth 90.0 refresh rate, which guarantees an immersive viewing experience. Practicality is further enhanced by a substantial 6000.0 cell and a portable chassis weighing 0.198kg, offering an excellent balance of longevity and comfort. Coupled with the intuitive pre-installed environment, the Samsung Galaxy F14 256GB hits all the right notes for its category.",,https://phonespecs.net/specs/samsung_galaxy_f14-12175.html; https://www.techspecs.info/samsung-galaxy-f14/,299,USD,35880
Smartphone,Samsung,Galaxy Note 20 Ultra 128GB,Exynos 990,12,512,,,0.208,,4500,6.9,3088x1440,240,,10MP,108MP + 12MP,"The Samsung Galaxy Note 20 Ultra 128GB seamlessly blends aesthetics with performance, making it a highly capable companion for daily tasks. Furthermore, it is powered by the Exynos 990 processor, 12 of memory and a spacious 512.0 of internal storage, ensuring brisk responsiveness. Its front panel is dominated by a 6.9-inch display featuring a crisp 3088x1440 resolution featuring an ultra-smooth 240.0 refresh rate, providing vibrant colors and sharp contrasts. Physical endurance is addressed by an endurance-focused 4500.0 battery and a portable chassis weighing 0.208kg, keeping you productive on the go. Ultimately, with its native software at the helm, the Samsung Galaxy Note 20 Ultra 128GB easily satisfies the rigorous demands of contemporary digital life.",,https://www.samsung.com/latin_en/smartphones/galaxy-note20/specs/; https://www.samsungmobilepress.com/media-assets/galaxy_note20_ultra?tab=specs,1299,USD,155880
Smartphone,Samsung,Galaxy Note 20 Ultra 256GB,Exynos 990,12,256,,,0.208,,4500,6.9,3088x1440,180,15,10MP,108MP + 12MP,"Presenting the Samsung Galaxy Note 20 Ultra 256GB: a reliable device built for uncompromised productivity and entertainment. System operations are fueled by the Exynos 990 processor, 12 of memory and a spacious 256.0 of internal storage, providing the necessary bandwidth for intensive applications. Users will appreciate the visual fidelity offered by a 6.9-inch display featuring a crisp 3088x1440 resolution featuring an ultra-smooth 180.0 refresh rate, perfect for streaming and reading. Physical endurance is addressed by an endurance-focused 4500.0 battery and a surprisingly light 0.208kg frame, keeping you productive on the go. Running naturally on a modern operating system, the Samsung Galaxy Note 20 Ultra 256GB is an outstanding technological investment.",,https://www.samsung.com/id/smartphones/galaxy-note20/specs/; https://www.mobiledokan.com/mobile/samsung-galaxy-note20-ultra,1399,USD,167880
Smartphone,Samsung,Galaxy Note 20 128GB,Exynos 990,8,256,,,0.192,,4300,6.7,3088x1440,240,,10MP,108MP + 12MP,"The Samsung Galaxy Note 20 128GB seamlessly blends aesthetics with performance, making it a reliable companion for daily tasks. It boasts an impressive architecture featuring the Exynos 990 processor, 8 of memory and a spacious 256.0 of internal storage to comfortably manage multitasking without bottlenecks. Users will appreciate the visual fidelity offered by a 6.7-inch display featuring a crisp 3088x1440 resolution featuring an ultra-smooth 240.0 refresh rate, perfect for streaming and reading. Physical endurance is addressed by an endurance-focused 4300.0 battery and a portable chassis weighing 0.192kg, keeping you productive on the go. Ultimately, with its native software at the helm, the Samsung Galaxy Note 20 128GB easily satisfies the rigorous demands of contemporary digital life.",,https://www.samsung.com/latin_en/smartphones/galaxy-note20/specs/; https://www.samsungmobilepress.com/media-assets/galaxy_note20?tab=specs,999,USD,119880
Smartphone,Samsung,Galaxy Note 20 256GB,Exynos 990,8,256,,,0.192,,4300,6.7,3088x1440,240,,10MP,108MP + 12MP,"The Samsung Galaxy Note 20 256GB emerges as a premium solution designed to elevate your digital experience. It boasts an impressive architecture featuring the Exynos 990 processor, 8 of memory and a spacious 256.0 of internal storage to comfortably manage multitasking without bottlenecks. The device incorporates a 6.7-inch display featuring a crisp 3088x1440 resolution featuring an ultra-smooth 240.0 refresh rate, making it fantastic for media consumption and creative work. For users constantly on the move, it features a substantial 4300.0 cell and an overall weight of just 0.192kg. Ultimately, with its native software at the helm, the Samsung Galaxy Note 20 256GB easily satisfies the rigorous demands of contemporary digital life.",,https://www.samsung.com/latin_en/smartphones/galaxy-note20/specs/; https://www.samsungmobilepress.com/media-assets/galaxy_note20?tab=specs,1099,USD,131880
Smartphone,Samsung,Galaxy Note 10+ 256GB,Exynos 9825,12,256,,,0.196,,4300,6.8,2280x1080,240,,10MP,12MP + 16MP,"Crafted to meet the demands of modern users, the Samsung Galaxy Note 10+ 256GB is a versatile piece of engineering. The core of its performance lies in the Exynos 9825 processor, 12 of memory and a spacious 256.0 of internal storage, allowing users to navigate demanding workflows seamlessly. Its front panel is dominated by a 6.8-inch display featuring a crisp 2280x1080 resolution featuring an ultra-smooth 240.0 refresh rate, providing vibrant colors and sharp contrasts. Practicality is further enhanced by a long-lasting 4300.0 battery and a portable chassis weighing 0.196kg, offering an excellent balance of longevity and comfort. Running naturally on a modern operating system, the Samsung Galaxy Note 10+ 256GB is an outstanding technological investment.",,https://www.samsung.com/my/smartphones/galaxy-note10/specs/; https://www.gadgets360.com/samsung-galaxy-note-10-plus-price-in-india-90911,1099,USD,131880
Smartphone,Samsung,Galaxy Note 10+ 512GB,Exynos 9825,12,256,,,0.196,,4300,6.8,2280x1080,240,,10MP,12MP + 16MP,"The Samsung Galaxy Note 10+ 512GB seamlessly blends aesthetics with performance, making it a highly capable companion for daily tasks. It boasts an impressive architecture featuring the Exynos 9825 processor, 12 of memory and a spacious 256.0 of internal storage to comfortably manage multitasking without bottlenecks. The device incorporates a 6.8-inch display featuring a crisp 2280x1080 resolution featuring an ultra-smooth 240.0 refresh rate, making it fantastic for media consumption and creative work. Practicality is further enhanced by a long-lasting 4300.0 battery and a surprisingly light 0.196kg frame, offering an excellent balance of longevity and comfort. Ultimately, with its native software at the helm, the Samsung Galaxy Note 10+ 512GB easily satisfies the rigorous demands of contemporary digital life.",,https://www.samsung.com/my/smartphones/galaxy-note10/specs/; https://www.gadgets360.com/samsung-galaxy-note-10-plus-512gb-storage-price-in-india-90911-v158945,1199,USD,143880
Smartphone,Samsung,Galaxy Note 10 256GB,Exynos 9825,8,256,,,0.168,,3500,6.3,2280x1080,240,,10MP,12MP + 16MP,"For those seeking reliable technology, the Samsung Galaxy Note 10 256GB stands out as a reliable and dependable choice. It boasts an impressive architecture featuring the Exynos 9825 processor, 8 of memory and a spacious 256.0 of internal storage to comfortably manage multitasking without bottlenecks. Users will appreciate the visual fidelity offered by a 6.3-inch display featuring a crisp 2280x1080 resolution featuring an ultra-smooth 240.0 refresh rate, perfect for streaming and reading. Physical endurance is addressed by an endurance-focused 3500.0 battery and an overall weight of just 0.168kg, keeping you productive on the go. Running naturally on a modern operating system, the Samsung Galaxy Note 10 256GB is an outstanding technological investment.",,https://www.samsung.com/my/smartphones/galaxy-note10/specs/; https://www.samsungmobilepress.com/media-assets/galaxy_note10?tab=specs,949,USD,113880
Smartphone,Samsung,Galaxy Note 10 128GB,Exynos 9825,8,256,,,0.168,,3500,6.3,2280x1080,240,25,10MP,12MP + 16MP,"The Samsung Galaxy Note 10 128GB seamlessly blends aesthetics with performance, making it a modern companion for daily tasks. It boasts an impressive architecture featuring the Exynos 9825 processor, 8 of memory and a spacious 256.0 of internal storage to comfortably manage multitasking without bottlenecks. Its front panel is dominated by a 6.3-inch display featuring a crisp 2280x1080 resolution featuring an ultra-smooth 240.0 refresh rate, providing vibrant colors and sharp contrasts. Physical endurance is addressed by a substantial 3500.0 cell and a portable chassis weighing 0.168kg, keeping you productive on the go. Ultimately, with its native software at the helm, the Samsung Galaxy Note 10 128GB easily satisfies the rigorous demands of contemporary digital life.",,https://www.samsung.com/latin_en/smartphones/galaxy-note10/specs/; https://www.techspecs.info/samsung-galaxy-note10/,899,USD,107880
Smartphone,Samsung,Galaxy Xcover 6 Pro 128GB,Exynos 1380,6,128,,,,,4050,6.6,1080x2408,120,15,13MP,50MP,"The Samsung Galaxy Xcover 6 Pro 128GB seamlessly blends aesthetics with performance, making it a dynamic companion for daily tasks. System operations are driven by the Exynos 1380 processor, 6 of memory and a spacious 128.0 of internal storage, providing the necessary bandwidth for intensive applications. Users will appreciate the visual fidelity offered by a 6.6-inch display featuring a crisp 1080x2408 resolution featuring an ultra-smooth 120.0 refresh rate, perfect for streaming and reading. It integrates a long-lasting 4050.0 battery to maximize mobility without sacrificing runtime. Ultimately, with its native software at the helm, the Samsung Galaxy Xcover 6 Pro 128GB easily satisfies the rigorous demands of contemporary digital life.",,https://www.samsung.com/my/business/smartphones/galaxy-xcover/galaxy-xcover6-pro-sm-g736bzkds09/; https://www.cellsarena.com/phones/samsung/samsung-galaxy-xcover6-pro,499,USD,59880
Smartphone,Samsung,Galaxy Xcover 5 64GB,Exynos 850,4,64,,,0.172,,3000,5.3,1480x720,120,15,5MP,16MP,"The Samsung Galaxy Xcover 5 64GB seamlessly blends aesthetics with performance, making it a powerful companion for daily tasks. It boasts an impressive architecture featuring the Exynos 850 processor, 4 of memory and a spacious 64.0 of internal storage to comfortably manage multitasking without bottlenecks. Its front panel is dominated by a 5.3-inch display featuring a crisp 1480x720 resolution featuring an ultra-smooth 120.0 refresh rate, providing vibrant colors and sharp contrasts. It integrates a substantial 3000.0 cell and a surprisingly light 0.172kg frame to maximize mobility without sacrificing runtime. Operating on an efficient OS layer, this configuration positions the Samsung Galaxy Xcover 5 64GB as a highly capable daily driver.",,https://www.samsung.com/ie/business/smartphones/xcover/galaxy-xcover5-sm-g525fzkdeea/; https://www.samsung.com/ph/business/smartphones/xcover/galaxy-xcover-5-ee-sm-g525fzkds07/; https://www.techspecs.info/samsung-galaxy-xcover-5/,249,USD,29880
Smartphone,Samsung,Galaxy J8 64GB,Snapdragon 450,4,64,,,0.191,,3500,6,1480x720,165,,16MP,16MP + 5MP,"The Samsung Galaxy J8 64GB seamlessly blends aesthetics with performance, making it a versatile companion for daily tasks. The core of its performance lies in the Snapdragon 450 processor, 4 of memory and a spacious 64.0 of internal storage, allowing users to navigate demanding workflows seamlessly. Users will appreciate the visual fidelity offered by a 6.0-inch display featuring a crisp 1480x720 resolution featuring an ultra-smooth 165.0 refresh rate, perfect for streaming and reading. Practicality is further enhanced by a substantial 3500.0 cell and an overall weight of just 0.191kg, offering an excellent balance of longevity and comfort. Operating on an efficient OS layer, this configuration positions the Samsung Galaxy J8 64GB as a highly capable daily driver.",,https://www.samsung.com/lb/business/smartphones/others/galaxy-j8-j810-sm-j810fzvgmid/; https://www.gadgets360.com/samsung-galaxy-j8-5463; https://www.mobosdata.com/phone/samsung-galaxy-j8/,199,USD,23880
Smartphone,Samsung,Galaxy J7 Pro 64GB,Exynos 7870,3,64,,,0.181,,3600,5.5,1080x1920,165,,13MP,13MP,"Crafted to meet the demands of modern users, the Samsung Galaxy J7 Pro 64GB is a modern piece of engineering. In terms of hardware, it is fueled by the Exynos 7870 processor, 3 of memory and a spacious 64.0 of internal storage, ensuring brisk responsiveness. Visuals are presented via a 5.5-inch display featuring a crisp 1080x1920 resolution featuring an ultra-smooth 165.0 refresh rate, which guarantees an immersive viewing experience. Practicality is further enhanced by an endurance-focused 3600.0 battery and a portable chassis weighing 0.181kg, offering an excellent balance of longevity and comfort. Ultimately, with its native software at the helm, the Samsung Galaxy J7 Pro 64GB easily satisfies the rigorous demands of contemporary digital life.",,https://phonespecs.net/specs/samsung_galaxy_j7_pro-8561.html; https://www.gadgets360.com/samsung-galaxy-j7-pro-4215; https://gsmchina.com/smartphones/samsung-galaxy-j7-pro/,179,USD,21480
Smartphone,Samsung,Galaxy J6+ 64GB,Snapdragon 425,4,,,,0.178,,3300,6,720x1480,165,,8MP,13MP + 5MP,"The Samsung Galaxy J6+ 64GB seamlessly blends aesthetics with performance, making it a modern companion for daily tasks. The core of its performance lies in the Snapdragon 425 processor and 4 of memory, allowing users to navigate demanding workflows seamlessly. Visuals are showcased on a 6.0-inch display featuring a crisp 720x1480 resolution featuring an ultra-smooth 165.0 refresh rate, which guarantees an immersive viewing experience. For users constantly on the move, it features a long-lasting 3300.0 battery and a surprisingly light 0.178kg frame. Ultimately, with its native software at the helm, the Samsung Galaxy J6+ 64GB easily satisfies the rigorous demands of contemporary digital life.",,https://phonespecs.net/specs/samsung_galaxy_j6+-9334.html; https://www.gadgets360.com/samsung-galaxy-j6-5651,169,USD,20280
Smartphone,Samsung,Galaxy J4 16GB,Exynos 7570,2,32,,,,,3000,5.5,720x1480,165,,5MP,13MP,"The Samsung Galaxy J4 16GB seamlessly blends aesthetics with performance, making it a premium companion for daily tasks. System operations are equipped with the Exynos 7570 processor, 2 of memory and a spacious 32.0 of internal storage, providing the necessary bandwidth for intensive applications. Users will appreciate the visual fidelity offered by a 5.5-inch display featuring a crisp 720x1480 resolution featuring an ultra-smooth 165.0 refresh rate, perfect for streaming and reading. Practicality is further enhanced by a long-lasting 3000.0 battery, offering an excellent balance of longevity and comfort. Coupled with the intuitive pre-installed environment, the Samsung Galaxy J4 16GB hits all the right notes for its category.",,https://www.gadgets360.com/samsung-galaxy-j4-core-5731; https://www.gadgets360.com/samsung-galaxy-j4-5453,129,USD,15480
Smartphone,Samsung,Galaxy C9 Pro 64GB,Snapdragon 653,6,64,,,0.189,,4000,6,1920x1080,240,18,16MP,16MP + 8MP,"For those seeking reliable technology, the Samsung Galaxy C9 Pro 64GB stands out as a powerful and dependable choice. The core of its performance lies in the Snapdragon 653 processor, 6 of memory and a spacious 64.0 of internal storage, allowing users to navigate demanding workflows seamlessly. Visuals are showcased on a 6.0-inch display featuring a crisp 1920x1080 resolution featuring an ultra-smooth 240.0 refresh rate, which guarantees an immersive viewing experience. For users constantly on the move, it features a substantial 4000.0 cell and a surprisingly light 0.189kg frame. Running naturally on a modern operating system, the Samsung Galaxy C9 Pro 64GB is an outstanding technological investment.",,https://www.samsung.com/ph/smartphones/others/galaxy-c9-gold-64gb-sm-c900fzddxtc/; https://phonespecs.net/specs/samsung_galaxy_c9_pro-8347.html,399,USD,47880
Smartphone,Samsung,Galaxy C7 Pro 64GB,Snapdragon 625,4,64,,,,,3300,5.7,480x960,165,,16MP,16MP,"Crafted to meet the demands of modern users, the Samsung Galaxy C7 Pro 64GB is a sophisticated piece of engineering. System operations are powered by the Snapdragon 625 processor, 4 of memory and a spacious 64.0 of internal storage, providing the necessary bandwidth for intensive applications. The device incorporates a 5.7-inch display featuring a crisp 480x960 resolution featuring an ultra-smooth 165.0 refresh rate, making it fantastic for media consumption and creative work. Physical endurance is addressed by a substantial 3300.0 cell, keeping you productive on the go. Operating on an efficient OS layer, this configuration positions the Samsung Galaxy C7 Pro 64GB as a highly capable daily driver.",,https://www.gadgets360.com/samsung-galaxy-c7-pro-3966; https://www.mobosdata.com/phone/samsung-galaxy-c7-pro-sm-c701f/,299,USD,35880
Smartphone,Samsung,Galaxy C5 32GB,Snapdragon 617,4,,,,0.143,,2600,5.2,1080x1920,165,18,8MP,16MP,"Crafted to meet the demands of modern users, the Samsung Galaxy C5 32GB is a versatile piece of engineering. System operations are driven by the Snapdragon 617 processor and 4 of memory, providing the necessary bandwidth for intensive applications. The device incorporates a 5.2-inch display featuring a crisp 1080x1920 resolution featuring an ultra-smooth 165.0 refresh rate, making it fantastic for media consumption and creative work. For users constantly on the move, it features a substantial 2600.0 cell and a surprisingly light 0.143kg frame. Operating on an efficient OS layer, this configuration positions the Samsung Galaxy C5 32GB as a highly capable daily driver.",,https://phonespecs.net/specs/samsung_galaxy_c5-8047.html; https://www.gadgets360.com/samsung-galaxy-c5-3522,249,USD,29880
Smartphone,Samsung,Galaxy W22 5G 256GB,Snapdragon 888,12,256,,,0.228,,4500,7.6,552x800,165,25,10MP,108MP + 12MP,"For those seeking reliable technology, the Samsung Galaxy W22 5G 256GB stands out as a feature-rich and dependable choice. Furthermore, it is engineered around the Snapdragon 888 processor, 12 of memory and a spacious 256.0 of internal storage, ensuring brisk responsiveness. Its front panel is dominated by a 7.6-inch display featuring a crisp 552x800 resolution featuring an ultra-smooth 165.0 refresh rate, providing vibrant colors and sharp contrasts. Practicality is further enhanced by an endurance-focused 4500.0 battery and an overall weight of just 0.228kg, offering an excellent balance of longevity and comfort. Coupled with the intuitive pre-installed environment, the Samsung Galaxy W22 5G 256GB hits all the right notes for its category.",,https://www.gadgets360.com/samsung-w22-5g-price-in-india-104268; https://www.mobiledokan.com/mobile/samsung-galaxy-w22-5g,1499,USD,179880
Smartphone,Samsung,Galaxy W21 5G 256GB,Snapdragon 888,12,12,,,0.229,,4500,7.6,546x800,165,25,10MP,108MP + 12MP,"For those seeking reliable technology, the Samsung Galaxy W21 5G 256GB stands out as a sophisticated and dependable choice. System operations are engineered around the Snapdragon 888 processor, 12 of memory and a spacious 12.0 of internal storage, providing the necessary bandwidth for intensive applications. Users will appreciate the visual fidelity offered by a 7.6-inch display featuring a crisp 546x800 resolution featuring an ultra-smooth 165.0 refresh rate, perfect for streaming and reading. Practicality is further enhanced by an endurance-focused 4500.0 battery and an overall weight of just 0.229kg, offering an excellent balance of longevity and comfort. Running naturally on a modern operating system, the Samsung Galaxy W21 5G 256GB is an outstanding technological investment.",,https://www.gadgets360.com/samsung-w21-5g-price-in-india-98293; https://mobilelok.com/phones/samsung-galaxy-w21-5g; https://www.phonemore.com/specs/samsung/w21-5g/,1399,USD,167880
Smartphone,Samsung,Galaxy Tab S9 Ultra 256GB,Snapdragon 8 Gen 2,12,1024,,,0.732,,11200,,2960x1848,120,45,12MP + 12MP,13MP + 8MP,"For those seeking reliable technology, the Samsung Galaxy Tab S9 Ultra 256GB stands out as a versatile and dependable choice. It boasts an impressive architecture featuring the Snapdragon 8 Gen 2 processor, 12 of memory and a spacious 1024.0 of internal storage to comfortably manage multitasking without bottlenecks. Visuals are showcased on a crisp 2960x1848 resolution featuring an ultra-smooth 120.0 refresh rate, which guarantees an immersive viewing experience. For users constantly on the move, it features a substantial 11200.0 cell and a portable chassis weighing 0.732kg. Running naturally on a modern operating system, the Samsung Galaxy Tab S9 Ultra 256GB is an outstanding technological investment.",,https://www.samsung.com/levant/tablets/galaxy-tab-s/galaxy-tab-s9-ultra-5g-graphite-256gb-sm-x916bzaamea/; https://phonespecs.net/specs/samsung_galaxy_tab_s9_ultra-12217.html,1199,USD,143880
Smartphone,Samsung,Galaxy Tab S9+ 256GB,Snapdragon 8 Gen 2,12,1024,,,0.586,,10090,,2560x1600,120,,12MP,13MP + 8MP,"Presenting the Samsung Galaxy Tab S9+ 256GB: a premium device built for uncompromised productivity and entertainment. The core of its performance lies in the Snapdragon 8 Gen 2 processor, 12 of memory and a spacious 1024.0 of internal storage, allowing users to navigate demanding workflows seamlessly. The device incorporates a crisp 2560x1600 resolution featuring an ultra-smooth 120.0 refresh rate, making it fantastic for media consumption and creative work. Practicality is further enhanced by a substantial 10090.0 cell and a portable chassis weighing 0.586kg, offering an excellent balance of longevity and comfort. Running naturally on a modern operating system, the Samsung Galaxy Tab S9+ 256GB is an outstanding technological investment.",,https://www.samsung.com/levant/tablets/galaxy-tab-s/galaxy-tab-s9-wi-fi-graphite-256gb-sm-x710nzaemea/,999,USD,119880
Smartphone,Samsung,Galaxy Tab S9 128GB,Snapdragon 8 Gen 2,8,1024,,,0.498,,8400,,2560x1600,120,,12MP,13MP,"The Samsung Galaxy Tab S9 128GB seamlessly blends aesthetics with performance, making it a dynamic companion for daily tasks. It boasts an impressive architecture featuring the Snapdragon 8 Gen 2 processor, 8 of memory and a spacious 1024.0 of internal storage to comfortably manage multitasking without bottlenecks. The device incorporates a crisp 2560x1600 resolution featuring an ultra-smooth 120.0 refresh rate, making it fantastic for media consumption and creative work. For users constantly on the move, it features an endurance-focused 8400.0 battery and a portable chassis weighing 0.498kg. Coupled with the intuitive pre-installed environment, the Samsung Galaxy Tab S9 128GB hits all the right notes for its category.",,https://www.samsung.com/in/tablets/galaxy-tab-s/galaxy-tab-s9-5g-beige-128gb-sm-x716bzeainu/,799,USD,95880
Smartphone,Samsung,Galaxy Tab S9 FE 128GB,Exynos 1380,6,128,,,0.523,,8000,,2560x1600,90,45,12MP,8MP,"Crafted to meet the demands of modern users, the Samsung Galaxy Tab S9 FE 128GB is a powerful piece of engineering. System operations are driven by the Exynos 1380 processor, 6 of memory and a spacious 128.0 of internal storage, providing the necessary bandwidth for intensive applications. Its front panel is dominated by a crisp 2560x1600 resolution featuring an ultra-smooth 90.0 refresh rate, providing vibrant colors and sharp contrasts. For users constantly on the move, it features an endurance-focused 8000.0 battery and a portable chassis weighing 0.523kg. Operating on an efficient OS layer, this configuration positions the Samsung Galaxy Tab S9 FE 128GB as a highly capable daily driver.",,https://www.samsung.com/ae/support/mobile-devices/galaxy-tab-s9-fe-and-tab-s9-fe-specification-and-feature/; https://www.samsung.com/sg/tablets/galaxy-tab-s/galaxy-tab-s9-fe-wifi-gray-128gb-sm-x510nzaaxsp/,549,USD,65880
Smartphone,Samsung,Galaxy Tab S8 Ultra 256GB,Snapdragon 8 Gen 1,12,512,,,0.726,,11200,,2960x1848,120,45,12MP + 12MP,13MP + 6MP,"The Samsung Galaxy Tab S8 Ultra 256GB seamlessly blends aesthetics with performance, making it a reliable companion for daily tasks. It boasts an impressive architecture featuring the Snapdragon 8 Gen 1 processor, 12 of memory and a spacious 512.0 of internal storage to comfortably manage multitasking without bottlenecks. Visuals are rendered on a crisp 2960x1848 resolution featuring an ultra-smooth 120.0 refresh rate, which guarantees an immersive viewing experience. It integrates a long-lasting 11200.0 battery and an overall weight of just 0.726kg to maximize mobility without sacrificing runtime. Ultimately, with its native software at the helm, the Samsung Galaxy Tab S8 Ultra 256GB easily satisfies the rigorous demands of contemporary digital life.",,https://www.samsung.com/ae/tablets/galaxy-tab-s/galaxy-tab-s8-ultra-5g-graphite-256gb-sm-x906bzaemea/; https://specsinsight.com/samsung-galaxy-tab-s8-ultra/,1099,USD,131880
Smartphone,Samsung,Galaxy Tab S8+ 256GB,Snapdragon 8 Gen 1,8,,,,0.567,,10090,,2560x1600,240,45,12MP,13MP + 6MP,"The Samsung Galaxy Tab S8+ 256GB emerges as a reliable solution designed to elevate your digital experience. The core of its performance lies in the Snapdragon 8 Gen 1 processor and 8 of memory, allowing users to navigate demanding workflows seamlessly. Its front panel is dominated by a crisp 2560x1600 resolution featuring an ultra-smooth 240.0 refresh rate, providing vibrant colors and sharp contrasts. It integrates a long-lasting 10090.0 battery and an overall weight of just 0.567kg to maximize mobility without sacrificing runtime. Running naturally on a modern operating system, the Samsung Galaxy Tab S8+ 256GB is an outstanding technological investment.",,https://www.samsung.com/ph/tablets/galaxy-tab-s/galaxy-tab-s8-5g-silver-256gb-sm-x706bzsbxtc/; https://phonespecs.net/specs/samsung_galaxy_tab_s8+-11342.html,899,USD,107880
Smartphone,Samsung,Galaxy Tab S8 128GB,Snapdragon 8 Gen 1,8,,,,0.503,,8000,,2560x1600,120,,12MP,13MP + 6MP,"Crafted to meet the demands of modern users, the Samsung Galaxy Tab S8 128GB is a reliable piece of engineering. Furthermore, it is engineered around the Snapdragon 8 Gen 1 processor and 8 of memory, ensuring brisk responsiveness. The device incorporates a crisp 2560x1600 resolution featuring an ultra-smooth 120.0 refresh rate, making it fantastic for media consumption and creative work. It integrates an endurance-focused 8000.0 battery and an overall weight of just 0.503kg to maximize mobility without sacrificing runtime. Operating on an efficient OS layer, this configuration positions the Samsung Galaxy Tab S8 128GB as a highly capable daily driver.",,https://www.samsung.com/ae/tablets/galaxy-tab-s/galaxy-tab-s8-wifi-graphite-128gb-sm-x700nzaamea/,699,USD,83880
Smartphone,Samsung,Galaxy Tab A9+ 128GB,Snapdragon 695,8,128,,,0.48,,7040,,1920x1200,90,15,5MP,8MP,"Crafted to meet the demands of modern users, the Samsung Galaxy Tab A9+ 128GB is a highly capable piece of engineering. The core of its performance lies in the Snapdragon 695 processor, 8 of memory and a spacious 128.0 of internal storage, allowing users to navigate demanding workflows seamlessly. The device incorporates a crisp 1920x1200 resolution featuring an ultra-smooth 90.0 refresh rate, making it fantastic for media consumption and creative work. For users constantly on the move, it features an endurance-focused 7040.0 battery and a surprisingly light 0.48kg frame. Operating on an efficient OS layer, this configuration positions the Samsung Galaxy Tab A9+ 128GB as a highly capable daily driver.",,https://www.samsung.com/us/app/tablets/galaxy-tab-a9-plus/; https://www.samsung.com/in/tablets/galaxy-tab-a/galaxy-tab-a9-plus-5g-graphite-128gb-sm-x216bzaeins/; https://phonespecs.net/specs/samsung_galaxy_tab_a9+-12617.html,229,USD,27480
Smartphone,Samsung,Galaxy Tab A9 64GB,MediaTek Helio G99,4,128,,,0.366,,5100,8.7,1920x1200,60,15,2MP,8MP,"Presenting the Samsung Galaxy Tab A9 64GB: a powerful device built for uncompromised productivity and entertainment. The core of its performance lies in the MediaTek Helio G99 processor, 4 of memory and a spacious 128.0 of internal storage, allowing users to navigate demanding workflows seamlessly. Visuals are presented via a 8.7-inch display featuring a crisp 1920x1200 resolution featuring an ultra-smooth 60.0 refresh rate, which guarantees an immersive viewing experience. For users constantly on the move, it features a substantial 5100.0 cell and an overall weight of just 0.366kg. Ultimately, with its native software at the helm, the Samsung Galaxy Tab A9 64GB easily satisfies the rigorous demands of contemporary digital life.",,https://www.samsung.com/levant/tablets/galaxy-tab-a/galaxy-tab-a9-plus-wifi-mystic-silver-64gb-sm-x210nzsamea/; https://specsinsight.com/samsung-galaxy-tab-a9/,179,USD,21480
Smartphone,Samsung,Galaxy Tab A8 64GB,Unisoc T618,4,128,,,0.508,,7040,,1920x1200,165,15,5MP,8MP,"The Samsung Galaxy Tab A8 64GB emerges as a versatile solution designed to elevate your digital experience. It boasts an impressive architecture featuring the Unisoc T618 processor, 4 of memory and a spacious 128.0 of internal storage to comfortably manage multitasking without bottlenecks. The device incorporates a crisp 1920x1200 resolution featuring an ultra-smooth 165.0 refresh rate, making it fantastic for media consumption and creative work. Physical endurance is addressed by a long-lasting 7040.0 battery and a portable chassis weighing 0.508kg, keeping you productive on the go. Ultimately, with its native software at the helm, the Samsung Galaxy Tab A8 64GB easily satisfies the rigorous demands of contemporary digital life.",,https://www.samsung.com/au/tablets/galaxy-tab-a/galaxy-tab-a8-wifi-dark-gray-64gb-sm-x200nzaexsa/,199,USD,23880
Smartphone,Samsung,Galaxy Tab A7 Lite 32GB,MediaTek Helio P22T,3,32,,,0.366,,5100,8.7,1340x800,,15,2MP,8MP,"Presenting the Samsung Galaxy Tab A7 Lite 32GB: a feature-rich device built for uncompromised productivity and entertainment. The core of its performance lies in the MediaTek Helio P22T processor, 3 of memory and a spacious 32.0 of internal storage, allowing users to navigate demanding workflows seamlessly. Visuals are showcased on a 8.7-inch display featuring a crisp 1340x800 resolution, which guarantees an immersive viewing experience. Physical endurance is addressed by an endurance-focused 5100.0 battery and a surprisingly light 0.366kg frame, keeping you productive on the go. Ultimately, with its native software at the helm, the Samsung Galaxy Tab A7 Lite 32GB easily satisfies the rigorous demands of contemporary digital life.",,https://www.samsung.com/za/business/tablets/galaxy-tab-a/galaxy-tab-a7-lite-wifi-t220-sm-t220nzaaafa/; https://www.samsung.com/uk/business/tablets/galaxy-tab-a/galaxy-tab-a7-lite-t220-sm-t220nzsaeua/,149,USD,17880
Smartphone,Samsung,Galaxy Tab Active 5 128GB,Exynos 1380,6,128,,,0.433,,5050,8,1920x1200,120,,5MP,13MP,"The Samsung Galaxy Tab Active 5 128GB emerges as a modern solution designed to elevate your digital experience. System operations are driven by the Exynos 1380 processor, 6 of memory and a spacious 128.0 of internal storage, providing the necessary bandwidth for intensive applications. Visuals are delivered through a 8.0-inch display featuring a crisp 1920x1200 resolution featuring an ultra-smooth 120.0 refresh rate, which guarantees an immersive viewing experience. Practicality is further enhanced by an endurance-focused 5050.0 battery and a surprisingly light 0.433kg frame, offering an excellent balance of longevity and comfort. Ultimately, with its native software at the helm, the Samsung Galaxy Tab Active 5 128GB easily satisfies the rigorous demands of contemporary digital life.",,https://www.samsung.com/ph/business/tablets/galaxy-tab-active/galaxy-tab-active5-5g-sm-x306bzgashl/,549,USD,65880
Smartphone,Samsung,Galaxy Tab Active 4 Pro 128GB,Snapdragon 778G,6,128,,,,,7600,,1920x1200,240,,8MP,13MP,"The Samsung Galaxy Tab Active 4 Pro 128GB emerges as a sophisticated solution designed to elevate your digital experience. System operations are driven by the Snapdragon 778G processor, 6 of memory and a spacious 128.0 of internal storage, providing the necessary bandwidth for intensive applications. Its front panel is dominated by a crisp 1920x1200 resolution featuring an ultra-smooth 240.0 refresh rate, providing vibrant colors and sharp contrasts. Physical endurance is addressed by an endurance-focused 7600.0 battery, keeping you productive on the go. Ultimately, with its native software at the helm, the Samsung Galaxy Tab Active 4 Pro 128GB easily satisfies the rigorous demands of contemporary digital life.",,https://www.samsung.com/uk/tablets/others/galaxy-tab-active4-pro-black-128gb-sm-t636bzkeeea/,649,USD,77880
Smartphone,Samsung,Galaxy Tab Active 3 64GB,Exynos 9810,4,64,,,0.426,,5050,8,1920x1200,,15,5MP,13MP,"The Samsung Galaxy Tab Active 3 64GB emerges as a versatile solution designed to elevate your digital experience. The core of its performance lies in the Exynos 9810 processor, 4 of memory and a spacious 64.0 of internal storage, allowing users to navigate demanding workflows seamlessly. The device incorporates a 8.0-inch display featuring a crisp 1920x1200 resolution, making it fantastic for media consumption and creative work. Practicality is further enhanced by an endurance-focused 5050.0 battery and a portable chassis weighing 0.426kg, offering an excellent balance of longevity and comfort. Running naturally on a modern operating system, the Samsung Galaxy Tab Active 3 64GB is an outstanding technological investment.",,https://www.samsung.com/ie/business/tablets/galaxy-tab-active/galaxy-tab-active3-t575-sm-t575nzkaeea/; https://www.samsung.com/ph/business/tablets/galaxy-tab-active/galaxy-tab-active3-sm-t575nzkas07/,499,USD,59880
Smartphone,Samsung,Galaxy Tab E 10.1 16GB,Spreadtrum SC8830,5,16,,,0.49,,5000,,176x176,165,,2MP,5MP,"The Samsung Galaxy Tab E 10.1 16GB seamlessly blends aesthetics with performance, making it a modern companion for daily tasks. System operations are driven by the Spreadtrum SC8830 processor, 5 of memory and a spacious 16.0 of internal storage, providing the necessary bandwidth for intensive applications. Users will appreciate the visual fidelity offered by a crisp 176x176 resolution featuring an ultra-smooth 165.0 refresh rate, perfect for streaming and reading. It integrates an endurance-focused 5000.0 battery and a portable chassis weighing 0.49kg to maximize mobility without sacrificing runtime. Operating on an efficient OS layer, this configuration positions the Samsung Galaxy Tab E 10.1 16GB as a highly capable daily driver.",,https://www.samsung.com/us/tablets/all-tablets/; https://www.samsung.com/us/tablets/; https://www.gadgets360.com/samsung-galaxy-tab-e-2714; https://en.wikipedia.org/wiki/Samsung_Galaxy_Tab,129,USD,15480
Smartphone,Samsung,Galaxy Tab E 8.0 16GB,Qualcomm MSM8916,5,16,,,0.36,,5000,8,800x1280,165,,2MP,5MP,"The Samsung Galaxy Tab E 8.0 16GB emerges as a premium solution designed to elevate your digital experience. Additionally, it is equipped with the Qualcomm MSM8916 processor, 5 of memory and a spacious 16.0 of internal storage, ensuring brisk responsiveness. Users will appreciate the visual fidelity offered by a 8.0-inch display featuring a crisp 800x1280 resolution featuring an ultra-smooth 165.0 refresh rate, perfect for streaming and reading. Physical endurance is addressed by a substantial 5000.0 cell and a portable chassis weighing 0.36kg, keeping you productive on the go. Operating on an efficient OS layer, this configuration positions the Samsung Galaxy Tab E 8.0 16GB as a highly capable daily driver.",,https://www.gadgets360.com/samsung-galaxy-tab-e-8-0-4582; https://www.mobosdata.com/phone/samsung-galaxy-tab-e/,99,USD,11880
Smartphone,OnePlus,OnePlus 12 256GB,Snapdragon 8 Gen 3,12,256,,,,,5000,6.7,3168x1440,120,50,32MP,50MP + 48MP,"Crafted to meet the demands of modern users, the OnePlus OnePlus 12 256GB is a modern piece of engineering. In terms of hardware, it is equipped with the Snapdragon 8 Gen 3 processor, 12 of memory and a spacious 256.0 of internal storage, ensuring brisk responsiveness. Users will appreciate the visual fidelity offered by a 6.7-inch display featuring a crisp 3168x1440 resolution featuring an ultra-smooth 120.0 refresh rate, perfect for streaming and reading. Physical endurance is addressed by a long-lasting 5000.0 battery, keeping you productive on the go. Ultimately, with its native software at the helm, the OnePlus OnePlus 12 256GB easily satisfies the rigorous demands of contemporary digital life.",,https://www.oneplus.com/us/12/specs; https://www.oneplus.com/us/12; https://www.oneplus.in/12/specs,799,USD,95880
Smartphone,OnePlus,OnePlus 12R 256GB,Snapdragon 8 Gen 2,12,128,,,0.203,,4500,6.7,2780x1264,120,100,16MP,50MP + 8MP,"Crafted to meet the demands of modern users, the OnePlus OnePlus 12R 256GB is a feature-rich piece of engineering. Moving to performance, it is powered by the Snapdragon 8 Gen 2 processor, 12 of memory and a spacious 128.0 of internal storage, ensuring brisk responsiveness. Visuals are showcased on a 6.7-inch display featuring a crisp 2780x1264 resolution featuring an ultra-smooth 120.0 refresh rate, which guarantees an immersive viewing experience. For users constantly on the move, it features an endurance-focused 4500.0 battery and a portable chassis weighing 0.203kg. Ultimately, with its native software at the helm, the OnePlus OnePlus 12R 256GB easily satisfies the rigorous demands of contemporary digital life.",,https://www.oneplus.com/us/12r/specs; https://phonespecs.net/specs/oneplus_12r-12727.html; https://www.oneplus.in/12r/specs,699,USD,83880
Smartphone,OnePlus,OnePlus 11 256GB,Snapdragon 8 Gen 1,12,128,,,,,5000,6.7,3216x1440,120,80,16MP,50MP + 48MP,"For those seeking reliable technology, the OnePlus OnePlus 11 256GB stands out as a versatile and dependable choice. It boasts an impressive architecture featuring the Snapdragon 8 Gen 1 processor, 12 of memory and a spacious 128.0 of internal storage to comfortably manage multitasking without bottlenecks. Users will appreciate the visual fidelity offered by a 6.7-inch display featuring a crisp 3216x1440 resolution featuring an ultra-smooth 120.0 refresh rate, perfect for streaming and reading. For users constantly on the move, it features an endurance-focused 5000.0 battery. Ultimately, with its native software at the helm, the OnePlus OnePlus 11 256GB easily satisfies the rigorous demands of contemporary digital life.",,https://www.oneplus.com/us/11; https://www.oneplus.com/us/11/specs; https://www.gadgets360.com/oneplus-11-5g-price-in-india-114905,699,USD,83880
Smartphone,OnePlus,OnePlus 11R 256GB,Snapdragon 8 Gen 1,12,128,,,0.202,,5000,6.7,1240x2772,120,100,16MP,50MP + 8MP,"For those seeking reliable technology, the OnePlus OnePlus 11R 256GB stands out as a reliable and dependable choice. It boasts an impressive architecture featuring the Snapdragon 8 Gen 1 processor, 12 of memory and a spacious 128.0 of internal storage to comfortably manage multitasking without bottlenecks. Visuals are handled by a 6.7-inch display featuring a crisp 1240x2772 resolution featuring an ultra-smooth 120.0 refresh rate, which guarantees an immersive viewing experience. For users constantly on the move, it features a substantial 5000.0 cell and a surprisingly light 0.202kg frame. Ultimately, with its native software at the helm, the OnePlus OnePlus 11R 256GB easily satisfies the rigorous demands of contemporary digital life.",,https://phonespecs.net/specs/oneplus_11r-11915.html; https://www.techspecs.info/oneplus-11r/,599,USD,71880
Smartphone,OnePlus,OnePlus Nord 3 256GB,MediaTek Dimensity 9000,12,128,,,0.19,,5000,6.74,2772x1240,120,80,16MP,50MP + 8MP,"The OnePlus OnePlus Nord 3 256GB emerges as a premium solution designed to elevate your digital experience. In terms of hardware, it is driven by the MediaTek Dimensity 9000 processor, 12 of memory and a spacious 128.0 of internal storage, ensuring brisk responsiveness. The device incorporates a 6.74-inch display featuring a crisp 2772x1240 resolution featuring an ultra-smooth 120.0 refresh rate, making it fantastic for media consumption and creative work. It integrates a long-lasting 5000.0 battery and an overall weight of just 0.19kg to maximize mobility without sacrificing runtime. Coupled with the intuitive pre-installed environment, the OnePlus OnePlus Nord 3 256GB hits all the right notes for its category.",,https://www.oneplus.com/global/nord-3-5g/specs; https://www.gadgets360.com/oneplus-nord-3-5g-price-in-india-110690; https://www.gadgetbytenepal.com/product/oneplus-nord-3-5g/,499,USD,59880
Smartphone,OnePlus,OnePlus Nord CE 3 128GB,Snapdragon 782G,8,128,,,0.179,,5000,6.72,659x800,120,80,16MP,50MP + 2MP,"Presenting the OnePlus OnePlus Nord CE 3 128GB: a feature-rich device built for uncompromised productivity and entertainment. The core of its performance lies in the Snapdragon 782G processor, 8 of memory and a spacious 128.0 of internal storage, allowing users to navigate demanding workflows seamlessly. The device incorporates a 6.72-inch display featuring a crisp 659x800 resolution featuring an ultra-smooth 120.0 refresh rate, making it fantastic for media consumption and creative work. It integrates an endurance-focused 5000.0 battery and a portable chassis weighing 0.179kg to maximize mobility without sacrificing runtime. Operating on an efficient OS layer, this configuration positions the OnePlus OnePlus Nord CE 3 128GB as a highly capable daily driver.",,https://www.gadgets360.com/oneplus-nord-ce-3-5g-price-in-india-119020; https://specsinsight.com/oneplus-nord-ce-3-5g/,399,USD,47880
Smartphone,OnePlus,OnePlus Nord CE 3 Lite 128GB,Snapdragon 695,8,128,,,,,5000,6.72,2400x1080,120,67,16MP,108MP,"The OnePlus OnePlus Nord CE 3 Lite 128GB seamlessly blends aesthetics with performance, making it a modern companion for daily tasks. As for its internals, it is powered by the Snapdragon 695 processor, 8 of memory and a spacious 128.0 of internal storage, ensuring brisk responsiveness. Visuals are delivered through a 6.72-inch display featuring a crisp 2400x1080 resolution featuring an ultra-smooth 120.0 refresh rate, which guarantees an immersive viewing experience. Physical endurance is addressed by a substantial 5000.0 cell, keeping you productive on the go. Ultimately, with its native software at the helm, the OnePlus OnePlus Nord CE 3 Lite 128GB easily satisfies the rigorous demands of contemporary digital life.",,https://www.oneplus.com/global/nord-ce-3-lite-5g; https://www.oneplus.com/be_nl/nord-ce-3-lite-5g/specs; https://www.gadgets360.com/oneplus-nord-ce-3-lite-5g-price-in-india-116580,299,USD,35880
Smartphone,OnePlus,OnePlus Nord N30 5G 128GB,MediaTek Dimensity 6020,8,,,,0.192,,5000,6.72,2400x1080,120,50,16MP,64MP + 2MP,"Crafted to meet the demands of modern users, the OnePlus OnePlus Nord N30 5G 128GB is a dynamic piece of engineering. It boasts an impressive architecture featuring the MediaTek Dimensity 6020 processor and 8 of memory to comfortably manage multitasking without bottlenecks. Visuals are rendered on a 6.72-inch display featuring a crisp 2400x1080 resolution featuring an ultra-smooth 120.0 refresh rate, which guarantees an immersive viewing experience. Practicality is further enhanced by a substantial 5000.0 cell and a portable chassis weighing 0.192kg, offering an excellent balance of longevity and comfort. Running naturally on a modern operating system, the OnePlus OnePlus Nord N30 5G 128GB is an outstanding technological investment.",,https://www.oneplus.com/us/n30-5g/specs; https://www.gadgets360.com/oneplus-nord-n30-5g-price-in-india-118001,249,USD,29880
Smartphone,OnePlus,OnePlus Open 256GB,Snapdragon 8 Gen 2,16,12,,,0.238,,4800,7.8,2440x2268,120,67,32MP,48MP + 48MP,"Crafted to meet the demands of modern users, the OnePlus OnePlus Open 256GB is a powerful piece of engineering. System operations are driven by the Snapdragon 8 Gen 2 processor, 16 of memory and a spacious 12.0 of internal storage, providing the necessary bandwidth for intensive applications. Its front panel is dominated by a 7.8-inch display featuring a crisp 2440x2268 resolution featuring an ultra-smooth 120.0 refresh rate, providing vibrant colors and sharp contrasts. Physical endurance is addressed by an endurance-focused 4800.0 battery and an overall weight of just 0.238kg, keeping you productive on the go. Coupled with the intuitive pre-installed environment, the OnePlus OnePlus Open 256GB hits all the right notes for its category.",,https://www.oneplus.com/global/open/specs; https://www.oneplus.com/global/open,1099,USD,131880
Smartphone,OnePlus,OnePlus 10 Pro 256GB,Snapdragon 8 Gen 1,12,256,,,0.2,,5000,6.7,3216x1440,120,80,32MP,50MP + 48MP,"The OnePlus OnePlus 10 Pro 256GB emerges as a versatile solution designed to elevate your digital experience. It boasts an impressive architecture featuring the Snapdragon 8 Gen 1 processor, 12 of memory and a spacious 256.0 of internal storage to comfortably manage multitasking without bottlenecks. Users will appreciate the visual fidelity offered by a 6.7-inch display featuring a crisp 3216x1440 resolution featuring an ultra-smooth 120.0 refresh rate, perfect for streaming and reading. Practicality is further enhanced by an endurance-focused 5000.0 battery and a portable chassis weighing 0.2kg, offering an excellent balance of longevity and comfort. Coupled with the intuitive pre-installed environment, the OnePlus OnePlus 10 Pro 256GB hits all the right notes for its category.",,https://www.oneplus.com/us/10-pro/specs; https://cellsarena.com/phones/oneplus/oneplus-10-pro/specs; https://mobilityarena.com/oneplus-10-pro-specs-news/,899,USD,107880
Smartphone,OnePlus,OnePlus 10T 256GB,Snapdragon 8+ Gen 1,12,128,,,0.203,,4500,6.7,2412x1080,120,,16MP,50MP + 8MP,"Crafted to meet the demands of modern users, the OnePlus OnePlus 10T 256GB is a modern piece of engineering. The core of its performance lies in the Snapdragon 8+ Gen 1 processor, 12 of memory and a spacious 128.0 of internal storage, allowing users to navigate demanding workflows seamlessly. Visuals are handled by a 6.7-inch display featuring a crisp 2412x1080 resolution featuring an ultra-smooth 120.0 refresh rate, which guarantees an immersive viewing experience. Physical endurance is addressed by a substantial 4500.0 cell and an overall weight of just 0.203kg, keeping you productive on the go. Running naturally on a modern operating system, the OnePlus OnePlus 10T 256GB is an outstanding technological investment.",,https://www.oneplus.com/us/10t; https://www.oneplus.com/us/10t/specs; https://www.gadgets360.com/oneplus-10t-5g-price-in-india-111775,749,USD,89880
Smartphone,OnePlus,OnePlus 9 Pro 256GB,Snapdragon 888,12,128,,,0.192,,4500,6.7,3216x1440,120,50,16MP,48MP + 50MP,"For those seeking reliable technology, the OnePlus OnePlus 9 Pro 256GB stands out as a powerful and dependable choice. System operations are driven by the Snapdragon 888 processor, 12 of memory and a spacious 128.0 of internal storage, providing the necessary bandwidth for intensive applications. Visuals are showcased on a 6.7-inch display featuring a crisp 3216x1440 resolution featuring an ultra-smooth 120.0 refresh rate, which guarantees an immersive viewing experience. For users constantly on the move, it features a substantial 4500.0 cell and a surprisingly light 0.192kg frame. Operating on an efficient OS layer, this configuration positions the OnePlus OnePlus 9 Pro 256GB as a highly capable daily driver.",,https://www.oneplus.com/us/9-pro/specs; https://www.gadgets360.com/oneplus-oneplus-9-pro-price-in-india-100444,699,USD,83880
Smartphone,OnePlus,OnePlus 9 128GB,Snapdragon 888,8,128,,,0.183,,4500,6.55,2400x1080,120,15,16MP,48MP + 50MP,"Presenting the OnePlus OnePlus 9 128GB: a highly capable device built for uncompromised productivity and entertainment. It boasts an impressive architecture featuring the Snapdragon 888 processor, 8 of memory and a spacious 128.0 of internal storage to comfortably manage multitasking without bottlenecks. Visuals are delivered through a 6.55-inch display featuring a crisp 2400x1080 resolution featuring an ultra-smooth 120.0 refresh rate, which guarantees an immersive viewing experience. It integrates a long-lasting 4500.0 battery and a portable chassis weighing 0.183kg to maximize mobility without sacrificing runtime. Running naturally on a modern operating system, the OnePlus OnePlus 9 128GB is an outstanding technological investment.",,https://www.oneplus.com/us/9/specs; https://www.gadgets360.com/oneplus-9-price-in-india-100436,599,USD,71880
Smartphone,OnePlus,OnePlus 11 Pro 256GB,Snapdragon 8 Gen 2,16,128,,,,,5000,6.7,3216x1440,120,80,32MP,50MP + 48MP,"The OnePlus OnePlus 11 Pro 256GB emerges as a modern solution designed to elevate your digital experience. System operations are equipped with the Snapdragon 8 Gen 2 processor, 16 of memory and a spacious 128.0 of internal storage, providing the necessary bandwidth for intensive applications. Visuals are presented via a 6.7-inch display featuring a crisp 3216x1440 resolution featuring an ultra-smooth 120.0 refresh rate, which guarantees an immersive viewing experience. For users constantly on the move, it features a substantial 5000.0 cell. Ultimately, with its native software at the helm, the OnePlus OnePlus 11 Pro 256GB easily satisfies the rigorous demands of contemporary digital life.",,https://www.oneplus.com/us/11/specs; https://www.oneplus.com/us/11; https://www.91mobiles.com/hub/oneplus-11-pro-specifications-exclusive/,899,USD,107880
Smartphone,OnePlus,OnePlus Nord 2T 128GB,MediaTek Dimensity 1300,8,128,,,0.19,,4500,6.43,540x540,90,80,32MP,50MP + 8MP,"The OnePlus OnePlus Nord 2T 128GB emerges as a premium solution designed to elevate your digital experience. It boasts an impressive architecture featuring the MediaTek Dimensity 1300 processor, 8 of memory and a spacious 128.0 of internal storage to comfortably manage multitasking without bottlenecks. The device incorporates a 6.43-inch display featuring a crisp 540x540 resolution featuring an ultra-smooth 90.0 refresh rate, making it fantastic for media consumption and creative work. For users constantly on the move, it features a substantial 4500.0 cell and a portable chassis weighing 0.19kg. Coupled with the intuitive pre-installed environment, the OnePlus OnePlus Nord 2T 128GB hits all the right notes for its category.",,https://www.oneplus.com/global/nord-2t-5g/specs; https://www.gadgets360.com/oneplus-nord-2t-5g-price-in-india-106885,399,USD,47880
Smartphone,OnePlus,OnePlus Nord 2 128GB,MediaTek Dimensity 1200-AI,8,128,,,0.19,,4500,6.43,2400x1080,90,65,32MP,50MP + 8MP,"Presenting the OnePlus OnePlus Nord 2 128GB: a reliable device built for uncompromised productivity and entertainment. System operations are powered by the MediaTek Dimensity 1200-AI processor, 8 of memory and a spacious 128.0 of internal storage, providing the necessary bandwidth for intensive applications. Visuals are delivered through a 6.43-inch display featuring a crisp 2400x1080 resolution featuring an ultra-smooth 90.0 refresh rate, which guarantees an immersive viewing experience. Physical endurance is addressed by an endurance-focused 4500.0 battery and an overall weight of just 0.19kg, keeping you productive on the go. Coupled with the intuitive pre-installed environment, the OnePlus OnePlus Nord 2 128GB hits all the right notes for its category.",,https://www.oneplus.com/by/nord-2-5g/specs; https://www.techspecs.info/oneplus-nord-2-5g/,349,USD,41880
Smartphone,OnePlus,OnePlus Nord N200 64GB,Snapdragon 480,4,64,,,0.189,,5000,6.49,1080x2400,90,18,16MP,13MP + 2MP,"The OnePlus OnePlus Nord N200 64GB emerges as a versatile solution designed to elevate your digital experience. System operations are driven by the Snapdragon 480 processor, 4 of memory and a spacious 64.0 of internal storage, providing the necessary bandwidth for intensive applications. The device incorporates a 6.49-inch display featuring a crisp 1080x2400 resolution featuring an ultra-smooth 90.0 refresh rate, making it fantastic for media consumption and creative work. It integrates an endurance-focused 5000.0 battery and a portable chassis weighing 0.189kg to maximize mobility without sacrificing runtime. Operating on an efficient OS layer, this configuration positions the OnePlus OnePlus Nord N200 64GB as a highly capable daily driver.",,https://www.oneplus.com/us/n200-5g/specs; https://www.oneplus.com/us/n200-5g,199,USD,23880
Smartphone,OnePlus,OnePlus Nord N100 64GB,Qualcomm Snapdragon 460,4,64,,,,,5000,6.52,720x1600,90,18,8MP,13MP + 2MP,"The OnePlus OnePlus Nord N100 64GB seamlessly blends aesthetics with performance, making it a sophisticated companion for daily tasks. Under the hood, it is fueled by the Qualcomm Snapdragon 460 processor, 4 of memory and a spacious 64.0 of internal storage, ensuring brisk responsiveness. Its front panel is dominated by a 6.52-inch display featuring a crisp 720x1600 resolution featuring an ultra-smooth 90.0 refresh rate, providing vibrant colors and sharp contrasts. Physical endurance is addressed by an endurance-focused 5000.0 battery, keeping you productive on the go. Ultimately, with its native software at the helm, the OnePlus OnePlus Nord N100 64GB easily satisfies the rigorous demands of contemporary digital life.",,https://www.oneplus.com/global/n100/specs; https://www.oneplus.com/global/n100,179,USD,21480
Smartphone,OnePlus,OnePlus 8T Cyberpunk 2077 Edition 256GB,Snapdragon 865,12,12,,,0.188,,4500,6.55,2400x1080,120,65,16MP,48MP + 16MP,"The OnePlus OnePlus 8T Cyberpunk 2077 Edition 256GB seamlessly blends aesthetics with performance, making it a reliable companion for daily tasks. The core of its performance lies in the Snapdragon 865 processor, 12 of memory and a spacious 12.0 of internal storage, allowing users to navigate demanding workflows seamlessly. Users will appreciate the visual fidelity offered by a 6.55-inch display featuring a crisp 2400x1080 resolution featuring an ultra-smooth 120.0 refresh rate, perfect for streaming and reading. It integrates a substantial 4500.0 cell and an overall weight of just 0.188kg to maximize mobility without sacrificing runtime. Operating on an efficient OS layer, this configuration positions the OnePlus OnePlus 8T Cyberpunk 2077 Edition 256GB as a highly capable daily driver.",,https://www.oneplus.com/us/8t/specs; https://www.androidinfotech.com/special-things-oneplus-8t-cyberpunk-2077-edition/; https://www.mobilelok.com/phones/oneplus-oneplus-8t-cyberpunk-2077-edition,749,USD,89880
Smartphone,OnePlus,OnePlus 9T 128GB,Snapdragon 888,8,128,,,0.192,,4500,6.55,2400x1080,120,15,16MP,48MP + 50MP,"Presenting the OnePlus OnePlus 9T 128GB: a modern device built for uncompromised productivity and entertainment. System operations are engineered around the Snapdragon 888 processor, 8 of memory and a spacious 128.0 of internal storage, providing the necessary bandwidth for intensive applications. Visuals are handled by a 6.55-inch display featuring a crisp 2400x1080 resolution featuring an ultra-smooth 120.0 refresh rate, which guarantees an immersive viewing experience. It integrates a substantial 4500.0 cell and a surprisingly light 0.192kg frame to maximize mobility without sacrificing runtime. Running naturally on a modern operating system, the OnePlus OnePlus 9T 128GB is an outstanding technological investment.",,https://www.oneplus.com/global/9/specs; https://www.smartprix.com/mobiles/oneplus-9t-ppd1c667hwxp,649,USD,77880
Smartphone,OnePlus,OnePlus 8T 256GB,Snapdragon 865,12,256,,,0.188,,4500,6.55,2400x1080,120,,16MP,48MP + 16MP,"Presenting the OnePlus OnePlus 8T 256GB: a highly capable device built for uncompromised productivity and entertainment. It boasts an impressive architecture featuring the Snapdragon 865 processor, 12 of memory and a spacious 256.0 of internal storage to comfortably manage multitasking without bottlenecks. The device incorporates a 6.55-inch display featuring a crisp 2400x1080 resolution featuring an ultra-smooth 120.0 refresh rate, making it fantastic for media consumption and creative work. Physical endurance is addressed by a substantial 4500.0 cell and a surprisingly light 0.188kg frame, keeping you productive on the go. Running naturally on a modern operating system, the OnePlus OnePlus 8T 256GB is an outstanding technological investment.",,https://www.oneplus.com/us/8t; https://www.oneplus.com/mm/8t/specs; https://www.mobosdata.com/phone/oneplus-8t/,599,USD,71880
Smartphone,OnePlus,OnePlus 10T 5G 256GB,Snapdragon 8+ Gen 1,12,128,,,0.203,,4500,6.7,2412x1080,120,150,16MP,50MP + 8MP,"The OnePlus OnePlus 10T 5G 256GB emerges as a premium solution designed to elevate your digital experience. System operations are driven by the Snapdragon 8+ Gen 1 processor, 12 of memory and a spacious 128.0 of internal storage, providing the necessary bandwidth for intensive applications. Users will appreciate the visual fidelity offered by a 6.7-inch display featuring a crisp 2412x1080 resolution featuring an ultra-smooth 120.0 refresh rate, perfect for streaming and reading. For users constantly on the move, it features a long-lasting 4500.0 battery and a surprisingly light 0.203kg frame. Ultimately, with its native software at the helm, the OnePlus OnePlus 10T 5G 256GB easily satisfies the rigorous demands of contemporary digital life.",,https://www.oneplus.com/global/10t; https://www.oneplus.com/us/10t/specs; https://www.gadgets360.com/oneplus-10t-5g-price-in-india-111775; https://specsinsight.com/oneplus-10t-5g/,749,USD,89880
Smartphone,OnePlus,OnePlus 9R 5G 128GB,Snapdragon 870,8,128,,,0.189,,4500,6.55,1080x2400,120,65,16MP,48MP + 5MP,"The OnePlus OnePlus 9R 5G 128GB seamlessly blends aesthetics with performance, making it a dynamic companion for daily tasks. The core of its performance lies in the Snapdragon 870 processor, 8 of memory and a spacious 128.0 of internal storage, allowing users to navigate demanding workflows seamlessly. The device incorporates a 6.55-inch display featuring a crisp 1080x2400 resolution featuring an ultra-smooth 120.0 refresh rate, making it fantastic for media consumption and creative work. It integrates a long-lasting 4500.0 battery and a surprisingly light 0.189kg frame to maximize mobility without sacrificing runtime. Coupled with the intuitive pre-installed environment, the OnePlus OnePlus 9R 5G 128GB hits all the right notes for its category.",,https://phonespecs.net/specs/oneplus_9r-10807.html; https://www.oneplus.in/9r/specs,599,USD,71880
Smartphone,OnePlus,OnePlus 8 Pro 256GB,Snapdragon 865,12,128,,,0.199,,4510,6.78,3168x1440,120,30,16MP,48MP + 48MP,"Crafted to meet the demands of modern users, the OnePlus OnePlus 8 Pro 256GB is a dynamic piece of engineering. It boasts an impressive architecture featuring the Snapdragon 865 processor, 12 of memory and a spacious 128.0 of internal storage to comfortably manage multitasking without bottlenecks. Its front panel is dominated by a 6.78-inch display featuring a crisp 3168x1440 resolution featuring an ultra-smooth 120.0 refresh rate, providing vibrant colors and sharp contrasts. Practicality is further enhanced by a long-lasting 4510.0 battery and an overall weight of just 0.199kg, offering an excellent balance of longevity and comfort. Operating on an efficient OS layer, this configuration positions the OnePlus OnePlus 8 Pro 256GB as a highly capable daily driver.",,https://www.oneplus.com/8-pro/specs; https://www.oneplus.com/global/8-pro/specs; https://www.techspecs.info/oneplus-8-pro/,749,USD,89880
Smartphone,OnePlus,OnePlus 8 128GB,Snapdragon 865,8,256,,,0.18,,4300,6.55,2400x1080,90,30,16MP,48MP + 16MP,"The OnePlus OnePlus 8 128GB seamlessly blends aesthetics with performance, making it a premium companion for daily tasks. System operations are equipped with the Snapdragon 865 processor, 8 of memory and a spacious 256.0 of internal storage, providing the necessary bandwidth for intensive applications. Its front panel is dominated by a 6.55-inch display featuring a crisp 2400x1080 resolution featuring an ultra-smooth 90.0 refresh rate, providing vibrant colors and sharp contrasts. Physical endurance is addressed by an endurance-focused 4300.0 battery and a surprisingly light 0.18kg frame, keeping you productive on the go. Ultimately, with its native software at the helm, the OnePlus OnePlus 8 128GB easily satisfies the rigorous demands of contemporary digital life.",,https://www.oneplus.com/global/8/specs; https://www.gadgets360.com/oneplus-8-price-in-india-91438; https://www.mobosdata.com/phone/oneplus-8/,699,USD,83880
Smartphone,OnePlus,OnePlus Nord CE 2 Lite 128GB,MediaTek Dimensity 900,6,128,,,,,5000,6.59,2412x1080,120,33,16MP,64MP + 2MP,"For those seeking reliable technology, the OnePlus OnePlus Nord CE 2 Lite 128GB stands out as a highly capable and dependable choice. The core of its performance lies in the MediaTek Dimensity 900 processor, 6 of memory and a spacious 128.0 of internal storage, allowing users to navigate demanding workflows seamlessly. Its front panel is dominated by a 6.59-inch display featuring a crisp 2412x1080 resolution featuring an ultra-smooth 120.0 refresh rate, providing vibrant colors and sharp contrasts. Practicality is further enhanced by a substantial 5000.0 cell, offering an excellent balance of longevity and comfort. Running naturally on a modern operating system, the OnePlus OnePlus Nord CE 2 Lite 128GB is an outstanding technological investment.",,https://www.oneplus.com/global/nord-ce-2-lite-5g/specs; https://www.gadgets360.com/oneplus-nord-2-ce-lite-5g-price-in-india-105568,249,USD,29880
Smartphone,OnePlus,OnePlus Nord CE 2 128GB,MediaTek Dimensity 1200,8,128,,,0.173,,4500,6.43,2400x1080,90,,16MP,64MP + 8MP,"The OnePlus OnePlus Nord CE 2 128GB emerges as a modern solution designed to elevate your digital experience. It boasts an impressive architecture featuring the MediaTek Dimensity 1200 processor, 8 of memory and a spacious 128.0 of internal storage to comfortably manage multitasking without bottlenecks. Visuals are delivered through a 6.43-inch display featuring a crisp 2400x1080 resolution featuring an ultra-smooth 90.0 refresh rate, which guarantees an immersive viewing experience. Practicality is further enhanced by a long-lasting 4500.0 battery and an overall weight of just 0.173kg, offering an excellent balance of longevity and comfort. Running naturally on a modern operating system, the OnePlus OnePlus Nord CE 2 128GB is an outstanding technological investment.",,https://www.oneplus.com/sg/nord-ce-2-5g/specs; https://www.gadgets360.com/oneplus-nord-2-ce-5g-price-in-india-104811,299,USD,35880
Smartphone,OnePlus,OnePlus Nord 1 128GB,Snapdragon 765G,6,64,,,,,4115,6.44,2400x1080,90,30,16MP,48MP + 5MP,"For those seeking reliable technology, the OnePlus OnePlus Nord 1 128GB stands out as a dynamic and dependable choice. The core of its performance lies in the Snapdragon 765G processor, 6 of memory and a spacious 64.0 of internal storage, allowing users to navigate demanding workflows seamlessly. Its front panel is dominated by a 6.44-inch display featuring a crisp 2400x1080 resolution featuring an ultra-smooth 90.0 refresh rate, providing vibrant colors and sharp contrasts. It integrates a long-lasting 4115.0 battery to maximize mobility without sacrificing runtime. Coupled with the intuitive pre-installed environment, the OnePlus OnePlus Nord 1 128GB hits all the right notes for its category.",,https://www.oneplus.com/global/nord-specs; https://www.techspecs.info/oneplus-nord/,349,USD,41880
Smartphone,OnePlus,OnePlus Nord CE 5G 128GB,Snapdragon 750G,6,128,,,0.17,,4500,6.43,2400x1080,90,30,16MP,64MP + 8MP,"Crafted to meet the demands of modern users, the OnePlus OnePlus Nord CE 5G 128GB is a feature-rich piece of engineering. Additionally, it is powered by the Snapdragon 750G processor, 6 of memory and a spacious 128.0 of internal storage, ensuring brisk responsiveness. Visuals are showcased on a 6.43-inch display featuring a crisp 2400x1080 resolution featuring an ultra-smooth 90.0 refresh rate, which guarantees an immersive viewing experience. For users constantly on the move, it features a substantial 4500.0 cell and a surprisingly light 0.17kg frame. Running naturally on a modern operating system, the OnePlus OnePlus Nord CE 5G 128GB is an outstanding technological investment.",,https://www.oneplus.com/us/nord-ce-5g/specs; https://www.gadgets360.com/oneplus-nord-ce-5g-price-in-india-102616,299,USD,35880
Smartphone,OnePlus,OnePlus Nord 2 5G 128GB,MediaTek Dimensity 1200-AI,8,128,,,0.189,,4500,6.43,2400x1080,90,65,32MP,50MP + 8MP,"The OnePlus OnePlus Nord 2 5G 128GB seamlessly blends aesthetics with performance, making it a premium companion for daily tasks. The core of its performance lies in the MediaTek Dimensity 1200-AI processor, 8 of memory and a spacious 128.0 of internal storage, allowing users to navigate demanding workflows seamlessly. Users will appreciate the visual fidelity offered by a 6.43-inch display featuring a crisp 2400x1080 resolution featuring an ultra-smooth 90.0 refresh rate, perfect for streaming and reading. It integrates an endurance-focused 4500.0 battery and an overall weight of just 0.189kg to maximize mobility without sacrificing runtime. Coupled with the intuitive pre-installed environment, the OnePlus OnePlus Nord 2 5G 128GB hits all the right notes for its category.",,https://www.oneplus.com/by/nord-2-5g/specs; https://www.techspecs.info/oneplus-nord-2-5g/,399,USD,47880
Smartphone,OnePlus,OnePlus Nord N100 5G 64GB,Qualcomm Snapdragon 460,4,64,,,,,5000,6.52,370x800,165,18,8MP,13MP + 2MP,"Crafted to meet the demands of modern users, the OnePlus OnePlus Nord N100 5G 64GB is a dynamic piece of engineering. It boasts an impressive architecture featuring the Qualcomm Snapdragon 460 processor, 4 of memory and a spacious 64.0 of internal storage to comfortably manage multitasking without bottlenecks. The device incorporates a 6.52-inch display featuring a crisp 370x800 resolution featuring an ultra-smooth 165.0 refresh rate, making it fantastic for media consumption and creative work. Practicality is further enhanced by a substantial 5000.0 cell, offering an excellent balance of longevity and comfort. Operating on an efficient OS layer, this configuration positions the OnePlus OnePlus Nord N100 5G 64GB as a highly capable daily driver.",,https://www.oneplus.com/global/n100; https://www.gadgets360.com/oneplus-nord-n100-price-in-india-98026; https://phonespecs.net/specs/oneplus_nord_n100-10557.html,179,USD,21480
Smartphone,OnePlus,OnePlus Nord N10 5G 128GB,Qualcomm Snapdragon 690,6,128,,,0.19,,4300,6.49,1080x2400,90,,16MP,64MP + 8MP,"Presenting the OnePlus OnePlus Nord N10 5G 128GB: a dynamic device built for uncompromised productivity and entertainment. The core of its performance lies in the Qualcomm Snapdragon 690 processor, 6 of memory and a spacious 128.0 of internal storage, allowing users to navigate demanding workflows seamlessly. The device incorporates a 6.49-inch display featuring a crisp 1080x2400 resolution featuring an ultra-smooth 90.0 refresh rate, making it fantastic for media consumption and creative work. Physical endurance is addressed by an endurance-focused 4300.0 battery and a surprisingly light 0.19kg frame, keeping you productive on the go. Operating on an efficient OS layer, this configuration positions the OnePlus OnePlus Nord N10 5G 128GB as a highly capable daily driver.",,https://www.oneplus.com/us/n10/specs; https://www.mobosdata.com/phone/oneplus-nord-n10-5g/,299,USD,35880
Smartphone,OnePlus,OnePlus 8R 128GB,Snapdragon 865,8,128,,,0.192,,4300,6.55,2400x1080,90,30,16MP,48MP + 5MP,"Presenting the OnePlus OnePlus 8R 128GB: a highly capable device built for uncompromised productivity and entertainment. In terms of hardware, it is powered by the Snapdragon 865 processor, 8 of memory and a spacious 128.0 of internal storage, ensuring brisk responsiveness. Users will appreciate the visual fidelity offered by a 6.55-inch display featuring a crisp 2400x1080 resolution featuring an ultra-smooth 90.0 refresh rate, perfect for streaming and reading. For users constantly on the move, it features an endurance-focused 4300.0 battery and a portable chassis weighing 0.192kg. Running naturally on a modern operating system, the OnePlus OnePlus 8R 128GB is an outstanding technological investment.",,https://www.oneplus.com/global/8/specs; https://www.gadgets360.com/oneplus-8-price-in-india-91438; https://www.mobilelok.com/phones/oneplus-oneplus-8r,649,USD,77880
Smartphone,OnePlus,OnePlus 7R 128GB,Snapdragon 855,6,128,,,0.19,,3700,6.41,640x480,90,,16MP,48MP + 5MP,"For those seeking reliable technology, the OnePlus OnePlus 7R 128GB stands out as a modern and dependable choice. System operations are equipped with the Snapdragon 855 processor, 6 of memory and a spacious 128.0 of internal storage, providing the necessary bandwidth for intensive applications. Users will appreciate the visual fidelity offered by a 6.41-inch display featuring a crisp 640x480 resolution featuring an ultra-smooth 90.0 refresh rate, perfect for streaming and reading. Physical endurance is addressed by a substantial 3700.0 cell and a portable chassis weighing 0.19kg, keeping you productive on the go. Running naturally on a modern operating system, the OnePlus OnePlus 7R 128GB is an outstanding technological investment.",,https://www.oneplus.com/us/7t; https://www.gadgets360.com/oneplus-7-12235,599,USD,71880
Smartphone,OnePlus,OnePlus 6T McLaren Edition 256GB,Snapdragon 845,10,,,,,,3700,6.41,2280x1080,165,30,16MP,20MP + 16MP,"The OnePlus OnePlus 6T McLaren Edition 256GB seamlessly blends aesthetics with performance, making it a premium companion for daily tasks. It boasts an impressive architecture featuring the Snapdragon 845 processor and 10 of memory to comfortably manage multitasking without bottlenecks. Its front panel is dominated by a 6.41-inch display featuring a crisp 2280x1080 resolution featuring an ultra-smooth 165.0 refresh rate, providing vibrant colors and sharp contrasts. Physical endurance is addressed by an endurance-focused 3700.0 battery, keeping you productive on the go. Operating on an efficient OS layer, this configuration positions the OnePlus OnePlus 6T McLaren Edition 256GB as a highly capable daily driver.",,https://www.oneplus.com/us/6t/mclaren; https://www.oneplus.com/us/support/spec/oneplus-6t; https://www.gadgets360.com/oneplus-6t-mclaren-edition-5766; https://phonespecs.net/specs/oneplus_6t_mclaren-9469.html,799,USD,95880
Smartphone,OnePlus,OnePlus 5T Star Wars Edition 128GB,Snapdragon 835,6,128,,,0.162,,3300,6.01,1080x2160,144,,16MP,16MP + 20MP,"Presenting the OnePlus OnePlus 5T Star Wars Edition 128GB: a feature-rich device built for uncompromised productivity and entertainment. The core of its performance lies in the Snapdragon 835 processor, 6 of memory and a spacious 128.0 of internal storage, allowing users to navigate demanding workflows seamlessly. Its front panel is dominated by a 6.01-inch display featuring a crisp 1080x2160 resolution featuring an ultra-smooth 144.0 refresh rate, providing vibrant colors and sharp contrasts. It integrates a substantial 3300.0 cell and a portable chassis weighing 0.162kg to maximize mobility without sacrificing runtime. Running naturally on a modern operating system, the OnePlus OnePlus 5T Star Wars Edition 128GB is an outstanding technological investment.",,https://www.oneplus.com/global/support/spec/oneplus-5t; https://www.oneplus.com/global/5t-starwars; https://www.mobilelok.com/phones/oneplus-oneplus-5t-star-wars-edition,649,USD,77880
Smartphone,OnePlus,OnePlus 13R 128GB,Snapdragon 8 Gen 2,8,256,,,0.21,,4500,6.7,2780x1264,120,80,16MP,50MP + 8MP,"Presenting the OnePlus OnePlus 13R 128GB: a powerful device built for uncompromised productivity and entertainment. The core of its performance lies in the Snapdragon 8 Gen 2 processor, 8 of memory and a spacious 256.0 of internal storage, allowing users to navigate demanding workflows seamlessly. Visuals are handled by a 6.7-inch display featuring a crisp 2780x1264 resolution featuring an ultra-smooth 120.0 refresh rate, which guarantees an immersive viewing experience. For users constantly on the move, it features a long-lasting 4500.0 battery and an overall weight of just 0.21kg. Ultimately, with its native software at the helm, the OnePlus OnePlus 13R 128GB easily satisfies the rigorous demands of contemporary digital life.",,https://www.oneplus.com/us/13r; https://www.oneplus.com/us/13r/specs; https://www.gadgets360.com/oneplus-13r-price-in-india-130363,849,USD,101880
Smartphone,OnePlus,OnePlus 11T 128GB,Snapdragon 8 Gen 2,12,256,,,0.202,,5000,6.7,3216x1440,120,80,32MP,50MP + 48MP,"Presenting the OnePlus OnePlus 11T 128GB: a dynamic device built for uncompromised productivity and entertainment. The core of its performance lies in the Snapdragon 8 Gen 2 processor, 12 of memory and a spacious 256.0 of internal storage, allowing users to navigate demanding workflows seamlessly. Visuals are rendered on a 6.7-inch display featuring a crisp 3216x1440 resolution featuring an ultra-smooth 120.0 refresh rate, which guarantees an immersive viewing experience. Physical endurance is addressed by a substantial 5000.0 cell and an overall weight of just 0.202kg, keeping you productive on the go. Operating on an efficient OS layer, this configuration positions the OnePlus OnePlus 11T 128GB as a highly capable daily driver.",,https://www.oneplus.com/us/11/specs; https://www.oneplus.com/us/11; https://www.igeekphone.com/product/oneplus-11t/,799,USD,95880
Smartphone,OnePlus,OnePlus 10R 128GB,MediaTek Dimensity 8100,8,128,,,,,4500,6.7,371x800,120,80,16MP,50MP + 16MP,"The OnePlus OnePlus 10R 128GB emerges as a modern solution designed to elevate your digital experience. System operations are equipped with the MediaTek Dimensity 8100 processor, 8 of memory and a spacious 128.0 of internal storage, providing the necessary bandwidth for intensive applications. Users will appreciate the visual fidelity offered by a 6.7-inch display featuring a crisp 371x800 resolution featuring an ultra-smooth 120.0 refresh rate, perfect for streaming and reading. Physical endurance is addressed by a long-lasting 4500.0 battery, keeping you productive on the go. Coupled with the intuitive pre-installed environment, the OnePlus OnePlus 10R 128GB hits all the right notes for its category.",,https://www.gadgets360.com/oneplus-10r-5g-price-in-india-107613; https://www.techspecs.info/oneplus-10r/,599,USD,71880
Smartphone,OnePlus,OnePlus 7 Pro 5G 256GB,Snapdragon 855,12,256,,,0.206,,4000,6.67,640x480,90,30,16MP,48MP + 8MP,"For those seeking reliable technology, the OnePlus OnePlus 7 Pro 5G 256GB stands out as a modern and dependable choice. The core of its performance lies in the Snapdragon 855 processor, 12 of memory and a spacious 256.0 of internal storage, allowing users to navigate demanding workflows seamlessly. Visuals are showcased on a 6.67-inch display featuring a crisp 640x480 resolution featuring an ultra-smooth 90.0 refresh rate, which guarantees an immersive viewing experience. Physical endurance is addressed by a substantial 4000.0 cell and a portable chassis weighing 0.206kg, keeping you productive on the go. Coupled with the intuitive pre-installed environment, the OnePlus OnePlus 7 Pro 5G 256GB hits all the right notes for its category.",,https://www.oneplus.com/global/7pro; https://www.gadgets360.com/oneplus-7-pro-13029; https://www.techspecs.info/oneplus-7-pro-5g/,799,USD,95880
Smartphone,OnePlus,OnePlus 6 Special Edition 128GB,Snapdragon 845,6,64,,,0.177,,3300,6.28,2280x1080,165,,16MP,20MP + 16MP,"The OnePlus OnePlus 6 Special Edition 128GB emerges as a sophisticated solution designed to elevate your digital experience. It boasts an impressive architecture featuring the Snapdragon 845 processor, 6 of memory and a spacious 64.0 of internal storage to comfortably manage multitasking without bottlenecks. The device incorporates a 6.28-inch display featuring a crisp 2280x1080 resolution featuring an ultra-smooth 165.0 refresh rate, making it fantastic for media consumption and creative work. It integrates a long-lasting 3300.0 battery and an overall weight of just 0.177kg to maximize mobility without sacrificing runtime. Ultimately, with its native software at the helm, the OnePlus OnePlus 6 Special Edition 128GB easily satisfies the rigorous demands of contemporary digital life.",,https://www.oneplus.com/global/support/spec/oneplus-6; https://www.gadgets360.com/oneplus-6-8gb-ram-128gb-storage-price-in-india-4655-v3394,599,USD,71880
Smartphone,OnePlus,OnePlus 5 Special Edition 128GB,Snapdragon 835,8,128,,,,,3300,5.5,1920x1080,165,,16MP,20MP + 16MP,"Crafted to meet the demands of modern users, the OnePlus OnePlus 5 Special Edition 128GB is a dynamic piece of engineering. It boasts an impressive architecture featuring the Snapdragon 835 processor, 8 of memory and a spacious 128.0 of internal storage to comfortably manage multitasking without bottlenecks. Visuals are rendered on a 5.5-inch display featuring a crisp 1920x1080 resolution featuring an ultra-smooth 165.0 refresh rate, which guarantees an immersive viewing experience. It integrates a substantial 3300.0 cell to maximize mobility without sacrificing runtime. Operating on an efficient OS layer, this configuration positions the OnePlus OnePlus 5 Special Edition 128GB as a highly capable daily driver.",,https://www.oneplus.com/us/support/spec/oneplus-5; https://www.gadgets360.com/oneplus-5-4142,599,USD,71880
Smartphone,OnePlus,OnePlus Nord X 128GB,Snapdragon 765G,8,128,,,0.19,,4000,6.44,2400x1080,90,,32MP,64MP + 8MP,"The OnePlus OnePlus Nord X 128GB seamlessly blends aesthetics with performance, making it a versatile companion for daily tasks. System operations are driven by the Snapdragon 765G processor, 8 of memory and a spacious 128.0 of internal storage, providing the necessary bandwidth for intensive applications. Visuals are rendered on a 6.44-inch display featuring a crisp 2400x1080 resolution featuring an ultra-smooth 90.0 refresh rate, which guarantees an immersive viewing experience. It integrates a substantial 4000.0 cell and a surprisingly light 0.19kg frame to maximize mobility without sacrificing runtime. Ultimately, with its native software at the helm, the OnePlus OnePlus Nord X 128GB easily satisfies the rigorous demands of contemporary digital life.",,https://www.oneplus.com/global/nord-specs; https://mobilelok.com/phones/oneplus-oneplus-nord-x,299,USD,35880
Smartphone,OnePlus,OnePlus 8 Pro McLaren Edition 256GB,Snapdragon 865,12,128,,,0.199,,4510,6.78,3168x1440,120,30,16MP,48MP + 8MP,"For those seeking reliable technology, the OnePlus OnePlus 8 Pro McLaren Edition 256GB stands out as a reliable and dependable choice. System operations are powered by the Snapdragon 865 processor, 12 of memory and a spacious 128.0 of internal storage, providing the necessary bandwidth for intensive applications. The device incorporates a 6.78-inch display featuring a crisp 3168x1440 resolution featuring an ultra-smooth 120.0 refresh rate, making it fantastic for media consumption and creative work. For users constantly on the move, it features a long-lasting 4510.0 battery and a surprisingly light 0.199kg frame. Operating on an efficient OS layer, this configuration positions the OnePlus OnePlus 8 Pro McLaren Edition 256GB as a highly capable daily driver.",,https://www.oneplus.com/global/support/spec/oneplus-8-pro; https://www.techspecs.info/oneplus-8-pro/,899,USD,107880
Smartphone,OnePlus,OnePlus 8T Cyberpunk Edition 256GB,Snapdragon 865,12,12,,,0.188,,4500,6.55,2400x1080,120,,16MP,48MP + 16MP,"For those seeking reliable technology, the OnePlus OnePlus 8T Cyberpunk Edition 256GB stands out as a versatile and dependable choice. The core of its performance lies in the Snapdragon 865 processor, 12 of memory and a spacious 12.0 of internal storage, allowing users to navigate demanding workflows seamlessly. The device incorporates a 6.55-inch display featuring a crisp 2400x1080 resolution featuring an ultra-smooth 120.0 refresh rate, making it fantastic for media consumption and creative work. For users constantly on the move, it features a long-lasting 4500.0 battery and an overall weight of just 0.188kg. Running naturally on a modern operating system, the OnePlus OnePlus 8T Cyberpunk Edition 256GB is an outstanding technological investment.",,https://www.oneplus.com/us/8t/specs; https://www.mobilelok.com/phones/oneplus-oneplus-8t-cyberpunk-2077-edition,799,USD,95880
Smartphone,OnePlus,OnePlus 7T Pro 5G McLaren Edition 256GB,Snapdragon 855,12,256,,,0.206,,4085,6.67,383x800,90,30,16MP,48MP + 8MP,"Crafted to meet the demands of modern users, the OnePlus OnePlus 7T Pro 5G McLaren Edition 256GB is a premium piece of engineering. Under the hood, it is engineered around the Snapdragon 855 processor, 12 of memory and a spacious 256.0 of internal storage, ensuring brisk responsiveness. Its front panel is dominated by a 6.67-inch display featuring a crisp 383x800 resolution featuring an ultra-smooth 90.0 refresh rate, providing vibrant colors and sharp contrasts. Practicality is further enhanced by a substantial 4085.0 cell and an overall weight of just 0.206kg, offering an excellent balance of longevity and comfort. Running naturally on a modern operating system, the OnePlus OnePlus 7T Pro 5G McLaren Edition 256GB is an outstanding technological investment.",,https://www.oneplus.com/global/7t-pro-mclaren; https://www.oneplus.com/us/7t-pro-mclaren; https://www.gadgets360.com/oneplus-7t-pro-mclaren-edition-price-in-india-91203; https://phonespecs.net/specs/oneplus_7t_pro_5g_mclaren-9928.html; https://www.techspecs.info/oneplus-7t-pro-5g-mclaren/,899,USD,107880
Smartphone,OnePlus,OnePlus 15R 128GB,Snapdragon 8 Gen 3,12,256,,,0.21,,5000,6.7,1080x1080,165,80,32MP,50MP + 8MP,"For those seeking reliable technology, the OnePlus OnePlus 15R 128GB stands out as a versatile and dependable choice. The core of its performance lies in the Snapdragon 8 Gen 3 processor, 12 of memory and a spacious 256.0 of internal storage, allowing users to navigate demanding workflows seamlessly. Visuals are presented via a 6.7-inch display featuring a crisp 1080x1080 resolution featuring an ultra-smooth 165.0 refresh rate, which guarantees an immersive viewing experience. Practicality is further enhanced by a long-lasting 5000.0 battery and a portable chassis weighing 0.21kg, offering an excellent balance of longevity and comfort. Coupled with the intuitive pre-installed environment, the OnePlus OnePlus 15R 128GB hits all the right notes for its category.",,https://www.oneplus.com/global/15r; https://www.oneplus.com/global/15r/specs; https://www.gadgets360.com/oneplus-15r-price-in-india-135282,849,USD,101880
Smartphone,OnePlus,OnePlus 14+ 128GB,Snapdragon 8 Gen 2,8,256,,,0.202,,4800,6.55,1440x3168,144,120,16MP,64MP + 8MP,"The OnePlus OnePlus 14+ 128GB emerges as a versatile solution designed to elevate your digital experience. The core of its performance lies in the Snapdragon 8 Gen 2 processor, 8 of memory and a spacious 256.0 of internal storage, allowing users to navigate demanding workflows seamlessly. Users will appreciate the visual fidelity offered by a 6.55-inch display featuring a crisp 1440x3168 resolution featuring an ultra-smooth 144.0 refresh rate, perfect for streaming and reading. It integrates a long-lasting 4800.0 battery and a surprisingly light 0.202kg frame to maximize mobility without sacrificing runtime. Ultimately, with its native software at the helm, the OnePlus OnePlus 14+ 128GB easily satisfies the rigorous demands of contemporary digital life.",,https://www.oneplus.com/global; https://www.techspecs.info/oneplus-14/,799,USD,95880
Smartphone,OnePlus,OnePlus 13 Pro 256GB,Snapdragon 8 Gen 2,12,256,,,,,5000,6.7,3168x1440,120,200,32MP,50MP + 48MP,"Crafted to meet the demands of modern users, the OnePlus OnePlus 13 Pro 256GB is a versatile piece of engineering. Furthermore, it is equipped with the Snapdragon 8 Gen 2 processor, 12 of memory and a spacious 256.0 of internal storage, ensuring brisk responsiveness. The device incorporates a 6.7-inch display featuring a crisp 3168x1440 resolution featuring an ultra-smooth 120.0 refresh rate, making it fantastic for media consumption and creative work. It integrates an endurance-focused 5000.0 battery to maximize mobility without sacrificing runtime. Coupled with the intuitive pre-installed environment, the OnePlus OnePlus 13 Pro 256GB hits all the right notes for its category.",,https://www.oneplus.com/us/13/specs; https://www.techspecs.info/oneplus-13-pro/,899,USD,107880
Smartphone,OnePlus,OnePlus 12T 5G 256GB,Snapdragon 8 Gen 2,12,128,,,0.2,,5000,6.7,3168x1440,120,50,16MP,50MP + 8MP,"Presenting the OnePlus OnePlus 12T 5G 256GB: a dynamic device built for uncompromised productivity and entertainment. System operations are engineered around the Snapdragon 8 Gen 2 processor, 12 of memory and a spacious 128.0 of internal storage, providing the necessary bandwidth for intensive applications. Visuals are rendered on a 6.7-inch display featuring a crisp 3168x1440 resolution featuring an ultra-smooth 120.0 refresh rate, which guarantees an immersive viewing experience. Physical endurance is addressed by an endurance-focused 5000.0 battery and an overall weight of just 0.2kg, keeping you productive on the go. Coupled with the intuitive pre-installed environment, the OnePlus OnePlus 12T 5G 256GB hits all the right notes for its category.",,https://www.oneplus.com/global/12/specs; https://www.oneplus.com/us/12; https://www.techspecs.info/oneplus-12-t/,849,USD,101880
Smartphone,OnePlus,OnePlus Pad,MediaTek Dimensity 9000,8,,,,0.55,,9510,,2800x2000,144,80,8MP,13MP,"For those seeking reliable technology, the OnePlus OnePlus Pad stands out as a powerful and dependable choice. It boasts an impressive architecture featuring the MediaTek Dimensity 9000 processor and 8 of memory to comfortably manage multitasking without bottlenecks. The device incorporates a crisp 2800x2000 resolution featuring an ultra-smooth 144.0 refresh rate, making it fantastic for media consumption and creative work. It integrates a long-lasting 9510.0 battery and an overall weight of just 0.55kg to maximize mobility without sacrificing runtime. Running naturally on a modern operating system, the OnePlus OnePlus Pad is an outstanding technological investment.",,https://www.oneplus.com/us/oneplus-pad; https://www.androidheadlines.com/2026/04/oneplus-pad-4-official-specs-price-battery.html,499,USD,59880
Smartphone,OnePlus,OnePlus Pad 2,MediaTek Dimensity 9000,8,256,,,0.55,,9510,,3000x2120,30,67,8MP,13MP,"Crafted to meet the demands of modern users, the OnePlus OnePlus Pad 2 is a dynamic piece of engineering. System operations are fueled by the MediaTek Dimensity 9000 processor, 8 of memory and a spacious 256.0 of internal storage, providing the necessary bandwidth for intensive applications. The device incorporates a crisp 3000x2120 resolution featuring an ultra-smooth 30.0 refresh rate, making it fantastic for media consumption and creative work. Physical endurance is addressed by an endurance-focused 9510.0 battery and an overall weight of just 0.55kg, keeping you productive on the go. Operating on an efficient OS layer, this configuration positions the OnePlus OnePlus Pad 2 as a highly capable daily driver.",,https://www.oneplus.com/us/oneplus-pad-2/specs; https://phonespecs.net/specs/oneplus_pad_2-13210.html; https://specsinsight.com/oneplus-pad-2/,549,USD,65880
Smartphone,OnePlus,OnePlus Pad Pro,Snapdragon 8 Gen 3,12,512,,,0.61,,11000,,2800x2000,144,67,16MP,50MP,"The OnePlus OnePlus Pad Pro emerges as a modern solution designed to elevate your digital experience. Under the hood, it is driven by the Snapdragon 8 Gen 3 processor, 12 of memory and a spacious 512.0 of internal storage, ensuring brisk responsiveness. Its front panel is dominated by a crisp 2800x2000 resolution featuring an ultra-smooth 144.0 refresh rate, providing vibrant colors and sharp contrasts. Practicality is further enhanced by an endurance-focused 11000.0 battery and an overall weight of just 0.61kg, offering an excellent balance of longevity and comfort. Ultimately, with its native software at the helm, the OnePlus OnePlus Pad Pro easily satisfies the rigorous demands of contemporary digital life.",,https://www.oneplus.com/us/oneplus-pad; https://phonespecs.net/specs/oneplus_pad_pro-13180.html; https://specsinsight.com/oneplus-pad-pro/,799,USD,95880
Smartphone,Vivo,X200 128GB,Dimensity 9400,12,256,,,0.223,,6000,6.78,1260x2800,120,90,32MP,50MP,"Presenting the Vivo X200 128GB: a highly capable device built for uncompromised productivity and entertainment. Under the hood, it is fueled by the Dimensity 9400 processor, 12 of memory and a spacious 256.0 of internal storage, ensuring brisk responsiveness. Its front panel is dominated by a 6.78-inch display featuring a crisp 1260x2800 resolution featuring an ultra-smooth 120.0 refresh rate, providing vibrant colors and sharp contrasts. Practicality is further enhanced by an endurance-focused 6000.0 battery and a surprisingly light 0.223kg frame, offering an excellent balance of longevity and comfort. Running naturally on a modern operating system, the Vivo X200 128GB is an outstanding technological investment.",,https://www.vivo.com/en/products/x200; https://www.techspecs.info/vivo-x200/,999,USD,119880
Smartphone,Vivo,X200 256GB,Dimensity 9400,12,256,,,0.223,,6000,6.78,1260x2800,120,90,32MP,50MP,"Presenting the Vivo X200 256GB: a modern device built for uncompromised productivity and entertainment. The core of its performance lies in the Dimensity 9400 processor, 12 of memory and a spacious 256.0 of internal storage, allowing users to navigate demanding workflows seamlessly. The device incorporates a 6.78-inch display featuring a crisp 1260x2800 resolution featuring an ultra-smooth 120.0 refresh rate, making it fantastic for media consumption and creative work. Physical endurance is addressed by a long-lasting 6000.0 battery and a surprisingly light 0.223kg frame, keeping you productive on the go. Operating on an efficient OS layer, this configuration positions the Vivo X200 256GB as a highly capable daily driver.",,https://www.vivo.com/en/products/param/x200; https://www.techspecs.info/vivo-x200/,1099,USD,131880
Smartphone,Vivo,X200 Pro 256GB,Dimensity 9400,16,256,,,0.223,,6000,6.78,1260x2800,120,90,32MP,200MP,"The Vivo X200 Pro 256GB seamlessly blends aesthetics with performance, making it a reliable companion for daily tasks. The core of its performance lies in the Dimensity 9400 processor, 16 of memory and a spacious 256.0 of internal storage, allowing users to navigate demanding workflows seamlessly. The device incorporates a 6.78-inch display featuring a crisp 1260x2800 resolution featuring an ultra-smooth 120.0 refresh rate, making it fantastic for media consumption and creative work. For users constantly on the move, it features an endurance-focused 6000.0 battery and a portable chassis weighing 0.223kg. Operating on an efficient OS layer, this configuration positions the Vivo X200 Pro 256GB as a highly capable daily driver.",,https://www.vivo.com/en/products/x200-pro; https://phonesdata.com/en/smartphones/vivo/x200-pro-5465037/; https://www.techspecs.info/vivo-x200-pro/,1199,USD,143880
Smartphone,Vivo,X200 Pro 512GB,Dimensity 9400,16,,,,0.223,,6000,6.78,1260x2800,120,90,32MP,200MP,"The Vivo X200 Pro 512GB seamlessly blends aesthetics with performance, making it a sophisticated companion for daily tasks. Moving to performance, it is equipped with the Dimensity 9400 processor and 16 of memory, ensuring brisk responsiveness. Visuals are showcased on a 6.78-inch display featuring a crisp 1260x2800 resolution featuring an ultra-smooth 120.0 refresh rate, which guarantees an immersive viewing experience. For users constantly on the move, it features a long-lasting 6000.0 battery and a surprisingly light 0.223kg frame. Coupled with the intuitive pre-installed environment, the Vivo X200 Pro 512GB hits all the right notes for its category.",,https://www.vivo.com/en/products/x200-pro; https://www.mobilespeccy.com/smartphones/103/Vivo/X200-Pro,1299,USD,155880
Smartphone,Vivo,X200 Pro Mini 256GB,Dimensity 9400,16,256,,,0.187,,5700,6.31,1216x2640,120,90,32MP,50MP,"Presenting the Vivo X200 Pro Mini 256GB: a feature-rich device built for uncompromised productivity and entertainment. Moving to performance, it is powered by the Dimensity 9400 processor, 16 of memory and a spacious 256.0 of internal storage, ensuring brisk responsiveness. Visuals are showcased on a 6.31-inch display featuring a crisp 1216x2640 resolution featuring an ultra-smooth 120.0 refresh rate, which guarantees an immersive viewing experience. Practicality is further enhanced by an endurance-focused 5700.0 battery and an overall weight of just 0.187kg, offering an excellent balance of longevity and comfort. Running naturally on a modern operating system, the Vivo X200 Pro Mini 256GB is an outstanding technological investment.",,https://phonespecs.net/specs/vivo_x200_pro_mini-13434.html; https://www.techspecs.info/vivo-x200-pro-mini/,949,USD,113880
Smartphone,Vivo,V40e 128GB,Snapdragon 778G,8,256,,,0.179,,4100,6.44,1080x2392,120,80,44MP,64MP,"Crafted to meet the demands of modern users, the Vivo V40e 128GB is a premium piece of engineering. It boasts an impressive architecture featuring the Snapdragon 778G processor, 8 of memory and a spacious 256.0 of internal storage to comfortably manage multitasking without bottlenecks. Visuals are delivered through a 6.44-inch display featuring a crisp 1080x2392 resolution featuring an ultra-smooth 120.0 refresh rate, which guarantees an immersive viewing experience. Physical endurance is addressed by a long-lasting 4100.0 battery and a portable chassis weighing 0.179kg, keeping you productive on the go. Running naturally on a modern operating system, the Vivo V40e 128GB is an outstanding technological investment.",,https://www.vivo.com/in/products/param/v40e; https://www.vivo.com/in/products/v40e; https://phonespecs.net/specs/vivo_v40e-13339.html,449,USD,53880
Smartphone,Vivo,Y200 GT 128GB,Dimensity 1200,12,128,,,0.19,,5000,6.58,1260x2800,120,80,16MP,64MP,"For those seeking reliable technology, the Vivo Y200 GT 128GB stands out as a sophisticated and dependable choice. System operations are fueled by the Dimensity 1200 processor, 12 of memory and a spacious 128.0 of internal storage, providing the necessary bandwidth for intensive applications. Users will appreciate the visual fidelity offered by a 6.58-inch display featuring a crisp 1260x2800 resolution featuring an ultra-smooth 120.0 refresh rate, perfect for streaming and reading. For users constantly on the move, it features a substantial 5000.0 cell and a portable chassis weighing 0.19kg. Operating on an efficient OS layer, this configuration positions the Vivo Y200 GT 128GB as a highly capable daily driver.",,https://www.vivo.com/en/products/y200-5g; https://www.techspecs.info/vivo-y200-gt/,399,USD,47880
Smartphone,Vivo,T3 5G 128GB,Snapdragon 870,8,256,,,0.18,,5000,6.67,697x800,120,,16MP,50MP,"For those seeking reliable technology, the Vivo T3 5G 128GB stands out as a premium and dependable choice. Additionally, it is powered by the Snapdragon 870 processor, 8 of memory and a spacious 256.0 of internal storage, ensuring brisk responsiveness. Users will appreciate the visual fidelity offered by a 6.67-inch display featuring a crisp 697x800 resolution featuring an ultra-smooth 120.0 refresh rate, perfect for streaming and reading. Physical endurance is addressed by a long-lasting 5000.0 battery and a portable chassis weighing 0.18kg, keeping you productive on the go. Ultimately, with its native software at the helm, the Vivo T3 5G 128GB easily satisfies the rigorous demands of contemporary digital life.",,https://www.vivo.com/in/products/t3-5g; https://www.gadgets360.com/vivo-t3-5g-price-in-india-124816,349,USD,41880
Smartphone,Vivo,Y100 5G 128GB,Dimensity 900,8,256,,,0.181,,4500,6.38,625x800,60,44,16MP,64MP,"The Vivo Y100 5G 128GB emerges as a sophisticated solution designed to elevate your digital experience. The core of its performance lies in the Dimensity 900 processor, 8 of memory and a spacious 256.0 of internal storage, allowing users to navigate demanding workflows seamlessly. The device incorporates a 6.38-inch display featuring a crisp 625x800 resolution featuring an ultra-smooth 60.0 refresh rate, making it fantastic for media consumption and creative work. Physical endurance is addressed by a substantial 4500.0 cell and a surprisingly light 0.181kg frame, keeping you productive on the go. Ultimately, with its native software at the helm, the Vivo Y100 5G 128GB easily satisfies the rigorous demands of contemporary digital life.",,https://www.vivo.com/en/products/param/y100-5g; https://www.vivo.com/en/products/y100-5g; https://www.gadgets360.com/vivo-y100-5g-price-in-india-123846; https://phonesdata.com/en/smartphones/vivo/y100-5463144/,299,USD,35880
Smartphone,Vivo,S18 Pro 256GB,Snapdragon 8 Gen 2,12,256,,,0.189,,4700,6.56,1260x2800,120,80,32MP,108MP,"For those seeking reliable technology, the Vivo S18 Pro 256GB stands out as a versatile and dependable choice. The core of its performance lies in the Snapdragon 8 Gen 2 processor, 12 of memory and a spacious 256.0 of internal storage, allowing users to navigate demanding workflows seamlessly. Its front panel is dominated by a 6.56-inch display featuring a crisp 1260x2800 resolution featuring an ultra-smooth 120.0 refresh rate, providing vibrant colors and sharp contrasts. For users constantly on the move, it features a long-lasting 4700.0 battery and a portable chassis weighing 0.189kg. Running naturally on a modern operating system, the Vivo S18 Pro 256GB is an outstanding technological investment.",,https://phonespecs.net/specs/vivo_s18_pro-12743.html; https://www.techspecs.info/vivo-s18-pro/,599,USD,71880
Smartphone,Vivo,V30 Pro 128GB,Dimensity 1100,12,512,,,0.192,,4500,6.44,2800x1260,120,80,32MP,64MP,"Presenting the Vivo V30 Pro 128GB: a premium device built for uncompromised productivity and entertainment. It boasts an impressive architecture featuring the Dimensity 1100 processor, 12 of memory and a spacious 512.0 of internal storage to comfortably manage multitasking without bottlenecks. Its front panel is dominated by a 6.44-inch display featuring a crisp 2800x1260 resolution featuring an ultra-smooth 120.0 refresh rate, providing vibrant colors and sharp contrasts. Practicality is further enhanced by a long-lasting 4500.0 battery and a portable chassis weighing 0.192kg, offering an excellent balance of longevity and comfort. Coupled with the intuitive pre-installed environment, the Vivo V30 Pro 128GB hits all the right notes for its category.",,https://www.vivo.com/en/products/v30-pro; https://phonespecs.net/specs/vivo_v30_pro-12829.html,549,USD,65880
Smartphone,Vivo,iQOO 12 256GB,Snapdragon 8 Gen 3,16,,,,0.21,,5000,6.78,1260x2800,144,120,16MP,50MP,"The Vivo iQOO 12 256GB seamlessly blends aesthetics with performance, making it a modern companion for daily tasks. System operations are fueled by the Snapdragon 8 Gen 3 processor and 16 of memory, providing the necessary bandwidth for intensive applications. The device incorporates a 6.78-inch display featuring a crisp 1260x2800 resolution featuring an ultra-smooth 144.0 refresh rate, making it fantastic for media consumption and creative work. Physical endurance is addressed by a substantial 5000.0 cell and a surprisingly light 0.21kg frame, keeping you productive on the go. Running naturally on a modern operating system, the Vivo iQOO 12 256GB is an outstanding technological investment.",,https://phonespecs.net/specs/vivo_iqoo_12-12691.html,699,USD,83880
Smartphone,Vivo,Z3 64GB,Snapdragon 710,6,64,,,0.162,,3315,6.3,1080x2280,165,,12MP,16MP,"The Vivo Z3 64GB seamlessly blends aesthetics with performance, making it a premium companion for daily tasks. It boasts an impressive architecture featuring the Snapdragon 710 processor, 6 of memory and a spacious 64.0 of internal storage to comfortably manage multitasking without bottlenecks. Users will appreciate the visual fidelity offered by a 6.3-inch display featuring a crisp 1080x2280 resolution featuring an ultra-smooth 165.0 refresh rate, perfect for streaming and reading. It integrates a substantial 3315.0 cell and a surprisingly light 0.162kg frame to maximize mobility without sacrificing runtime. Running naturally on a modern operating system, the Vivo Z3 64GB is an outstanding technological investment.",,https://www.gadgets360.com/vivo-z3-v1813ba-5696; https://www.mobosdata.com/phone/vivo-z3/,249,USD,29880
Smartphone,Vivo,V9 64GB,Snapdragon 626,4,64,,,0.15,,3260,6.3,1080x2280,165,,24MP,16MP,"Crafted to meet the demands of modern users, the Vivo V9 64GB is a highly capable piece of engineering. System operations are equipped with the Snapdragon 626 processor, 4 of memory and a spacious 64.0 of internal storage, providing the necessary bandwidth for intensive applications. Its front panel is dominated by a 6.3-inch display featuring a crisp 1080x2280 resolution featuring an ultra-smooth 165.0 refresh rate, providing vibrant colors and sharp contrasts. It integrates a long-lasting 3260.0 battery and a portable chassis weighing 0.15kg to maximize mobility without sacrificing runtime. Operating on an efficient OS layer, this configuration positions the Vivo V9 64GB as a highly capable daily driver.",,https://www.vivo.com/en/products/param/v9; https://www.gadgets360.com/vivo-v9-4663,219,USD,26280
Smartphone,Vivo,X9 Plus 128GB,Snapdragon 653,6,128,,,0.199,,4000,5.88,1080x1920,165,18,20MP+8MP,16MP,"For those seeking reliable technology, the Vivo X9 Plus 128GB stands out as a premium and dependable choice. As for its internals, it is powered by the Snapdragon 653 processor, 6 of memory and a spacious 128.0 of internal storage, ensuring brisk responsiveness. Visuals are presented via a 5.88-inch display featuring a crisp 1080x1920 resolution featuring an ultra-smooth 165.0 refresh rate, which guarantees an immersive viewing experience. Practicality is further enhanced by an endurance-focused 4000.0 battery and a portable chassis weighing 0.199kg, offering an excellent balance of longevity and comfort. Operating on an efficient OS layer, this configuration positions the Vivo X9 Plus 128GB as a highly capable daily driver.",,https://phonespecs.net/specs/vivo_x9_plus-8434.html; https://www.gadgets360.com/vivo-x9-plus-3886; https://www.mobosdata.com/phone/vivo-x9-plus/,299,USD,35880
Smartphone,Vivo,Y81 32GB,MediaTek Helio P22,3,32,,,0.146,,3260,6.22,720x1520,165,,5MP,13MP,"The Vivo Y81 32GB emerges as a reliable solution designed to elevate your digital experience. It boasts an impressive architecture featuring the MediaTek Helio P22 processor, 3 of memory and a spacious 32.0 of internal storage to comfortably manage multitasking without bottlenecks. Its front panel is dominated by a 6.22-inch display featuring a crisp 720x1520 resolution featuring an ultra-smooth 165.0 refresh rate, providing vibrant colors and sharp contrasts. Physical endurance is addressed by a substantial 3260.0 cell and a surprisingly light 0.146kg frame, keeping you productive on the go. Ultimately, with its native software at the helm, the Vivo Y81 32GB easily satisfies the rigorous demands of contemporary digital life.",,https://www.vivo.com/in/products/param/Y81?id=46; https://www.vivo.com/hk/en/products/y81; https://www.gadgets360.com/vivo-y81-5525,149,USD,17880
Smartphone,Vivo,X5Max 16GB,Snapdragon 615,2,,,,0.146,,2300,5.5,480x960,165,,5MP,13MP,"The Vivo X5Max 16GB emerges as a feature-rich solution designed to elevate your digital experience. It boasts an impressive architecture featuring the Snapdragon 615 processor and 2 of memory to comfortably manage multitasking without bottlenecks. Its front panel is dominated by a 5.5-inch display featuring a crisp 480x960 resolution featuring an ultra-smooth 165.0 refresh rate, providing vibrant colors and sharp contrasts. Practicality is further enhanced by an endurance-focused 2300.0 battery and an overall weight of just 0.146kg, offering an excellent balance of longevity and comfort. Operating on an efficient OS layer, this configuration positions the Vivo X5Max 16GB as a highly capable daily driver.",,https://www.vivo.com.cn/vivo/x5max/; https://www.gadgets360.com/vivo-x5max-2202,199,USD,23880
Smartphone,Vivo,V5 Plus 64GB,Snapdragon 625,4,,,,0.158,,3055,5.5,1080x1920,165,10,20MP+8MP,16MP,"The Vivo V5 Plus 64GB seamlessly blends aesthetics with performance, making it a reliable companion for daily tasks. It boasts an impressive architecture featuring the Snapdragon 625 processor and 4 of memory to comfortably manage multitasking without bottlenecks. Its front panel is dominated by a 5.5-inch display featuring a crisp 1080x1920 resolution featuring an ultra-smooth 165.0 refresh rate, providing vibrant colors and sharp contrasts. Physical endurance is addressed by an endurance-focused 3055.0 battery and a portable chassis weighing 0.158kg, keeping you productive on the go. Operating on an efficient OS layer, this configuration positions the Vivo V5 Plus 64GB as a highly capable daily driver.",,https://www.vivo.com/in/products/param/v5plus?id=20; https://phonespecs.net/specs/vivo_v5_plus-8528.html; https://www.gadgets360.com/vivo-v5-plus-3972,249,USD,29880
Smartphone,Vivo,Y95 64GB,Snapdragon 439,4,64,,,0.163,,4030,6.22,1520x720,165,,20MP,13MP+2MP,"Crafted to meet the demands of modern users, the Vivo Y95 64GB is a reliable piece of engineering. Moving to performance, it is equipped with the Snapdragon 439 processor, 4 of memory and a spacious 64.0 of internal storage, ensuring brisk responsiveness. Visuals are showcased on a 6.22-inch display featuring a crisp 1520x720 resolution featuring an ultra-smooth 165.0 refresh rate, which guarantees an immersive viewing experience. For users constantly on the move, it features a substantial 4030.0 cell and a surprisingly light 0.163kg frame. Ultimately, with its native software at the helm, the Vivo Y95 64GB easily satisfies the rigorous demands of contemporary digital life.",,https://www.vivo.com/en/products/param/y95; https://www.vivo.com/en/products/y95; https://www.gadgets360.com/vivo-y95-5737,199,USD,23880
Smartphone,Vivo,V3 Max 32GB,Snapdragon 652,4,32,,,0.168,,3000,5.5,480x960,165,,8MP,13MP,"Presenting the Vivo V3 Max 32GB: a highly capable device built for uncompromised productivity and entertainment. It boasts an impressive architecture featuring the Snapdragon 652 processor, 4 of memory and a spacious 32.0 of internal storage to comfortably manage multitasking without bottlenecks. The device incorporates a 5.5-inch display featuring a crisp 480x960 resolution featuring an ultra-smooth 165.0 refresh rate, making it fantastic for media consumption and creative work. It integrates an endurance-focused 3000.0 battery and an overall weight of just 0.168kg to maximize mobility without sacrificing runtime. Running naturally on a modern operating system, the Vivo V3 Max 32GB is an outstanding technological investment.",,https://www.gadgets360.com/vivo-v3max-3416; https://www.smartprix.com/mobiles/vivo-v3-max-p11018sq2dh7,179,USD,21480
Smartphone,Vivo,X3S 16GB,MediaTek MT6592,1,,,,0.153,,2000,5,720x1280,165,,5MP,13MP,"For those seeking reliable technology, the Vivo X3S 16GB stands out as a premium and dependable choice. Furthermore, it is equipped with the MediaTek MT6592 processor and 1 of memory, ensuring brisk responsiveness. Its front panel is dominated by a 5.0-inch display featuring a crisp 720x1280 resolution featuring an ultra-smooth 165.0 refresh rate, providing vibrant colors and sharp contrasts. Physical endurance is addressed by a substantial 2000.0 cell and a surprisingly light 0.153kg frame, keeping you productive on the go. Running naturally on a modern operating system, the Vivo X3S 16GB is an outstanding technological investment.",,https://www.gadgets360.com/vivo-x3s-2210,139,USD,16680
Smartphone,Vivo,Y66 32GB,Snapdragon 430,3,32,,,,,3000,5.5,480x960,165,,16MP,13MP,"The Vivo Y66 32GB seamlessly blends aesthetics with performance, making it a highly capable companion for daily tasks. It boasts an impressive architecture featuring the Snapdragon 430 processor, 3 of memory and a spacious 32.0 of internal storage to comfortably manage multitasking without bottlenecks. Users will appreciate the visual fidelity offered by a 5.5-inch display featuring a crisp 480x960 resolution featuring an ultra-smooth 165.0 refresh rate, perfect for streaming and reading. Practicality is further enhanced by an endurance-focused 3000.0 battery, offering an excellent balance of longevity and comfort. Running naturally on a modern operating system, the Vivo Y66 32GB is an outstanding technological investment.",,https://www.vivo.com/in/products/param/y66?id=32; https://www.gadgets360.com/vivo-y66-4067; https://www.mobosdata.com/phone/vivo-y66/,179,USD,21480
Smartphone,Vivo,V19 128GB,Qualcomm Snapdragon 712,8,256,,,0.176,,4500,6.44,1080x2400,165,33,32MP,48MP,"Presenting the Vivo V19 128GB: a powerful device built for uncompromised productivity and entertainment. The core of its performance lies in the Qualcomm Snapdragon 712 processor, 8 of memory and a spacious 256.0 of internal storage, allowing users to navigate demanding workflows seamlessly. Visuals are handled by a 6.44-inch display featuring a crisp 1080x2400 resolution featuring an ultra-smooth 165.0 refresh rate, which guarantees an immersive viewing experience. Physical endurance is addressed by an endurance-focused 4500.0 battery and a portable chassis weighing 0.176kg, keeping you productive on the go. Ultimately, with its native software at the helm, the Vivo V19 128GB easily satisfies the rigorous demands of contemporary digital life.",,https://www.vivo.com/en/products/param/v19; https://www.vivo.com/en/products/v19; https://phonespecs.net/specs/vivo_v19-10134.html; https://www.gadgets360.com/vivo-v19-price-in-india-91764,399,USD,47880
Smartphone,Vivo,V19 256GB,Qualcomm Snapdragon 712,8,256,,,0.176,,4500,6.44,1080x2400,165,33,32MP,48MP,"The Vivo V19 256GB emerges as a versatile solution designed to elevate your digital experience. The core of its performance lies in the Qualcomm Snapdragon 712 processor, 8 of memory and a spacious 256.0 of internal storage, allowing users to navigate demanding workflows seamlessly. Its front panel is dominated by a 6.44-inch display featuring a crisp 1080x2400 resolution featuring an ultra-smooth 165.0 refresh rate, providing vibrant colors and sharp contrasts. Practicality is further enhanced by an endurance-focused 4500.0 battery and an overall weight of just 0.176kg, offering an excellent balance of longevity and comfort. Coupled with the intuitive pre-installed environment, the Vivo V19 256GB hits all the right notes for its category.",,https://www.vivo.com/en/products/param/v19; https://www.vivo.com/en/products/v19; https://phonespecs.net/specs/vivo_v19-10134.html; https://www.gadgets360.com/vivo-v19-price-in-india-91764,429,USD,51480
Smartphone,Vivo,V17 Pro 128GB,Qualcomm Snapdragon 675,8,128,,,0.201,,4100,6.44,2400x1080,165,18,32MP,48MP,"Presenting the Vivo V17 Pro 128GB: a dynamic device built for uncompromised productivity and entertainment. Moving to performance, it is driven by the Qualcomm Snapdragon 675 processor, 8 of memory and a spacious 128.0 of internal storage, ensuring brisk responsiveness. Visuals are rendered on a 6.44-inch display featuring a crisp 2400x1080 resolution featuring an ultra-smooth 165.0 refresh rate, which guarantees an immersive viewing experience. Physical endurance is addressed by a substantial 4100.0 cell and an overall weight of just 0.201kg, keeping you productive on the go. Running naturally on a modern operating system, the Vivo V17 Pro 128GB is an outstanding technological investment.",,https://www.vivo.com/en/products/param/v17pro; https://www.vivo.com/en/products/v17pro; https://phonespecs.net/specs/vivo_v17_pro-9849.html; https://www.gadgets360.com/vivo-v17-pro-price-in-india-91097,399,USD,47880
Smartphone,Vivo,V17 Pro 256GB,Qualcomm Snapdragon 675,8,128,,,0.201,,4100,6.44,2400x1080,165,18,32MP,48MP,"The Vivo V17 Pro 256GB seamlessly blends aesthetics with performance, making it a premium companion for daily tasks. Additionally, it is fueled by the Qualcomm Snapdragon 675 processor, 8 of memory and a spacious 128.0 of internal storage, ensuring brisk responsiveness. Its front panel is dominated by a 6.44-inch display featuring a crisp 2400x1080 resolution featuring an ultra-smooth 165.0 refresh rate, providing vibrant colors and sharp contrasts. For users constantly on the move, it features a substantial 4100.0 cell and a portable chassis weighing 0.201kg. Ultimately, with its native software at the helm, the Vivo V17 Pro 256GB easily satisfies the rigorous demands of contemporary digital life.",,https://www.vivo.com/en/products/v17pro; https://www.vivo.com/en/products/param/v17pro; https://phonespecs.net/specs/vivo_v17_pro-9849.html; https://www.gadgets360.com/vivo-v17-pro-price-in-india-91097,429,USD,51480
Smartphone,Vivo,Y12s 64GB,MediaTek Helio P35,3,,,,0.191,,5000,6.51,1600x720,60,10,8MP,13MP,"The Vivo Y12s 64GB seamlessly blends aesthetics with performance, making it a dynamic companion for daily tasks. Under the hood, it is equipped with the MediaTek Helio P35 processor and 3 of memory, ensuring brisk responsiveness. Users will appreciate the visual fidelity offered by a 6.51-inch display featuring a crisp 1600x720 resolution featuring an ultra-smooth 60.0 refresh rate, perfect for streaming and reading. It integrates a long-lasting 5000.0 battery and a portable chassis weighing 0.191kg to maximize mobility without sacrificing runtime. Operating on an efficient OS layer, this configuration positions the Vivo Y12s 64GB as a highly capable daily driver.",,https://www.vivo.com/en/products/y12s; https://www.vivo.com/en/products/param/y12s; https://phonespecs.net/specs/vivo_y12s-10602.html; https://cellkaro.com/mobiles/vivo-y12s-full-specifications,159,USD,19080
Smartphone,Vivo,Y12s 128GB,MediaTek Helio P35,4,128,,,0.191,,5000,6.51,1600x720,60,10,8MP,13MP,"The Vivo Y12s 128GB emerges as a powerful solution designed to elevate your digital experience. Under the hood, it is equipped with the MediaTek Helio P35 processor, 4 of memory and a spacious 128.0 of internal storage, ensuring brisk responsiveness. Users will appreciate the visual fidelity offered by a 6.51-inch display featuring a crisp 1600x720 resolution featuring an ultra-smooth 60.0 refresh rate, perfect for streaming and reading. Physical endurance is addressed by a long-lasting 5000.0 battery and a portable chassis weighing 0.191kg, keeping you productive on the go. Coupled with the intuitive pre-installed environment, the Vivo Y12s 128GB hits all the right notes for its category.",,https://www.vivo.com/en/products/y12s?id=1760; https://www.vivo.com/en/products/param/y12s; https://phonespecs.net/specs/vivo_y12s-10602.html; https://www.mobosdata.com/phone/vivo-y12s/; https://manual-user-guide.com/vivo-y12s,179,USD,21480
Smartphone,Vivo,S1 Pro 128GB,MediaTek Helio P65,6,128,,,,,4500,6.38,2340x1080,165,18,32MP,48MP,"Presenting the Vivo S1 Pro 128GB: a sophisticated device built for uncompromised productivity and entertainment. System operations are fueled by the MediaTek Helio P65 processor, 6 of memory and a spacious 128.0 of internal storage, providing the necessary bandwidth for intensive applications. Its front panel is dominated by a 6.38-inch display featuring a crisp 2340x1080 resolution featuring an ultra-smooth 165.0 refresh rate, providing vibrant colors and sharp contrasts. It integrates a substantial 4500.0 cell to maximize mobility without sacrificing runtime. Running naturally on a modern operating system, the Vivo S1 Pro 128GB is an outstanding technological investment.",,https://www.vivo.com/en/product/productDetails?id=1117; https://www.vivo.com/sa/en/products/param/s1pro; https://phonespecs.net/specs/vivo_s1_pro-9972.html; https://www.gadgets360.com/vivo-s1-pro-price-in-india-91297,249,USD,29880
Smartphone,Vivo,S1 Pro 256GB,MediaTek Helio P65,6,128,,,,,4500,6.38,1080x2340,165,18,32MP,48MP,"Presenting the Vivo S1 Pro 256GB: a feature-rich device built for uncompromised productivity and entertainment. The core of its performance lies in the MediaTek Helio P65 processor, 6 of memory and a spacious 128.0 of internal storage, allowing users to navigate demanding workflows seamlessly. Its front panel is dominated by a 6.38-inch display featuring a crisp 1080x2340 resolution featuring an ultra-smooth 165.0 refresh rate, providing vibrant colors and sharp contrasts. It integrates a long-lasting 4500.0 battery to maximize mobility without sacrificing runtime. Coupled with the intuitive pre-installed environment, the Vivo S1 Pro 256GB hits all the right notes for its category.",,https://www.vivo.com/en/product/productDetails?id=1117; https://www.vivo.com/en/products/s1pro; https://phonesdata.com/en/smartphones/vivo/s1-pro-5794/; https://phonespecs.net/specs/vivo_s1_pro-9972.html; https://www.gadgets360.com/vivo-s1-pro-price-in-india-91297,269,USD,32280
Smartphone,Vivo,Y11 32GB,Qualcomm Snapdragon 439,3,32,,,0.19,,5000,6.35,720x1600,120,15,8MP,13MP,"Crafted to meet the demands of modern users, the Vivo Y11 32GB is a powerful piece of engineering. In terms of hardware, it is equipped with the Qualcomm Snapdragon 439 processor, 3 of memory and a spacious 32.0 of internal storage, ensuring brisk responsiveness. Users will appreciate the visual fidelity offered by a 6.35-inch display featuring a crisp 720x1600 resolution featuring an ultra-smooth 120.0 refresh rate, perfect for streaming and reading. For users constantly on the move, it features a long-lasting 5000.0 battery and an overall weight of just 0.19kg. Running naturally on a modern operating system, the Vivo Y11 32GB is an outstanding technological investment.",,https://www.vivo.com/en/products/y11; https://www.vivo.com/en/products/param/y11; https://www.techspecs.info/vivo-y11/,149,USD,17880
Smartphone,Vivo,Y11 64GB,Qualcomm Snapdragon 439,3,32,,,0.19,,5000,6.35,240x180,120,15,8MP,13MP,"The Vivo Y11 64GB emerges as a highly capable solution designed to elevate your digital experience. It boasts an impressive architecture featuring the Qualcomm Snapdragon 439 processor, 3 of memory and a spacious 32.0 of internal storage to comfortably manage multitasking without bottlenecks. Its front panel is dominated by a 6.35-inch display featuring a crisp 240x180 resolution featuring an ultra-smooth 120.0 refresh rate, providing vibrant colors and sharp contrasts. It integrates a substantial 5000.0 cell and a surprisingly light 0.19kg frame to maximize mobility without sacrificing runtime. Running naturally on a modern operating system, the Vivo Y11 64GB is an outstanding technological investment.",,https://www.vivo.com/en/products/y11; https://www.vivo.com/in/products/param/y11?id=145; https://www.gadgets360.com/vivo-y11-5g-price-in-india-136000,169,USD,20280
Smartphone,Vivo,V15 128GB,MediaTek Helio P70,6,128,,,0.19,,4000,6.53,1080x2340,165,,32MP,48MP,"For those seeking reliable technology, the Vivo V15 128GB stands out as a premium and dependable choice. The core of its performance lies in the MediaTek Helio P70 processor, 6 of memory and a spacious 128.0 of internal storage, allowing users to navigate demanding workflows seamlessly. The device incorporates a 6.53-inch display featuring a crisp 1080x2340 resolution featuring an ultra-smooth 165.0 refresh rate, making it fantastic for media consumption and creative work. Practicality is further enhanced by a substantial 4000.0 cell and a surprisingly light 0.19kg frame, offering an excellent balance of longevity and comfort. Operating on an efficient OS layer, this configuration positions the Vivo V15 128GB as a highly capable daily driver.",,https://www.vivo.com/en/products/v15; https://www.vivo.com/en/products/param/v15; https://www.gadgets360.com/vivo-v15-12163,299,USD,35880
Smartphone,Vivo,V15 256GB,MediaTek Helio P70,6,128,,,0.19,,4000,6.53,1080x2340,165,,32MP,48MP,"For those seeking reliable technology, the Vivo V15 256GB stands out as a reliable and dependable choice. System operations are fueled by the MediaTek Helio P70 processor, 6 of memory and a spacious 128.0 of internal storage, providing the necessary bandwidth for intensive applications. Users will appreciate the visual fidelity offered by a 6.53-inch display featuring a crisp 1080x2340 resolution featuring an ultra-smooth 165.0 refresh rate, perfect for streaming and reading. It integrates an endurance-focused 4000.0 battery and a portable chassis weighing 0.19kg to maximize mobility without sacrificing runtime. Operating on an efficient OS layer, this configuration positions the Vivo V15 256GB as a highly capable daily driver.",,https://www.vivo.com/en/products/v15; https://www.gadgets360.com/vivo-v15-12163,319,USD,38280
Smartphone,Vivo,X27 Pro 128GB,Qualcomm Snapdragon 710,8,128,,,0.19,,4000,6.39,1080x2340,165,18,32MP,48MP,"Presenting the Vivo X27 Pro 128GB: a sophisticated device built for uncompromised productivity and entertainment. Furthermore, it is engineered around the Qualcomm Snapdragon 710 processor, 8 of memory and a spacious 128.0 of internal storage, ensuring brisk responsiveness. Users will appreciate the visual fidelity offered by a 6.39-inch display featuring a crisp 1080x2340 resolution featuring an ultra-smooth 165.0 refresh rate, perfect for streaming and reading. Physical endurance is addressed by an endurance-focused 4000.0 battery and a surprisingly light 0.19kg frame, keeping you productive on the go. Ultimately, with its native software at the helm, the Vivo X27 Pro 128GB easily satisfies the rigorous demands of contemporary digital life.",,https://www.gadgets360.com/vivo-x27-pro-12296; https://phonespecs.net/specs/vivo_x27_pro-9660.html; https://www.gizmochina.com/product/vivo-x27-pro/,499,USD,59880
Smartphone,Vivo,X27 Pro 256GB,Qualcomm Snapdragon 710,8,256,,,0.19,,4000,6.39,1080x2340,165,18,32MP,48MP,"Presenting the Vivo X27 Pro 256GB: a sophisticated device built for uncompromised productivity and entertainment. The core of its performance lies in the Qualcomm Snapdragon 710 processor, 8 of memory and a spacious 256.0 of internal storage, allowing users to navigate demanding workflows seamlessly. Users will appreciate the visual fidelity offered by a 6.39-inch display featuring a crisp 1080x2340 resolution featuring an ultra-smooth 165.0 refresh rate, perfect for streaming and reading. Practicality is further enhanced by an endurance-focused 4000.0 battery and an overall weight of just 0.19kg, offering an excellent balance of longevity and comfort. Operating on an efficient OS layer, this configuration positions the Vivo X27 Pro 256GB as a highly capable daily driver.",,https://www.gadgets360.com/vivo-x27-pro-12296; https://phonespecs.net/specs/vivo_x27_pro-9660.html; https://www.mobosdata.com/phone/vivo-x27-pro/,549,USD,65880
Smartphone,Vivo,Y30 128GB,MediaTek Helio P35,4,128,,,0.193,,5000,6.47,380x800,165,,8MP,13MP,"Crafted to meet the demands of modern users, the Vivo Y30 128GB is a powerful piece of engineering. It boasts an impressive architecture featuring the MediaTek Helio P35 processor, 4 of memory and a spacious 128.0 of internal storage to comfortably manage multitasking without bottlenecks. Visuals are showcased on a 6.47-inch display featuring a crisp 380x800 resolution featuring an ultra-smooth 165.0 refresh rate, which guarantees an immersive viewing experience. For users constantly on the move, it features a substantial 5000.0 cell and a surprisingly light 0.193kg frame. Coupled with the intuitive pre-installed environment, the Vivo Y30 128GB hits all the right notes for its category.",,https://www.vivo.com/en/products/param/y30; https://www.gadgets360.com/vivo-y30-price-in-india-92965; https://comparetab.com/mobiles/Vivo-Y30-128GB,199,USD,23880
Smartphone,Vivo,Y30 64GB,MediaTek Helio P35,3,128,,,0.193,,5000,6.47,1560x720,60,,8MP,13MP,"Crafted to meet the demands of modern users, the Vivo Y30 64GB is a sophisticated piece of engineering. System operations are powered by the MediaTek Helio P35 processor, 3 of memory and a spacious 128.0 of internal storage, providing the necessary bandwidth for intensive applications. Visuals are presented via a 6.47-inch display featuring a crisp 1560x720 resolution featuring an ultra-smooth 60.0 refresh rate, which guarantees an immersive viewing experience. It integrates a long-lasting 5000.0 battery and an overall weight of just 0.193kg to maximize mobility without sacrificing runtime. Running naturally on a modern operating system, the Vivo Y30 64GB is an outstanding technological investment.",,https://www.vivo.com/en/products/param/y30; https://www.vivo.com/en/products/y30; https://manual-user-guide.com/vivo-y30,169,USD,20280
Smartphone,Vivo,Z1 Pro 64GB,Qualcomm Snapdragon 712,4,64,,,0.159,,4500,6.53,2340x1080,165,18,16MP,16MP,"Crafted to meet the demands of modern users, the Vivo Z1 Pro 64GB is a dynamic piece of engineering. System operations are equipped with the Qualcomm Snapdragon 712 processor, 4 of memory and a spacious 64.0 of internal storage, providing the necessary bandwidth for intensive applications. The device incorporates a 6.53-inch display featuring a crisp 2340x1080 resolution featuring an ultra-smooth 165.0 refresh rate, making it fantastic for media consumption and creative work. Physical endurance is addressed by a substantial 4500.0 cell and an overall weight of just 0.159kg, keeping you productive on the go. Coupled with the intuitive pre-installed environment, the Vivo Z1 Pro 64GB hits all the right notes for its category.",,https://shop.vivo.com/in/product/10066; https://www.gadgets360.com/vivo-z1-pro-6gb-ram-64gb-storage-price-in-india-13166-v157675,249,USD,29880
Smartphone,Vivo,Z1 Pro 128GB,Qualcomm Snapdragon 712,6,64,,,0.159,,4500,6.53,417x800,165,,16MP,16MP,"For those seeking reliable technology, the Vivo Z1 Pro 128GB stands out as a reliable and dependable choice. It boasts an impressive architecture featuring the Qualcomm Snapdragon 712 processor, 6 of memory and a spacious 64.0 of internal storage to comfortably manage multitasking without bottlenecks. Its front panel is dominated by a 6.53-inch display featuring a crisp 417x800 resolution featuring an ultra-smooth 165.0 refresh rate, providing vibrant colors and sharp contrasts. Physical endurance is addressed by an endurance-focused 4500.0 battery and a portable chassis weighing 0.159kg, keeping you productive on the go. Coupled with the intuitive pre-installed environment, the Vivo Z1 Pro 128GB hits all the right notes for its category.",,https://www.vivo.com/in/products/param/z1pro?id=97; https://www.gadgets360.com/vivo-z1-pro-price-in-india-13166,299,USD,35880
Smartphone,Vivo,X21 128GB,Qualcomm Snapdragon 660,6,64,,,0.156,,3200,6.28,2280x1080,165,18,12MP,12MP,"The Vivo X21 128GB emerges as a reliable solution designed to elevate your digital experience. Additionally, it is engineered around the Qualcomm Snapdragon 660 processor, 6 of memory and a spacious 64.0 of internal storage, ensuring brisk responsiveness. The device incorporates a 6.28-inch display featuring a crisp 2280x1080 resolution featuring an ultra-smooth 165.0 refresh rate, making it fantastic for media consumption and creative work. It integrates a long-lasting 3200.0 battery and an overall weight of just 0.156kg to maximize mobility without sacrificing runtime. Operating on an efficient OS layer, this configuration positions the Vivo X21 128GB as a highly capable daily driver.",,https://www.vivo.com/en/products/param/x21; https://www.gadgets360.com/vivo-x21-4668; https://phonespecs.net/specs/vivo_x21-9124.html,349,USD,41880
Smartphone,Vivo,X21 64GB,Qualcomm Snapdragon 660,4,64,,,0.156,,3200,6.28,2280x1080,165,,12MP,12MP,"The Vivo X21 64GB emerges as a feature-rich solution designed to elevate your digital experience. Moving to performance, it is fueled by the Qualcomm Snapdragon 660 processor, 4 of memory and a spacious 64.0 of internal storage, ensuring brisk responsiveness. The device incorporates a 6.28-inch display featuring a crisp 2280x1080 resolution featuring an ultra-smooth 165.0 refresh rate, making it fantastic for media consumption and creative work. For users constantly on the move, it features a substantial 3200.0 cell and a portable chassis weighing 0.156kg. Coupled with the intuitive pre-installed environment, the Vivo X21 64GB hits all the right notes for its category.",,https://www.vivo.com/en/products/param/x21; https://www.gadgets360.com/vivo-x21-4668,299,USD,35880
Smartphone,Vivo,V23e 128GB,MediaTek Helio G96,8,,,,0.172,,4050,6.44,1080x2400,,44,50MP,64MP,"For those seeking reliable technology, the Vivo V23e 128GB stands out as a premium and dependable choice. It boasts an impressive architecture featuring the MediaTek Helio G96 processor and 8 of memory to comfortably manage multitasking without bottlenecks. Visuals are presented via a 6.44-inch display featuring a crisp 1080x2400 resolution, which guarantees an immersive viewing experience. Practicality is further enhanced by a long-lasting 4050.0 battery and a portable chassis weighing 0.172kg, offering an excellent balance of longevity and comfort. Operating on an efficient OS layer, this configuration positions the Vivo V23e 128GB as a highly capable daily driver.",,https://www.vivo.com/en/products/param/v23e; https://phonesdata.com/en/smartphones/vivo/v23e-5461816/; https://phonespecs.net/specs/vivo_v23e-11204.html,299,USD,35880
Smartphone,Vivo,V23e 256GB,MediaTek Helio G96,8,256,,,0.172,,4050,6.44,2400x1080,,44,50MP,64MP,"Crafted to meet the demands of modern users, the Vivo V23e 256GB is a reliable piece of engineering. It boasts an impressive architecture featuring the MediaTek Helio G96 processor, 8 of memory and a spacious 256.0 of internal storage to comfortably manage multitasking without bottlenecks. Users will appreciate the visual fidelity offered by a 6.44-inch display featuring a crisp 2400x1080 resolution, perfect for streaming and reading. For users constantly on the move, it features an endurance-focused 4050.0 battery and a surprisingly light 0.172kg frame. Ultimately, with its native software at the helm, the Vivo V23e 256GB easily satisfies the rigorous demands of contemporary digital life.",,https://www.vivo.com/en/products/param/v23e; https://www.vivo.com/en/products/v23e; https://phonespecs.net/specs/vivo_v23e-11204.html; https://www.mobosdata.com/phone/vivo-v23e/,349,USD,41880
Smartphone,Vivo,Y33s 128GB,MediaTek Helio G80,8,128,,,0.182,,5000,6.58,1080x2408,,18,16MP,50MP,"Presenting the Vivo Y33s 128GB: a premium device built for uncompromised productivity and entertainment. System operations are driven by the MediaTek Helio G80 processor, 8 of memory and a spacious 128.0 of internal storage, providing the necessary bandwidth for intensive applications. Users will appreciate the visual fidelity offered by a 6.58-inch display featuring a crisp 1080x2408 resolution, perfect for streaming and reading. It integrates a substantial 5000.0 cell and a portable chassis weighing 0.182kg to maximize mobility without sacrificing runtime. Ultimately, with its native software at the helm, the Vivo Y33s 128GB easily satisfies the rigorous demands of contemporary digital life.",,https://www.vivo.com/en/products/param/y33s; https://www.vivo.com/en/products/y33s; https://phonespecs.net/specs/vivo_y33s-11067.html,239,USD,28680
Smartphone,Vivo,Y33s 64GB,MediaTek Helio G80,4,128,,,0.182,,5000,6.58,1080x2408,60,18,16MP,50MP,"Crafted to meet the demands of modern users, the Vivo Y33s 64GB is a sophisticated piece of engineering. The core of its performance lies in the MediaTek Helio G80 processor, 4 of memory and a spacious 128.0 of internal storage, allowing users to navigate demanding workflows seamlessly. The device incorporates a 6.58-inch display featuring a crisp 1080x2408 resolution featuring an ultra-smooth 60.0 refresh rate, making it fantastic for media consumption and creative work. Physical endurance is addressed by an endurance-focused 5000.0 battery and a surprisingly light 0.182kg frame, keeping you productive on the go. Operating on an efficient OS layer, this configuration positions the Vivo Y33s 64GB as a highly capable daily driver.",,https://www.vivo.com/en/products/param/y33s; https://www.vivo.com/en/products/y33s; https://phonespecs.net/specs/vivo_y33s-11067.html; https://gsmchina.com/smartphones/vivo-y33s/,179,USD,21480
Smartphone,Vivo,X60 Pro 256GB,Qualcomm Snapdragon 870,12,256,,,0.19,,4200,6.56,2376x1080,120,33,32MP,48MP,"Crafted to meet the demands of modern users, the Vivo X60 Pro 256GB is a premium piece of engineering. System operations are driven by the Qualcomm Snapdragon 870 processor, 12 of memory and a spacious 256.0 of internal storage, providing the necessary bandwidth for intensive applications. Visuals are presented via a 6.56-inch display featuring a crisp 2376x1080 resolution featuring an ultra-smooth 120.0 refresh rate, which guarantees an immersive viewing experience. It integrates a substantial 4200.0 cell and a surprisingly light 0.19kg frame to maximize mobility without sacrificing runtime. Running naturally on a modern operating system, the Vivo X60 Pro 256GB is an outstanding technological investment.",,https://www.vivo.com/en/products/param/x60pro; https://www.techspecs.info/vivo-x60-pro/,899,USD,107880
Smartphone,Vivo,X60 Pro 512GB,Qualcomm Snapdragon 870,12,256,,,0.19,,4200,6.56,2376x1080,120,33,32MP,48MP,"Crafted to meet the demands of modern users, the Vivo X60 Pro 512GB is a versatile piece of engineering. System operations are engineered around the Qualcomm Snapdragon 870 processor, 12 of memory and a spacious 256.0 of internal storage, providing the necessary bandwidth for intensive applications. Users will appreciate the visual fidelity offered by a 6.56-inch display featuring a crisp 2376x1080 resolution featuring an ultra-smooth 120.0 refresh rate, perfect for streaming and reading. Physical endurance is addressed by a long-lasting 4200.0 battery and a surprisingly light 0.19kg frame, keeping you productive on the go. Running naturally on a modern operating system, the Vivo X60 Pro 512GB is an outstanding technological investment.",,https://www.vivo.com/en/products/param/x60pro; https://www.techspecs.info/vivo-x60-pro/,999,USD,119880
Smartphone,Vivo,V20 Pro 128GB,Qualcomm Snapdragon 765G,8,,,,0.173,,4000,6.44,1080x2400,165,33,44MP,64MP,"The Vivo V20 Pro 128GB emerges as a dynamic solution designed to elevate your digital experience. It boasts an impressive architecture featuring the Qualcomm Snapdragon 765G processor and 8 of memory to comfortably manage multitasking without bottlenecks. Users will appreciate the visual fidelity offered by a 6.44-inch display featuring a crisp 1080x2400 resolution featuring an ultra-smooth 165.0 refresh rate, perfect for streaming and reading. For users constantly on the move, it features a long-lasting 4000.0 battery and a surprisingly light 0.173kg frame. Operating on an efficient OS layer, this configuration positions the Vivo V20 Pro 128GB as a highly capable daily driver.",,https://www.vivo.com/en/products/param/v20pro; https://phonespecs.net/specs/vivo_v20_pro-10462.html; https://www.gadgets360.com/vivo-v20-pro-price-in-india-97265,499,USD,59880
Smartphone,Vivo,V20 Pro 256GB,Qualcomm Snapdragon 765G,8,128,,,0.173,,4000,6.44,2400x1080,165,33,44MP,64MP,"Presenting the Vivo V20 Pro 256GB: a sophisticated device built for uncompromised productivity and entertainment. System operations are powered by the Qualcomm Snapdragon 765G processor, 8 of memory and a spacious 128.0 of internal storage, providing the necessary bandwidth for intensive applications. Visuals are delivered through a 6.44-inch display featuring a crisp 2400x1080 resolution featuring an ultra-smooth 165.0 refresh rate, which guarantees an immersive viewing experience. It integrates a long-lasting 4000.0 battery and a surprisingly light 0.173kg frame to maximize mobility without sacrificing runtime. Operating on an efficient OS layer, this configuration positions the Vivo V20 Pro 256GB as a highly capable daily driver.",,https://www.vivo.com/en/products/param/v20pro; https://shop.vivo.com/in/product/10114?cid=vivoWebsite_product_V20%20Pro_buynow&from=officialsite; https://phonespecs.net/specs/vivo_v20_pro-10462.html; https://www.gadgets360.com/vivo-v20-pro-price-in-india-97265; https://www.techspecs.info/vivo-v20-pro/,549,USD,65880
Smartphone,Vivo,Y75 5G 128GB,MediaTek Dimensity 700,8,,,,0.179,,5000,6.58,625x800,165,18,16MP,50MP,"Crafted to meet the demands of modern users, the Vivo Y75 5G 128GB is a reliable piece of engineering. It boasts an impressive architecture featuring the MediaTek Dimensity 700 processor and 8 of memory to comfortably manage multitasking without bottlenecks. Its front panel is dominated by a 6.58-inch display featuring a crisp 625x800 resolution featuring an ultra-smooth 165.0 refresh rate, providing vibrant colors and sharp contrasts. For users constantly on the move, it features a long-lasting 5000.0 battery and an overall weight of just 0.179kg. Operating on an efficient OS layer, this configuration positions the Vivo Y75 5G 128GB as a highly capable daily driver.",,https://www.vivo.com/en/products/y755g; https://www.gadgets360.com/vivo-y75-5g-price-in-india-102687; https://phonespecs.net/specs/vivo_y75_5g-11338.html,349,USD,41880
Smartphone,Vivo,Y75 5G 256GB,MediaTek Dimensity 700,8,128,,,0.179,,5000,6.58,625x800,165,18,16MP,50MP,"For those seeking reliable technology, the Vivo Y75 5G 256GB stands out as a modern and dependable choice. In terms of hardware, it is fueled by the MediaTek Dimensity 700 processor, 8 of memory and a spacious 128.0 of internal storage, ensuring brisk responsiveness. The device incorporates a 6.58-inch display featuring a crisp 625x800 resolution featuring an ultra-smooth 165.0 refresh rate, making it fantastic for media consumption and creative work. Practicality is further enhanced by an endurance-focused 5000.0 battery and an overall weight of just 0.179kg, offering an excellent balance of longevity and comfort. Running naturally on a modern operating system, the Vivo Y75 5G 256GB is an outstanding technological investment.",,https://www.vivo.com/en/products/y755g; https://www.gadgets360.com/vivo-y75-5g-price-in-india-102687; https://phonespecs.net/specs/vivo_y75_5g-11338.html; https://www.techspecs.info/vivo-y75-5g/,399,USD,47880
Smartphone,Vivo,Y53s 128GB,MediaTek Helio G80,6,128,,,0.19,,5000,6.58,373x800,165,18,16MP,64MP,"Presenting the Vivo Y53s 128GB: a powerful device built for uncompromised productivity and entertainment. System operations are equipped with the MediaTek Helio G80 processor, 6 of memory and a spacious 128.0 of internal storage, providing the necessary bandwidth for intensive applications. Users will appreciate the visual fidelity offered by a 6.58-inch display featuring a crisp 373x800 resolution featuring an ultra-smooth 165.0 refresh rate, perfect for streaming and reading. It integrates a long-lasting 5000.0 battery and a surprisingly light 0.19kg frame to maximize mobility without sacrificing runtime. Operating on an efficient OS layer, this configuration positions the Vivo Y53s 128GB as a highly capable daily driver.",,https://www.vivo.com/en/products/param/y53s; https://www.vivo.com/en/products/y53s; https://www.gadgets360.com/vivo-y53s-price-in-india-103237; https://phonespecs.net/specs/vivo_y53s-10956.html,229,USD,27480
Smartphone,Vivo,Y53s 64GB,MediaTek Helio G80,6,128,,,0.19,,5000,6.58,1080x2408,90,18,16MP,64MP,"Presenting the Vivo Y53s 64GB: a feature-rich device built for uncompromised productivity and entertainment. System operations are engineered around the MediaTek Helio G80 processor, 6 of memory and a spacious 128.0 of internal storage, providing the necessary bandwidth for intensive applications. Visuals are showcased on a 6.58-inch display featuring a crisp 1080x2408 resolution featuring an ultra-smooth 90.0 refresh rate, which guarantees an immersive viewing experience. It integrates a long-lasting 5000.0 battery and a portable chassis weighing 0.19kg to maximize mobility without sacrificing runtime. Coupled with the intuitive pre-installed environment, the Vivo Y53s 64GB hits all the right notes for its category.",,https://www.vivo.com/en/products/y53s; https://www.vivo.com/in/products/param/y53s?id=274; https://phonespecs.net/specs/vivo_y53s-10956.html,179,USD,21480
Smartphone,Vivo,V15 Pro 128GB,Qualcomm Snapdragon 675,6,128,,,,,3700,6.39,1080x2340,165,18,32MP,48MP,"For those seeking reliable technology, the Vivo V15 Pro 128GB stands out as a sophisticated and dependable choice. It boasts an impressive architecture featuring the Qualcomm Snapdragon 675 processor, 6 of memory and a spacious 128.0 of internal storage to comfortably manage multitasking without bottlenecks. Visuals are presented via a 6.39-inch display featuring a crisp 1080x2340 resolution featuring an ultra-smooth 165.0 refresh rate, which guarantees an immersive viewing experience. For users constantly on the move, it features a long-lasting 3700.0 battery. Coupled with the intuitive pre-installed environment, the Vivo V15 Pro 128GB hits all the right notes for its category.",,https://www.vivo.com/en/products/v15Pro; https://phonespecs.net/specs/vivo_v15_pro-9553.html; https://www.gadgets360.com/vivo-v15-pro-price-in-india-12005,399,USD,47880
Smartphone,Vivo,V15 Pro 256GB,Qualcomm Snapdragon 675,6,128,,,,,3700,6.39,1080x2340,165,18,32MP,48MP,"The Vivo V15 Pro 256GB seamlessly blends aesthetics with performance, making it a reliable companion for daily tasks. System operations are fueled by the Qualcomm Snapdragon 675 processor, 6 of memory and a spacious 128.0 of internal storage, providing the necessary bandwidth for intensive applications. Users will appreciate the visual fidelity offered by a 6.39-inch display featuring a crisp 1080x2340 resolution featuring an ultra-smooth 165.0 refresh rate, perfect for streaming and reading. For users constantly on the move, it features a substantial 3700.0 cell. Coupled with the intuitive pre-installed environment, the Vivo V15 Pro 256GB hits all the right notes for its category.",,https://www.vivo.com/en/products/param/v15Pro; https://phonespecs.net/specs/vivo_v15_pro-9553.html; https://www.gadgets360.com/vivo-v15-pro-price-in-india-12005,449,USD,53880
Smartphone,Vivo,X70 Pro 128GB,MediaTek Dimensity 1200,8,128,,,,,4450,6.56,2376x1080,120,44,32MP,50MP,"The Vivo X70 Pro 128GB emerges as a powerful solution designed to elevate your digital experience. System operations are engineered around the MediaTek Dimensity 1200 processor, 8 of memory and a spacious 128.0 of internal storage, providing the necessary bandwidth for intensive applications. Visuals are rendered on a 6.56-inch display featuring a crisp 2376x1080 resolution featuring an ultra-smooth 120.0 refresh rate, which guarantees an immersive viewing experience. Physical endurance is addressed by a long-lasting 4450.0 battery, keeping you productive on the go. Coupled with the intuitive pre-installed environment, the Vivo X70 Pro 128GB hits all the right notes for its category.",,https://www.vivo.com/en/products/param/x70pro; https://www.vivo.com/en/products/param/x70; https://www.gadgets360.com/vivo-x70-pro-price-in-india-103967; https://phonespecs.net/specs/vivo_x70_pro-11085.html,749,USD,89880
Smartphone,Vivo,X70 Pro 256GB,MediaTek Dimensity 1200,8,128,,,,,4450,6.56,2376x1080,120,44,32MP,50MP,"For those seeking reliable technology, the Vivo X70 Pro 256GB stands out as a versatile and dependable choice. Moving to performance, it is engineered around the MediaTek Dimensity 1200 processor, 8 of memory and a spacious 128.0 of internal storage, ensuring brisk responsiveness. Its front panel is dominated by a 6.56-inch display featuring a crisp 2376x1080 resolution featuring an ultra-smooth 120.0 refresh rate, providing vibrant colors and sharp contrasts. Practicality is further enhanced by a substantial 4450.0 cell, offering an excellent balance of longevity and comfort. Running naturally on a modern operating system, the Vivo X70 Pro 256GB is an outstanding technological investment.",,https://www.vivo.com/en/products/param/x70pro; https://www.vivo.com/en/products/x70pro; https://www.gadgets360.com/vivo-x70-pro-price-in-india-103967; https://phonespecs.net/specs/vivo_x70_pro-11085.html,799,USD,95880
Smartphone,Vivo,T1 5G 128GB,Qualcomm Snapdragon 695,6,128,,,0.181,,5000,6.58,2404x1080,90,18,16MP,50MP,"For those seeking reliable technology, the Vivo T1 5G 128GB stands out as a highly capable and dependable choice. It boasts an impressive architecture featuring the Qualcomm Snapdragon 695 processor, 6 of memory and a spacious 128.0 of internal storage to comfortably manage multitasking without bottlenecks. Visuals are rendered on a 6.58-inch display featuring a crisp 2404x1080 resolution featuring an ultra-smooth 90.0 refresh rate, which guarantees an immersive viewing experience. Practicality is further enhanced by an endurance-focused 5000.0 battery and a portable chassis weighing 0.181kg, offering an excellent balance of longevity and comfort. Running naturally on a modern operating system, the Vivo T1 5G 128GB is an outstanding technological investment.",,https://www.vivo.com/en/products/param/t15g; https://www.vivo.com/en/products/t15g; https://phonespecs.net/specs/vivo_t1_5g-11351.html; https://www.mobosdata.com/phone/vivo-t1-5g/,269,USD,32280
Smartphone,Vivo,T1 5G 256GB,Qualcomm Snapdragon 695,8,128,,,0.181,,5000,6.58,2404x1080,90,18,16MP,50MP,"Crafted to meet the demands of modern users, the Vivo T1 5G 256GB is a feature-rich piece of engineering. System operations are engineered around the Qualcomm Snapdragon 695 processor, 8 of memory and a spacious 128.0 of internal storage, providing the necessary bandwidth for intensive applications. Users will appreciate the visual fidelity offered by a 6.58-inch display featuring a crisp 2404x1080 resolution featuring an ultra-smooth 90.0 refresh rate, perfect for streaming and reading. It integrates a long-lasting 5000.0 battery and a surprisingly light 0.181kg frame to maximize mobility without sacrificing runtime. Operating on an efficient OS layer, this configuration positions the Vivo T1 5G 256GB as a highly capable daily driver.",,https://www.vivo.com/en/products/t15g?id=4673; https://www.vivo.com/en/products/param/t15g; https://phonespecs.net/specs/vivo_t1_5g-11351.html; https://www.mobosdata.com/phone/vivo-t1-5g/,319,USD,38280
Smartphone,Vivo,X30 Pro 128GB,Qualcomm Snapdragon 855,8,512,,,0.199,,4200,6.44,1080x2400,165,33,32MP,64MP,"The Vivo X30 Pro 128GB seamlessly blends aesthetics with performance, making it a versatile companion for daily tasks. It boasts an impressive architecture featuring the Qualcomm Snapdragon 855 processor, 8 of memory and a spacious 512.0 of internal storage to comfortably manage multitasking without bottlenecks. Users will appreciate the visual fidelity offered by a 6.44-inch display featuring a crisp 1080x2400 resolution featuring an ultra-smooth 165.0 refresh rate, perfect for streaming and reading. It integrates an endurance-focused 4200.0 battery and a surprisingly light 0.199kg frame to maximize mobility without sacrificing runtime. Running naturally on a modern operating system, the Vivo X30 Pro 128GB is an outstanding technological investment.",,https://phonesdata.com/en/smartphones/vivo/x30-pro-5458465/; https://phonespecs.net/specs/vivo_x30_pro-9943.html; https://www.gadgets360.com/vivo-x30-pro-price-in-india-91358,899,USD,107880
Smartphone,Vivo,X30 Pro 256GB,Qualcomm Snapdragon 855,8,256,,,0.199,,4200,6.44,1080x2400,,33,32MP,64MP,"For those seeking reliable technology, the Vivo X30 Pro 256GB stands out as a modern and dependable choice. System operations are engineered around the Qualcomm Snapdragon 855 processor, 8 of memory and a spacious 256.0 of internal storage, providing the necessary bandwidth for intensive applications. Visuals are presented via a 6.44-inch display featuring a crisp 1080x2400 resolution, which guarantees an immersive viewing experience. Practicality is further enhanced by a long-lasting 4200.0 battery and an overall weight of just 0.199kg, offering an excellent balance of longevity and comfort. Ultimately, with its native software at the helm, the Vivo X30 Pro 256GB easily satisfies the rigorous demands of contemporary digital life.",,https://phonespecs.net/specs/vivo_x30_pro-9943.html; https://www.cellsarena.com/phones/vivo/vivo-x30-pro,949,USD,113880
Smartphone,Vivo,V27 128GB,MediaTek Dimensity 8200,8,128,,,0.182,,4600,6.78,1080x2400,120,66,50MP,50MP,"Presenting the Vivo V27 128GB: a reliable device built for uncompromised productivity and entertainment. System operations are powered by the MediaTek Dimensity 8200 processor, 8 of memory and a spacious 128.0 of internal storage, providing the necessary bandwidth for intensive applications. Its front panel is dominated by a 6.78-inch display featuring a crisp 1080x2400 resolution featuring an ultra-smooth 120.0 refresh rate, providing vibrant colors and sharp contrasts. Physical endurance is addressed by a long-lasting 4600.0 battery and an overall weight of just 0.182kg, keeping you productive on the go. Ultimately, with its native software at the helm, the Vivo V27 128GB easily satisfies the rigorous demands of contemporary digital life.",,https://www.vivo.com/en/products/param/v27; https://www.vivo.com/en/products/v27; https://phonesdata.com/en/smartphones/vivo/v27-5463138/; https://phonespecs.net/specs/vivo_v27-12119.html; https://www.gadgets360.com/vivo-v27-price-in-india-115973,599,USD,71880
Smartphone,Vivo,V27 256GB,MediaTek Dimensity 8200,8,128,,,0.182,,4600,6.78,1080x2400,120,66,50MP,50MP,"Presenting the Vivo V27 256GB: a highly capable device built for uncompromised productivity and entertainment. In terms of hardware, it is fueled by the MediaTek Dimensity 8200 processor, 8 of memory and a spacious 128.0 of internal storage, ensuring brisk responsiveness. Visuals are showcased on a 6.78-inch display featuring a crisp 1080x2400 resolution featuring an ultra-smooth 120.0 refresh rate, which guarantees an immersive viewing experience. Practicality is further enhanced by an endurance-focused 4600.0 battery and a surprisingly light 0.182kg frame, offering an excellent balance of longevity and comfort. Ultimately, with its native software at the helm, the Vivo V27 256GB easily satisfies the rigorous demands of contemporary digital life.",,https://www.vivo.com/en/products/param/v27; https://phonespecs.net/specs/vivo_v27-12119.html; https://www.gadgets360.com/vivo-v27-price-in-india-115973,649,USD,77880
Smartphone,Vivo,V27 Pro 128GB,MediaTek Dimensity 8200,8,128,,,0.182,,4600,6.78,709x800,120,66,50MP,50MP,"The Vivo V27 Pro 128GB seamlessly blends aesthetics with performance, making it a powerful companion for daily tasks. It boasts an impressive architecture featuring the MediaTek Dimensity 8200 processor, 8 of memory and a spacious 128.0 of internal storage to comfortably manage multitasking without bottlenecks. Users will appreciate the visual fidelity offered by a 6.78-inch display featuring a crisp 709x800 resolution featuring an ultra-smooth 120.0 refresh rate, perfect for streaming and reading. It integrates an endurance-focused 4600.0 battery and a surprisingly light 0.182kg frame to maximize mobility without sacrificing runtime. Running naturally on a modern operating system, the Vivo V27 Pro 128GB is an outstanding technological investment.",,https://www.vivo.com/en/products/param/v27-pro; https://www.gadgets360.com/vivo-v27-pro-price-in-india-116067; https://www.techspecs.info/vivo-v27-pro/,699,USD,83880
Smartphone,Vivo,V27 Pro 256GB,MediaTek Dimensity 8200,8,128,,,0.182,,4600,6.78,709x800,120,66,50MP,50MP,"The Vivo V27 Pro 256GB emerges as a modern solution designed to elevate your digital experience. System operations are engineered around the MediaTek Dimensity 8200 processor, 8 of memory and a spacious 128.0 of internal storage, providing the necessary bandwidth for intensive applications. Its front panel is dominated by a 6.78-inch display featuring a crisp 709x800 resolution featuring an ultra-smooth 120.0 refresh rate, providing vibrant colors and sharp contrasts. Physical endurance is addressed by a substantial 4600.0 cell and an overall weight of just 0.182kg, keeping you productive on the go. Operating on an efficient OS layer, this configuration positions the Vivo V27 Pro 256GB as a highly capable daily driver.",,https://www.vivo.com/en/products/param/v27-pro; https://www.gadgets360.com/vivo-v27-pro-price-in-india-116067; https://www.techspecs.info/vivo-v27-pro/,749,USD,89880
Smartphone,Vivo,V25 Pro 128GB,MediaTek Dimensity 1300,8,128,,,0.19,,4830,6.56,627x800,120,,32MP,64MP,"Presenting the Vivo V25 Pro 128GB: a powerful device built for uncompromised productivity and entertainment. The core of its performance lies in the MediaTek Dimensity 1300 processor, 8 of memory and a spacious 128.0 of internal storage, allowing users to navigate demanding workflows seamlessly. Its front panel is dominated by a 6.56-inch display featuring a crisp 627x800 resolution featuring an ultra-smooth 120.0 refresh rate, providing vibrant colors and sharp contrasts. Practicality is further enhanced by an endurance-focused 4830.0 battery and an overall weight of just 0.19kg, offering an excellent balance of longevity and comfort. Coupled with the intuitive pre-installed environment, the Vivo V25 Pro 128GB hits all the right notes for its category.",,https://www.vivo.com/en/products/param/v25-pro; https://www.vivo.com/en/products/v25-pro; https://www.gadgets360.com/vivo-v25-pro-price-in-india-109971,599,USD,71880
Smartphone,Vivo,V25 Pro 256GB,MediaTek Dimensity 1300,8,128,,,0.19,,4830,6.56,627x800,120,40,32MP,64MP,"The Vivo V25 Pro 256GB emerges as a feature-rich solution designed to elevate your digital experience. System operations are engineered around the MediaTek Dimensity 1300 processor, 8 of memory and a spacious 128.0 of internal storage, providing the necessary bandwidth for intensive applications. Visuals are showcased on a 6.56-inch display featuring a crisp 627x800 resolution featuring an ultra-smooth 120.0 refresh rate, which guarantees an immersive viewing experience. Physical endurance is addressed by a long-lasting 4830.0 battery and a surprisingly light 0.19kg frame, keeping you productive on the go. Ultimately, with its native software at the helm, the Vivo V25 Pro 256GB easily satisfies the rigorous demands of contemporary digital life.",,https://www.vivo.com/en/products/param/v25-pro; https://shop.vivo.com/my/product/2162; https://www.gadgets360.com/vivo-v25-pro-price-in-india-109971,649,USD,77880
Smartphone,Vivo,X90 Pro 256GB,MediaTek Dimensity 9200,12,512,,,0.221,,4870,6.78,1260x2800,120,50,32MP,50MP,"For those seeking reliable technology, the Vivo X90 Pro 256GB stands out as a dynamic and dependable choice. System operations are powered by the MediaTek Dimensity 9200 processor, 12 of memory and a spacious 512.0 of internal storage, providing the necessary bandwidth for intensive applications. Its front panel is dominated by a 6.78-inch display featuring a crisp 1260x2800 resolution featuring an ultra-smooth 120.0 refresh rate, providing vibrant colors and sharp contrasts. Physical endurance is addressed by a substantial 4870.0 cell and an overall weight of just 0.221kg, keeping you productive on the go. Operating on an efficient OS layer, this configuration positions the Vivo X90 Pro 256GB as a highly capable daily driver.",,https://www.vivo.com/en/products/param/x90-pro; https://phonesdata.com/en/smartphones/vivo/x90-pro-5462990/; https://www.dxomark.com/smartphones/Vivo/X90-Pro,1099,USD,131880
Smartphone,Vivo,X90 Pro 512GB,MediaTek Dimensity 9200,12,512,,,0.221,,4870,6.78,1260x2800,120,50,32MP,50MP,"Presenting the Vivo X90 Pro 512GB: a dynamic device built for uncompromised productivity and entertainment. The core of its performance lies in the MediaTek Dimensity 9200 processor, 12 of memory and a spacious 512.0 of internal storage, allowing users to navigate demanding workflows seamlessly. Users will appreciate the visual fidelity offered by a 6.78-inch display featuring a crisp 1260x2800 resolution featuring an ultra-smooth 120.0 refresh rate, perfect for streaming and reading. Practicality is further enhanced by an endurance-focused 4870.0 battery and an overall weight of just 0.221kg, offering an excellent balance of longevity and comfort. Ultimately, with its native software at the helm, the Vivo X90 Pro 512GB easily satisfies the rigorous demands of contemporary digital life.",,https://www.vivo.com/en/products/x90-pro; https://www.vivo.com/en/products/param/x90-pro; https://phonespecs.net/specs/vivo_x90_pro-11989.html; https://www.cellsarena.com/phones/vivo/vivo-x90-pro/specs,1199,USD,143880
Smartphone,Vivo,Y100 128GB,MediaTek Dimensity 900,8,256,,,0.19,,4500,6.44,625x800,120,44,16MP,64MP,"Crafted to meet the demands of modern users, the Vivo Y100 128GB is a powerful piece of engineering. The core of its performance lies in the MediaTek Dimensity 900 processor, 8 of memory and a spacious 256.0 of internal storage, allowing users to navigate demanding workflows seamlessly. Users will appreciate the visual fidelity offered by a 6.44-inch display featuring a crisp 625x800 resolution featuring an ultra-smooth 120.0 refresh rate, perfect for streaming and reading. It integrates a long-lasting 4500.0 battery and a surprisingly light 0.19kg frame to maximize mobility without sacrificing runtime. Ultimately, with its native software at the helm, the Vivo Y100 128GB easily satisfies the rigorous demands of contemporary digital life.",,https://www.vivo.com/en/products/y100-5g; https://www.vivo.com/en/products/param/y100-5g; https://www.gadgets360.com/vivo-y100-5g-price-in-india-123846; https://phonespecs.net/specs/vivo_y100-12121.html,399,USD,47880
Smartphone,Vivo,Y100 256GB,MediaTek Dimensity 900,8,256,,,0.19,,4500,6.44,1080x2400,60,44,16MP,64MP,"Crafted to meet the demands of modern users, the Vivo Y100 256GB is a highly capable piece of engineering. System operations are fueled by the MediaTek Dimensity 900 processor, 8 of memory and a spacious 256.0 of internal storage, providing the necessary bandwidth for intensive applications. Its front panel is dominated by a 6.44-inch display featuring a crisp 1080x2400 resolution featuring an ultra-smooth 60.0 refresh rate, providing vibrant colors and sharp contrasts. Physical endurance is addressed by a long-lasting 4500.0 battery and an overall weight of just 0.19kg, keeping you productive on the go. Coupled with the intuitive pre-installed environment, the Vivo Y100 256GB hits all the right notes for its category.",,https://www.vivo.com/en/products/param/y100-5g; https://www.vivo.com/en/products/y100-5g; https://phonespecs.net/specs/vivo_y100-12121.html,449,USD,53880
Smartphone,Vivo,T2 Series 128GB,Qualcomm Snapdragon 695,8,128,,,0.19,,4500,6.44,709x800,90,66,16MP,64MP,"The Vivo T2 Series 128GB emerges as a versatile solution designed to elevate your digital experience. As for its internals, it is equipped with the Qualcomm Snapdragon 695 processor, 8 of memory and a spacious 128.0 of internal storage, ensuring brisk responsiveness. The device incorporates a 6.44-inch display featuring a crisp 709x800 resolution featuring an ultra-smooth 90.0 refresh rate, making it fantastic for media consumption and creative work. Physical endurance is addressed by a long-lasting 4500.0 battery and a surprisingly light 0.19kg frame, keeping you productive on the go. Ultimately, with its native software at the helm, the Vivo T2 Series 128GB easily satisfies the rigorous demands of contemporary digital life.",,https://www.vivo.com/en/products/param/t2-5g; https://www.gadgets360.com/vivo-t2-5g-price-in-india-116838; https://phonespecs.net/specs/vivo_t2-12639.html,299,USD,35880
Smartphone,Vivo,T2 Series 256GB,Qualcomm Snapdragon 695,8,256,,,0.19,,4500,6.44,1080x2400,360,66,16MP,64MP,"For those seeking reliable technology, the Vivo T2 Series 256GB stands out as a reliable and dependable choice. System operations are fueled by the Qualcomm Snapdragon 695 processor, 8 of memory and a spacious 256.0 of internal storage, providing the necessary bandwidth for intensive applications. Users will appreciate the visual fidelity offered by a 6.44-inch display featuring a crisp 1080x2400 resolution featuring an ultra-smooth 360.0 refresh rate, perfect for streaming and reading. For users constantly on the move, it features an endurance-focused 4500.0 battery and an overall weight of just 0.19kg. Running naturally on a modern operating system, the Vivo T2 Series 256GB is an outstanding technological investment.",,https://www.vivo.com/en/products/param/t2-5g; https://www.vivo.com/en/products/t2-5g; https://phonespecs.net/specs/vivo_t2-12639.html; https://www.techspecs.info/vivo-t2/,349,USD,41880
Smartphone,Vivo,V23 5G 128GB,MediaTek Dimensity 920,8,128,,,0.179,,4200,6.44,651x800,90,44,50MP,64MP,"For those seeking reliable technology, the Vivo V23 5G 128GB stands out as a reliable and dependable choice. In terms of hardware, it is powered by the MediaTek Dimensity 920 processor, 8 of memory and a spacious 128.0 of internal storage, ensuring brisk responsiveness. Users will appreciate the visual fidelity offered by a 6.44-inch display featuring a crisp 651x800 resolution featuring an ultra-smooth 90.0 refresh rate, perfect for streaming and reading. For users constantly on the move, it features an endurance-focused 4200.0 battery and a surprisingly light 0.179kg frame. Ultimately, with its native software at the helm, the Vivo V23 5G 128GB easily satisfies the rigorous demands of contemporary digital life.",,https://www.vivo.com/en/products/param/v235g; https://www.vivo.com/en/products/v235g; https://www.gadgets360.com/vivo-v23-price-in-india-104872; https://phonespecs.net/specs/vivo_v23_5g-11308.html,499,USD,59880
Smartphone,Vivo,V23 5G 256GB,MediaTek Dimensity 920,8,128,,,0.179,,4200,6.44,651x800,165,44,50MP,64MP,"Presenting the Vivo V23 5G 256GB: a feature-rich device built for uncompromised productivity and entertainment. The core of its performance lies in the MediaTek Dimensity 920 processor, 8 of memory and a spacious 128.0 of internal storage, allowing users to navigate demanding workflows seamlessly. The device incorporates a 6.44-inch display featuring a crisp 651x800 resolution featuring an ultra-smooth 165.0 refresh rate, making it fantastic for media consumption and creative work. It integrates an endurance-focused 4200.0 battery and a surprisingly light 0.179kg frame to maximize mobility without sacrificing runtime. Operating on an efficient OS layer, this configuration positions the Vivo V23 5G 256GB as a highly capable daily driver.",,https://www.vivo.com/en/products/param/v235g; https://www.gadgets360.com/vivo-v23-price-in-india-104872; https://phonespecs.net/specs/vivo_v23_5g-11308.html,549,USD,65880
Smartphone,Vivo,X80 256GB,MediaTek Dimensity 9000,12,512,,,0.206,,4700,6.78,200x300,120,,32MP,50MP,"The Vivo X80 256GB seamlessly blends aesthetics with performance, making it a powerful companion for daily tasks. System operations are equipped with the MediaTek Dimensity 9000 processor, 12 of memory and a spacious 512.0 of internal storage, providing the necessary bandwidth for intensive applications. The device incorporates a 6.78-inch display featuring a crisp 200x300 resolution featuring an ultra-smooth 120.0 refresh rate, making it fantastic for media consumption and creative work. It integrates an endurance-focused 4700.0 battery and a portable chassis weighing 0.206kg to maximize mobility without sacrificing runtime. Ultimately, with its native software at the helm, the Vivo X80 256GB easily satisfies the rigorous demands of contemporary digital life.",,https://www.vivo.com/en/products/param/x80; https://www.mobosdata.com/phone/vivo-x80/,899,USD,107880
Smartphone,Vivo,X80 512GB,MediaTek Dimensity 9000,12,512,,,0.206,,4700,6.78,1080x2400,120,80,32MP,50MP,"The Vivo X80 512GB emerges as a reliable solution designed to elevate your digital experience. System operations are fueled by the MediaTek Dimensity 9000 processor, 12 of memory and a spacious 512.0 of internal storage, providing the necessary bandwidth for intensive applications. Visuals are rendered on a 6.78-inch display featuring a crisp 1080x2400 resolution featuring an ultra-smooth 120.0 refresh rate, which guarantees an immersive viewing experience. It integrates a long-lasting 4700.0 battery and an overall weight of just 0.206kg to maximize mobility without sacrificing runtime. Operating on an efficient OS layer, this configuration positions the Vivo X80 512GB as a highly capable daily driver.",,https://www.vivo.com/en/products/param/x80; https://www.cellsarena.com/phones/vivo/vivo-x80/specs; https://www.devicedecode.com/mobiles/vivo-x80,999,USD,119880
Smartphone,Vivo,Y21 128GB,MediaTek Helio P35,4,64,,,0.182,,5000,6.51,720x1600,120,18,8MP,13MP,"Presenting the Vivo Y21 128GB: a highly capable device built for uncompromised productivity and entertainment. The core of its performance lies in the MediaTek Helio P35 processor, 4 of memory and a spacious 64.0 of internal storage, allowing users to navigate demanding workflows seamlessly. Users will appreciate the visual fidelity offered by a 6.51-inch display featuring a crisp 720x1600 resolution featuring an ultra-smooth 120.0 refresh rate, perfect for streaming and reading. Practicality is further enhanced by an endurance-focused 5000.0 battery and an overall weight of just 0.182kg, offering an excellent balance of longevity and comfort. Coupled with the intuitive pre-installed environment, the Vivo Y21 128GB hits all the right notes for its category.",,https://www.vivo.com/in/products/param/y21?id=284; https://www.vivo.com/in/products/y21-5g; https://www.techspecs.info/vivo-y21/,199,USD,23880
Smartphone,Vivo,Y21 64GB,MediaTek Helio P35,4,64,,,0.182,,5000,6.51,720x1600,120,18,8MP,13MP,"For those seeking reliable technology, the Vivo Y21 64GB stands out as a dynamic and dependable choice. Moving to performance, it is powered by the MediaTek Helio P35 processor, 4 of memory and a spacious 64.0 of internal storage, ensuring brisk responsiveness. Its front panel is dominated by a 6.51-inch display featuring a crisp 720x1600 resolution featuring an ultra-smooth 120.0 refresh rate, providing vibrant colors and sharp contrasts. For users constantly on the move, it features a substantial 5000.0 cell and a portable chassis weighing 0.182kg. Operating on an efficient OS layer, this configuration positions the Vivo Y21 64GB as a highly capable daily driver.",,https://www.vivo.com/en/products/param/y21; https://www.vivo.com/in/products/y21-5g; https://www.techspecs.info/vivo-y21/,179,USD,21480
Smartphone,Vivo,Pad 128GB,Snapdragon 870,6,256,,,0.498,,8040,,1600x2560,120,,8MP,13MP,"For those seeking reliable technology, the Vivo Pad 128GB stands out as a versatile and dependable choice. System operations are engineered around the Snapdragon 870 processor, 6 of memory and a spacious 256.0 of internal storage, providing the necessary bandwidth for intensive applications. Its front panel is dominated by a crisp 1600x2560 resolution featuring an ultra-smooth 120.0 refresh rate, providing vibrant colors and sharp contrasts. It integrates a long-lasting 8040.0 battery and a portable chassis weighing 0.498kg to maximize mobility without sacrificing runtime. Coupled with the intuitive pre-installed environment, the Vivo Pad 128GB hits all the right notes for its category.",,https://www.gsmarena.com.bd/vivo-pad/,329,USD,39480
Smartphone,Vivo,Pad 2 256GB,MediaTek Dimensity 1200,8,,,,,,8040,,,,,8MP,50MP,"The Vivo Pad 2 256GB seamlessly blends aesthetics with performance, making it a reliable companion for daily tasks. System operations are engineered around the MediaTek Dimensity 1200 processor and 8 of memory, providing the necessary bandwidth for intensive applications. It integrates a substantial 8040.0 cell to maximize mobility without sacrificing runtime. Coupled with the intuitive pre-installed environment, the Vivo Pad 2 256GB hits all the right notes for its category.",,,399,USD,47880
Smartphone,Vivo,Pad Air 128GB,Snapdragon 870,6,12,,,0.51,,8040,,1920x1080,144,,8MP,13MP,"The Vivo Pad Air 128GB seamlessly blends aesthetics with performance, making it a sophisticated companion for daily tasks. System operations are engineered around the Snapdragon 870 processor, 6 of memory and a spacious 12.0 of internal storage, providing the necessary bandwidth for intensive applications. Its front panel is dominated by a crisp 1920x1080 resolution featuring an ultra-smooth 144.0 refresh rate, providing vibrant colors and sharp contrasts. Physical endurance is addressed by a substantial 8040.0 cell and a surprisingly light 0.51kg frame, keeping you productive on the go. Ultimately, with its native software at the helm, the Vivo Pad Air 128GB easily satisfies the rigorous demands of contemporary digital life.",,https://manual-user-guide.com/vivo-pad-air,279,USD,33480
Smartphone,Vivo,Pad 3 128GB,Snapdragon 750G,6,512,,,0.5,,8040,,675x800,165,44,8MP,13MP,"Crafted to meet the demands of modern users, the Vivo Pad 3 128GB is a reliable piece of engineering. It boasts an impressive architecture featuring the Snapdragon 750G processor, 6 of memory and a spacious 512.0 of internal storage to comfortably manage multitasking without bottlenecks. Users will appreciate the visual fidelity offered by a crisp 675x800 resolution featuring an ultra-smooth 165.0 refresh rate, perfect for streaming and reading. For users constantly on the move, it features a substantial 8040.0 cell and a portable chassis weighing 0.5kg. Ultimately, with its native software at the helm, the Vivo Pad 3 128GB easily satisfies the rigorous demands of contemporary digital life.",,https://www.gadgets360.com/vivo-pad-3-price-in-india-126689; https://specsinsight.com/vivo-pad3/,349,USD,41880
Smartphone,Vivo,Pad 3 Pro 256GB,Snapdragon 888,8,512,,,0.55,,8040,,709x800,144,66,8MP,50MP,"The Vivo Pad 3 Pro 256GB seamlessly blends aesthetics with performance, making it a premium companion for daily tasks. System operations are driven by the Snapdragon 888 processor, 8 of memory and a spacious 512.0 of internal storage, providing the necessary bandwidth for intensive applications. Users will appreciate the visual fidelity offered by a crisp 709x800 resolution featuring an ultra-smooth 144.0 refresh rate, perfect for streaming and reading. For users constantly on the move, it features a long-lasting 8040.0 battery and a surprisingly light 0.55kg frame. Operating on an efficient OS layer, this configuration positions the Vivo Pad 3 Pro 256GB as a highly capable daily driver.",,https://www.vivo.com.cn/vivo/vivopad3pro/; https://www.gadgets360.com/vivo-pad-3-pro-price-in-india-124825; https://specsinsight.com/vivo-pad3-pro/,449,USD,53880
Smartphone,Vivo,Pad 4 Pro 256GB,MediaTek Dimensity 9000,8,128,,,0.56,,8040,,240x180,165,66,8MP,50MP,"Presenting the Vivo Pad 4 Pro 256GB: a feature-rich device built for uncompromised productivity and entertainment. The core of its performance lies in the MediaTek Dimensity 9000 processor, 8 of memory and a spacious 128.0 of internal storage, allowing users to navigate demanding workflows seamlessly. The device incorporates a crisp 240x180 resolution featuring an ultra-smooth 165.0 refresh rate, making it fantastic for media consumption and creative work. Physical endurance is addressed by an endurance-focused 8040.0 battery and a surprisingly light 0.56kg frame, keeping you productive on the go. Coupled with the intuitive pre-installed environment, the Vivo Pad 4 Pro 256GB hits all the right notes for its category.",,https://www.gadgets360.com/tags/vivo-pad-4-pro-specifications; https://us.mobileinto.com/Vivo-Pad-4-Pro/; https://www.smartprix.com/tablets/vivo-pad-4-pro-ppd1ogbl8612,499,USD,59880
Smartphone,iQOO,Pad 128GB,Snapdragon 870,6,512,,,0.52,,8040,,2800x1968,144,44,8MP,13MP,"For those seeking reliable technology, the iQOO Pad 128GB stands out as a modern and dependable choice. It boasts an impressive architecture featuring the Snapdragon 870 processor, 6 of memory and a spacious 512.0 of internal storage to comfortably manage multitasking without bottlenecks. Visuals are delivered through a crisp 2800x1968 resolution featuring an ultra-smooth 144.0 refresh rate, which guarantees an immersive viewing experience. Physical endurance is addressed by a substantial 8040.0 cell and a surprisingly light 0.52kg frame, keeping you productive on the go. Running naturally on a modern operating system, the iQOO Pad 128GB is an outstanding technological investment.",,https://www.vivo.com.cn/vivo/iqoopad; https://specsinsight.com/iqoo-pad/,349,USD,41880
Smartphone,iQOO,Pad 2 256GB,Snapdragon 888,8,512,,,0.54,,8040,,2276x1600,144,44,8MP,50MP,"Presenting the iQOO Pad 2 256GB: a highly capable device built for uncompromised productivity and entertainment. The core of its performance lies in the Snapdragon 888 processor, 8 of memory and a spacious 512.0 of internal storage, allowing users to navigate demanding workflows seamlessly. Users will appreciate the visual fidelity offered by a crisp 2276x1600 resolution featuring an ultra-smooth 144.0 refresh rate, perfect for streaming and reading. Physical endurance is addressed by a substantial 8040.0 cell and an overall weight of just 0.54kg, keeping you productive on the go. Operating on an efficient OS layer, this configuration positions the iQOO Pad 2 256GB as a highly capable daily driver.",,https://www.vivo.com.cn/vivo/iqoopad2/; https://specsinsight.com/iqoo-pad2/,399,USD,47880
Smartphone,iQOO,Pad 2 Pro 256GB,Snapdragon 8 Gen 1,8,1024,,,,,8040,,2276x1600,144,66,8MP,50MP,"The iQOO Pad 2 Pro 256GB emerges as a premium solution designed to elevate your digital experience. It boasts an impressive architecture featuring the Snapdragon 8 Gen 1 processor, 8 of memory and a spacious 1024.0 of internal storage to comfortably manage multitasking without bottlenecks. Visuals are presented via a crisp 2276x1600 resolution featuring an ultra-smooth 144.0 refresh rate, which guarantees an immersive viewing experience. For users constantly on the move, it features a long-lasting 8040.0 battery. Coupled with the intuitive pre-installed environment, the iQOO Pad 2 Pro 256GB hits all the right notes for its category.",,https://www.vivo.com.cn/vivo/iqoopad2pro/; https://www.vivo.com.cn/vivo/iqoopad2/; https://www.gadgets360.com/iqoo-pad-2-pro-price-in-india-126021; https://techmansion.tech/devices/iqoo-pad-2-pro/,449,USD,53880
Smartphone,Oppo,Find N3 512GB,Snapdragon 8 Gen 2,12,512,,,0.239,,4805,7.82,3840x1644,120,67,32MP,48MP + 64MP + 48MP,"Crafted to meet the demands of modern users, the Oppo Find N3 512GB is a sophisticated piece of engineering. The core of its performance lies in the Snapdragon 8 Gen 2 processor, 12 of memory and a spacious 512.0 of internal storage, allowing users to navigate demanding workflows seamlessly. The device incorporates a 7.82-inch display featuring a crisp 3840x1644 resolution featuring an ultra-smooth 120.0 refresh rate, making it fantastic for media consumption and creative work. It integrates a long-lasting 4805.0 battery and an overall weight of just 0.239kg to maximize mobility without sacrificing runtime. Running naturally on a modern operating system, the Oppo Find N3 512GB is an outstanding technological investment.",,https://www.oppo.com/en/smartphones/series-find-n/find-n3/specs/; https://www.techspecs.info/oppo-find-n3/,1399,USD,167880
Smartphone,Oppo,Find N3 Flip 256GB,MediaTek Dimensity 9200,12,512,,,0.198,,4300,6.8,1080x2520,120,44,32MP,50MP + 32MP + 48MP,"The Oppo Find N3 Flip 256GB seamlessly blends aesthetics with performance, making it a modern companion for daily tasks. Moving to performance, it is equipped with the MediaTek Dimensity 9200 processor, 12 of memory and a spacious 512.0 of internal storage, ensuring brisk responsiveness. Its front panel is dominated by a 6.8-inch display featuring a crisp 1080x2520 resolution featuring an ultra-smooth 120.0 refresh rate, providing vibrant colors and sharp contrasts. Physical endurance is addressed by a long-lasting 4300.0 battery and an overall weight of just 0.198kg, keeping you productive on the go. Running naturally on a modern operating system, the Oppo Find N3 Flip 256GB is an outstanding technological investment.",,https://www.oppo.com/en/smartphones/series-find-n/find-n3-flip/specs/; https://phonesdata.com/en/smartphones/oppo/find-n3-flip-5464850/; https://specsinsight.com/oppo-find-n3-flip/,999,USD,119880
Smartphone,Oppo,Find X8 Pro 256GB,Snapdragon 8 Gen 2,12,512,,,0.21,,5000,6.8,2780x1264,120,50,32MP,50MP + 50MP + 50MP,"Crafted to meet the demands of modern users, the Oppo Find X8 Pro 256GB is a sophisticated piece of engineering. Under the hood, it is driven by the Snapdragon 8 Gen 2 processor, 12 of memory and a spacious 512.0 of internal storage, ensuring brisk responsiveness. Its front panel is dominated by a 6.8-inch display featuring a crisp 2780x1264 resolution featuring an ultra-smooth 120.0 refresh rate, providing vibrant colors and sharp contrasts. For users constantly on the move, it features a long-lasting 5000.0 battery and a portable chassis weighing 0.21kg. Operating on an efficient OS layer, this configuration positions the Oppo Find X8 Pro 256GB as a highly capable daily driver.",,https://www.oppo.com/en/smartphones/series-find-x/find-x8-pro/; https://www.techspecs.info/oppo-find-x8-pro/,1299,USD,155880
Smartphone,Oppo,Find X8 256GB,Snapdragon 8 Gen 2,8,256,,,,,4800,6.7,2760x1256,120,80,32MP,50MP + 50MP,"Crafted to meet the demands of modern users, the Oppo Find X8 256GB is a dynamic piece of engineering. Furthermore, it is engineered around the Snapdragon 8 Gen 2 processor, 8 of memory and a spacious 256.0 of internal storage, ensuring brisk responsiveness. Visuals are rendered on a 6.7-inch display featuring a crisp 2760x1256 resolution featuring an ultra-smooth 120.0 refresh rate, which guarantees an immersive viewing experience. It integrates a substantial 4800.0 cell to maximize mobility without sacrificing runtime. Running naturally on a modern operating system, the Oppo Find X8 256GB is an outstanding technological investment.",,https://www.oppo.com/en/smartphones/series-find-x/find-x8/specs/; https://www.oppo.com/en/smartphones/series-find-x/find-x8/; https://www.techspecs.info/oppo-find-x8/,1099,USD,131880
Smartphone,Oppo,Reno13 F 4G 256GB,MediaTek Helio G100,8,512,,,0.192,,5800,6.67,1080x2400,120,45,32MP,50MP + 8MP + 2MP,"The Oppo Reno13 F 4G 256GB emerges as a reliable solution designed to elevate your digital experience. System operations are powered by the MediaTek Helio G100 processor, 8 of memory and a spacious 512.0 of internal storage, providing the necessary bandwidth for intensive applications. The device incorporates a 6.67-inch display featuring a crisp 1080x2400 resolution featuring an ultra-smooth 120.0 refresh rate, making it fantastic for media consumption and creative work. For users constantly on the move, it features a long-lasting 5800.0 battery and an overall weight of just 0.192kg. Ultimately, with its native software at the helm, the Oppo Reno13 F 4G 256GB easily satisfies the rigorous demands of contemporary digital life.",,https://www.oppo.com/en/smartphones/series-reno/reno13-f-4g/specs/; https://www.oppo.com/en/smartphones/series-reno/reno13-f-4g/; https://phonesdata.com/en/smartphones/oppo/reno13-f-4g-5465084/,499,USD,59880
Smartphone,Oppo,Reno13 F 256GB,MediaTek Helio G100,8,512,,,0.192,,5800,6.67,1080x2400,120,45,32MP,50MP + 8MP + 2MP,"The Oppo Reno13 F 256GB emerges as a modern solution designed to elevate your digital experience. System operations are engineered around the MediaTek Helio G100 processor, 8 of memory and a spacious 512.0 of internal storage, providing the necessary bandwidth for intensive applications. Its front panel is dominated by a 6.67-inch display featuring a crisp 1080x2400 resolution featuring an ultra-smooth 120.0 refresh rate, providing vibrant colors and sharp contrasts. Practicality is further enhanced by a long-lasting 5800.0 battery and a portable chassis weighing 0.192kg, offering an excellent balance of longevity and comfort. Coupled with the intuitive pre-installed environment, the Oppo Reno13 F 256GB hits all the right notes for its category.",,https://www.oppo.com/en/smartphones/series-reno/reno13-f-5g/specs/; https://www.oppo.com/en/smartphones/series-reno/reno13-f-5g/; https://www.techspecs.info/oppo-reno13-f/,499,USD,59880
Smartphone,Oppo,Reno13 Pro 512GB,MediaTek Dimensity 8350,12,512,,,0.21,,5800,6.83,797x800,120,80,50MP,50MP + 50MP + 8MP,"For those seeking reliable technology, the Oppo Reno13 Pro 512GB stands out as a versatile and dependable choice. Moving to performance, it is equipped with the MediaTek Dimensity 8350 processor, 12 of memory and a spacious 512.0 of internal storage, ensuring brisk responsiveness. The device incorporates a 6.83-inch display featuring a crisp 797x800 resolution featuring an ultra-smooth 120.0 refresh rate, making it fantastic for media consumption and creative work. It integrates an endurance-focused 5800.0 battery and an overall weight of just 0.21kg to maximize mobility without sacrificing runtime. Operating on an efficient OS layer, this configuration positions the Oppo Reno13 Pro 512GB as a highly capable daily driver.",,https://www.oppo.com/en/smartphones/series-reno/reno13-pro/specs/; https://www.oppo.com/en/smartphones/series-reno/reno13-pro/; https://www.gadgets360.com/oppo-reno-13-pro-price-in-india-129420,799,USD,95880
Smartphone,Oppo,Reno13 256GB,MediaTek Dimensity 8350,12,512,,,0.2,,5600,6.59,1256x2760,120,80,50MP,50MP + 8MP,"The Oppo Reno13 256GB emerges as a powerful solution designed to elevate your digital experience. System operations are fueled by the MediaTek Dimensity 8350 processor, 12 of memory and a spacious 512.0 of internal storage, providing the necessary bandwidth for intensive applications. Its front panel is dominated by a 6.59-inch display featuring a crisp 1256x2760 resolution featuring an ultra-smooth 120.0 refresh rate, providing vibrant colors and sharp contrasts. It integrates an endurance-focused 5600.0 battery and a surprisingly light 0.2kg frame to maximize mobility without sacrificing runtime. Running naturally on a modern operating system, the Oppo Reno13 256GB is an outstanding technological investment.",,https://www.oppo.com/en/smartphones/series-reno/reno13/specs/; https://www.oppo.com/en/smartphones/series-reno/reno13/; https://phonesdata.com/en/smartphones/oppo/reno13-5465085/,699,USD,83880
Smartphone,Oppo,Reno12 F 4G 256GB,Snapdragon 685,8,512,,,0.187,,5000,6.7,1080x2400,120,45,32MP,50MP + 8MP + 2MP,"For those seeking reliable technology, the Oppo Reno12 F 4G 256GB stands out as a dynamic and dependable choice. It boasts an impressive architecture featuring the Snapdragon 685 processor, 8 of memory and a spacious 512.0 of internal storage to comfortably manage multitasking without bottlenecks. Its front panel is dominated by a 6.7-inch display featuring a crisp 1080x2400 resolution featuring an ultra-smooth 120.0 refresh rate, providing vibrant colors and sharp contrasts. Physical endurance is addressed by a substantial 5000.0 cell and a surprisingly light 0.187kg frame, keeping you productive on the go. Coupled with the intuitive pre-installed environment, the Oppo Reno12 F 4G 256GB hits all the right notes for its category.",,https://www.oppo.com/en/smartphones/series-reno/reno12-f-4g/specs/; https://www.oppo.com/en/smartphones/series-reno/reno12-f-4g/; https://phonespecs.net/specs/oppo_reno12_f_4g-13216.html,449,USD,53880
Smartphone,Oppo,Reno12 F 256GB,Snapdragon 685,8,,,,0.187,,5000,6.7,1080x2400,120,45,32MP,50MP + 8MP + 2MP,"Presenting the Oppo Reno12 F 256GB: a premium device built for uncompromised productivity and entertainment. It boasts an impressive architecture featuring the Snapdragon 685 processor and 8 of memory to comfortably manage multitasking without bottlenecks. Its front panel is dominated by a 6.7-inch display featuring a crisp 1080x2400 resolution featuring an ultra-smooth 120.0 refresh rate, providing vibrant colors and sharp contrasts. Physical endurance is addressed by an endurance-focused 5000.0 battery and an overall weight of just 0.187kg, keeping you productive on the go. Running naturally on a modern operating system, the Oppo Reno12 F 256GB is an outstanding technological investment.",,https://www.oppo.com/en/smartphones/series-reno/reno12-f-5g/specs/; https://phonesdata.com/en/smartphones/oppo/reno12-f-5464957/,449,USD,53880
Smartphone,Oppo,Reno12 Pro 512GB,MediaTek Dimensity 8200,12,512,,,0.19,,4600,6.74,2412x1080,120,80,32MP,50MP + 32MP + 8MP,"Presenting the Oppo Reno12 Pro 512GB: a highly capable device built for uncompromised productivity and entertainment. System operations are driven by the MediaTek Dimensity 8200 processor, 12 of memory and a spacious 512.0 of internal storage, providing the necessary bandwidth for intensive applications. Visuals are handled by a 6.74-inch display featuring a crisp 2412x1080 resolution featuring an ultra-smooth 120.0 refresh rate, which guarantees an immersive viewing experience. It integrates a long-lasting 4600.0 battery and an overall weight of just 0.19kg to maximize mobility without sacrificing runtime. Coupled with the intuitive pre-installed environment, the Oppo Reno12 Pro 512GB hits all the right notes for its category.",,https://www.oppo.com/en/smartphones/series-reno/reno12/specs/; https://www.oppo.com/en/smartphones/series-reno/reno12-pro/; https://phonespecs.net/specs/oppo_reno12_pro-13132.html,749,USD,89880
Smartphone,Oppo,Reno12 256GB,MediaTek Dimensity 7050,8,512,,,,,5000,6.7,2412x1080,120,80,32MP,50MP + 8MP,"Presenting the Oppo Reno12 256GB: a dynamic device built for uncompromised productivity and entertainment. The core of its performance lies in the MediaTek Dimensity 7050 processor, 8 of memory and a spacious 512.0 of internal storage, allowing users to navigate demanding workflows seamlessly. The device incorporates a 6.7-inch display featuring a crisp 2412x1080 resolution featuring an ultra-smooth 120.0 refresh rate, making it fantastic for media consumption and creative work. Practicality is further enhanced by an endurance-focused 5000.0 battery, offering an excellent balance of longevity and comfort. Ultimately, with its native software at the helm, the Oppo Reno12 256GB easily satisfies the rigorous demands of contemporary digital life.",,https://www.oppo.com/en/smartphones/series-reno/reno12/specs/; https://www.oppo.com/en/smartphones/series-reno/reno12/; https://phonesdata.com/en/smartphones/oppo/reno12-5464904/,599,USD,71880
Smartphone,Oppo,Reno11 F 256GB,MediaTek Dimensity 7050,8,256,,,,,5000,6.7,2412x1080,120,67,32MP,64MP + 8MP + 2MP,"Presenting the Oppo Reno11 F 256GB: a highly capable device built for uncompromised productivity and entertainment. It boasts an impressive architecture featuring the MediaTek Dimensity 7050 processor, 8 of memory and a spacious 256.0 of internal storage to comfortably manage multitasking without bottlenecks. Users will appreciate the visual fidelity offered by a 6.7-inch display featuring a crisp 2412x1080 resolution featuring an ultra-smooth 120.0 refresh rate, perfect for streaming and reading. Physical endurance is addressed by an endurance-focused 5000.0 battery, keeping you productive on the go. Coupled with the intuitive pre-installed environment, the Oppo Reno11 F 256GB hits all the right notes for its category.",,https://www.oppo.com/en/smartphones/series-reno/reno11/; https://www.oppo.com/ae/smartphones/series-reno/reno11/specs/; https://phonespecs.net/specs/oppo_reno11_f-12797.html,499,USD,59880
Smartphone,Oppo,Reno11 Pro 512GB,MediaTek Dimensity 8200,12,512,,,0.19,,4600,6.74,2412x1080,120,80,32MP,50MP + 32MP + 8MP,"Crafted to meet the demands of modern users, the Oppo Reno11 Pro 512GB is a feature-rich piece of engineering. It boasts an impressive architecture featuring the MediaTek Dimensity 8200 processor, 12 of memory and a spacious 512.0 of internal storage to comfortably manage multitasking without bottlenecks. Its front panel is dominated by a 6.74-inch display featuring a crisp 2412x1080 resolution featuring an ultra-smooth 120.0 refresh rate, providing vibrant colors and sharp contrasts. For users constantly on the move, it features a substantial 4600.0 cell and a surprisingly light 0.19kg frame. Running naturally on a modern operating system, the Oppo Reno11 Pro 512GB is an outstanding technological investment.",,https://www.oppo.com/en/smartphones/series-reno/reno11-pro/specs/; https://www.oppo.com/en/smartphones/series-reno/reno11-pro/; https://phonespecs.net/specs/oppo_reno11_pro-12790.html,699,USD,83880
Smartphone,Oppo,A5 Pro 256GB,Dimensity 7300,8,256,,,0.18,,6000,6.7,1604x720,120,45,16MP,50MP + 2MP,"The Oppo A5 Pro 256GB seamlessly blends aesthetics with performance, making it a highly capable companion for daily tasks. Moving to performance, it is fueled by the Dimensity 7300 processor, 8 of memory and a spacious 256.0 of internal storage, ensuring brisk responsiveness. Users will appreciate the visual fidelity offered by a 6.7-inch display featuring a crisp 1604x720 resolution featuring an ultra-smooth 120.0 refresh rate, perfect for streaming and reading. For users constantly on the move, it features a substantial 6000.0 cell and an overall weight of just 0.18kg. Ultimately, with its native software at the helm, the Oppo A5 Pro 256GB easily satisfies the rigorous demands of contemporary digital life.",,https://www.oppo.com/en/smartphones/series-a/a5-pro-5g/specs/; https://specsinsight.com/oppo-a5-pro/,599,USD,71880
Smartphone,Oppo,A5 Pro 512GB,Dimensity 7300,12,,,,0.186,,6000,6.7,720x1604,90,,16MP,50MP + 2MP,"Crafted to meet the demands of modern users, the Oppo A5 Pro 512GB is a sophisticated piece of engineering. The core of its performance lies in the Dimensity 7300 processor and 12 of memory, allowing users to navigate demanding workflows seamlessly. The device incorporates a 6.7-inch display featuring a crisp 720x1604 resolution featuring an ultra-smooth 90.0 refresh rate, making it fantastic for media consumption and creative work. It integrates an endurance-focused 6000.0 battery and a surprisingly light 0.186kg frame to maximize mobility without sacrificing runtime. Coupled with the intuitive pre-installed environment, the Oppo A5 Pro 512GB hits all the right notes for its category.",,https://www.oppo.com/en/smartphones/series-a/a5-pro/specs/,699,USD,83880
Smartphone,Oppo,A80 256GB,Dimensity 6300,8,128,,,0.186,,5100,6.67,720x1604,120,45,8MP,50MP + 2MP,"For those seeking reliable technology, the Oppo A80 256GB stands out as a premium and dependable choice. System operations are driven by the Dimensity 6300 processor, 8 of memory and a spacious 128.0 of internal storage, providing the necessary bandwidth for intensive applications. Visuals are showcased on a 6.67-inch display featuring a crisp 720x1604 resolution featuring an ultra-smooth 120.0 refresh rate, which guarantees an immersive viewing experience. It integrates an endurance-focused 5100.0 battery and an overall weight of just 0.186kg to maximize mobility without sacrificing runtime. Running naturally on a modern operating system, the Oppo A80 256GB is an outstanding technological investment.",,https://www.oppo.com/lu/smartphones/series-a/a80-5g/specs/; https://www.techspecs.info/oppo-a80-5g/,499,USD,59880
Smartphone,Oppo,A3 4G 128GB,Snapdragon 6s 4G Gen 1,4,,,,0.186,,5000,6.7,1080x2280,90,45,5MP,50MP,"Crafted to meet the demands of modern users, the Oppo A3 4G 128GB is a feature-rich piece of engineering. System operations are equipped with the Snapdragon 6s 4G Gen 1 processor and 4 of memory, providing the necessary bandwidth for intensive applications. Its front panel is dominated by a 6.7-inch display featuring a crisp 1080x2280 resolution featuring an ultra-smooth 90.0 refresh rate, providing vibrant colors and sharp contrasts. It integrates a long-lasting 5000.0 battery and a portable chassis weighing 0.186kg to maximize mobility without sacrificing runtime. Running naturally on a modern operating system, the Oppo A3 4G 128GB is an outstanding technological investment.",,https://www.oppo.com/en/smartphones/series-a/a3/specs/; https://www.gadgets360.com/oppo-a3-4730; https://phonesdata.com/en/smartphones/oppo/a3-4g-5464975/,399,USD,47880
Smartphone,Oppo,A3x 4G 128GB,Snapdragon 6s 4G Gen 1,4,64,,,0.186,,5100,6.67,720x1604,90,44,8MP,8MP + 2MP,"The Oppo A3x 4G 128GB emerges as a reliable solution designed to elevate your digital experience. It boasts an impressive architecture featuring the Snapdragon 6s 4G Gen 1 processor, 4 of memory and a spacious 64.0 of internal storage to comfortably manage multitasking without bottlenecks. Visuals are presented via a 6.67-inch display featuring a crisp 720x1604 resolution featuring an ultra-smooth 90.0 refresh rate, which guarantees an immersive viewing experience. Practicality is further enhanced by a long-lasting 5100.0 battery and a surprisingly light 0.186kg frame, offering an excellent balance of longevity and comfort. Ultimately, with its native software at the helm, the Oppo A3x 4G 128GB easily satisfies the rigorous demands of contemporary digital life.",,https://www.oppo.com/en/smartphones/series-a/a3x/specs/; https://www.techspecs.info/oppo-a3x-4g/,449,USD,53880
Smartphone,Oppo,A3x 4G 256GB,Snapdragon 6s 4G Gen 1,6,64,,,0.186,,5100,6.67,720x1604,90,45,8MP,8MP + 2MP,"The Oppo A3x 4G 256GB emerges as a dynamic solution designed to elevate your digital experience. It boasts an impressive architecture featuring the Snapdragon 6s 4G Gen 1 processor, 6 of memory and a spacious 64.0 of internal storage to comfortably manage multitasking without bottlenecks. Visuals are handled by a 6.67-inch display featuring a crisp 720x1604 resolution featuring an ultra-smooth 90.0 refresh rate, which guarantees an immersive viewing experience. It integrates a substantial 5100.0 cell and an overall weight of just 0.186kg to maximize mobility without sacrificing runtime. Running naturally on a modern operating system, the Oppo A3x 4G 256GB is an outstanding technological investment.",,https://www.oppo.com/en/smartphones/series-a/a3x/specs/; https://phonespecs.net/specs/oppo_a3x_4g-13261.html; https://www.techspecs.info/oppo-a3x-4g/,499,USD,59880
Smartphone,Oppo,A3 128GB,Snapdragon 6s 4G Gen 1,4,128,,,0.186,,5000,6.7,1080x2280,90,45,5MP,50MP,"The Oppo A3 128GB seamlessly blends aesthetics with performance, making it a sophisticated companion for daily tasks. The core of its performance lies in the Snapdragon 6s 4G Gen 1 processor, 4 of memory and a spacious 128.0 of internal storage, allowing users to navigate demanding workflows seamlessly. The device incorporates a 6.7-inch display featuring a crisp 1080x2280 resolution featuring an ultra-smooth 90.0 refresh rate, making it fantastic for media consumption and creative work. For users constantly on the move, it features a long-lasting 5000.0 battery and an overall weight of just 0.186kg. Ultimately, with its native software at the helm, the Oppo A3 128GB easily satisfies the rigorous demands of contemporary digital life.",,https://www.oppo.com/en/smartphones/series-a/a3/specs/; https://www.gadgets360.com/oppo-a3-4730; https://specsinsight.com/oppo-a3-2/,399,USD,47880
Smartphone,Oppo,A3x 128GB,Snapdragon 6s 4G Gen 1,4,128,,,0.186,,5100,6.67,720x1604,90,45,8MP,8MP + 2MP,"Crafted to meet the demands of modern users, the Oppo A3x 128GB is a powerful piece of engineering. System operations are engineered around the Snapdragon 6s 4G Gen 1 processor, 4 of memory and a spacious 128.0 of internal storage, providing the necessary bandwidth for intensive applications. Users will appreciate the visual fidelity offered by a 6.67-inch display featuring a crisp 720x1604 resolution featuring an ultra-smooth 90.0 refresh rate, perfect for streaming and reading. For users constantly on the move, it features a substantial 5100.0 cell and a surprisingly light 0.186kg frame. Ultimately, with its native software at the helm, the Oppo A3x 128GB easily satisfies the rigorous demands of contemporary digital life.",,https://www.oppo.com/en/smartphones/series-a/a3x/specs/; https://phonesdata.com/en/smartphones/oppo/a3x-5464754/; https://specsinsight.com/oppo-a3x/,449,USD,53880
Smartphone,Oppo,A3x 256GB,Snapdragon 6s 4G Gen 1,6,128,,,0.186,,5100,6.67,720x1604,90,45,8MP,8MP + 2MP,"The Oppo A3x 256GB emerges as a sophisticated solution designed to elevate your digital experience. Moving to performance, it is fueled by the Snapdragon 6s 4G Gen 1 processor, 6 of memory and a spacious 128.0 of internal storage, ensuring brisk responsiveness. Visuals are delivered through a 6.67-inch display featuring a crisp 720x1604 resolution featuring an ultra-smooth 90.0 refresh rate, which guarantees an immersive viewing experience. Physical endurance is addressed by a substantial 5100.0 cell and a surprisingly light 0.186kg frame, keeping you productive on the go. Operating on an efficient OS layer, this configuration positions the Oppo A3x 256GB as a highly capable daily driver.",,https://www.oppo.com/en/smartphones/series-a/a3x/specs/; https://www.techspecs.info/oppo-a3x-5g/,499,USD,59880
Smartphone,Oppo,A60 128GB,Snapdragon 680 4G,8,128,,,0.186,,5000,6.67,1604x720,60,45,8MP,50MP + 2MP,"The Oppo A60 128GB seamlessly blends aesthetics with performance, making it a highly capable companion for daily tasks. Furthermore, it is fueled by the Snapdragon 680 4G processor, 8 of memory and a spacious 128.0 of internal storage, ensuring brisk responsiveness. The device incorporates a 6.67-inch display featuring a crisp 1604x720 resolution featuring an ultra-smooth 60.0 refresh rate, making it fantastic for media consumption and creative work. It integrates a long-lasting 5000.0 battery and an overall weight of just 0.186kg to maximize mobility without sacrificing runtime. Coupled with the intuitive pre-installed environment, the Oppo A60 128GB hits all the right notes for its category.",,https://www.oppo.com/en/smartphones/series-a/a60/specs/; https://phonespecs.net/specs/oppo_a60-12964.html; https://www.techspecs.info/oppo-a60/,449,USD,53880
Smartphone,Oppo,A60 256GB,Snapdragon 680 4G,8,256,,,0.186,,5000,6.67,1604x720,60,45,8MP,50MP + 2MP,"Presenting the Oppo A60 256GB: a premium device built for uncompromised productivity and entertainment. As for its internals, it is driven by the Snapdragon 680 4G processor, 8 of memory and a spacious 256.0 of internal storage, ensuring brisk responsiveness. Its front panel is dominated by a 6.67-inch display featuring a crisp 1604x720 resolution featuring an ultra-smooth 60.0 refresh rate, providing vibrant colors and sharp contrasts. For users constantly on the move, it features a long-lasting 5000.0 battery and an overall weight of just 0.186kg. Running naturally on a modern operating system, the Oppo A60 256GB is an outstanding technological investment.",,https://www.oppo.com/en/smartphones/series-a/a60/specs/; https://phonespecs.net/specs/oppo_a60-12964.html; https://specsinsight.com/oppo-a60/,499,USD,59880
Smartphone,Oppo,K12 Plus 256GB,Snapdragon 7 Gen 3,8,256,,,0.192,,6400,6.7,1080x2412,120,80,16MP,50MP,"The Oppo K12 Plus 256GB seamlessly blends aesthetics with performance, making it a premium companion for daily tasks. System operations are driven by the Snapdragon 7 Gen 3 processor, 8 of memory and a spacious 256.0 of internal storage, providing the necessary bandwidth for intensive applications. The device incorporates a 6.7-inch display featuring a crisp 1080x2412 resolution featuring an ultra-smooth 120.0 refresh rate, making it fantastic for media consumption and creative work. Practicality is further enhanced by a long-lasting 6400.0 battery and an overall weight of just 0.192kg, offering an excellent balance of longevity and comfort. Coupled with the intuitive pre-installed environment, the Oppo K12 Plus 256GB hits all the right notes for its category.",,https://www.oppo.com/cn/smartphones/series-k/k12-plus/specs/; https://phonesdata.com/en/smartphones/oppo/k12-plus-5464960/; https://www.techspecs.info/oppo-k12-plus/,699,USD,83880
Smartphone,Oppo,K12 Plus 512GB,Snapdragon 7 Gen 3,12,512,,,0.192,,6400,6.7,2412x1080,120,80,16MP,50MP,"The Oppo K12 Plus 512GB emerges as a dynamic solution designed to elevate your digital experience. System operations are driven by the Snapdragon 7 Gen 3 processor, 12 of memory and a spacious 512.0 of internal storage, providing the necessary bandwidth for intensive applications. Its front panel is dominated by a 6.7-inch display featuring a crisp 2412x1080 resolution featuring an ultra-smooth 120.0 refresh rate, providing vibrant colors and sharp contrasts. For users constantly on the move, it features a substantial 6400.0 cell and a surprisingly light 0.192kg frame. Coupled with the intuitive pre-installed environment, the Oppo K12 Plus 512GB hits all the right notes for its category.",,https://www.oppo.com/cn/smartphones/series-k/k12-plus/; https://phonespecs.net/specs/oppo_k12_plus-13409.html; https://specsinsight.com/oppo-k12-plus/,799,USD,95880
Smartphone,Oppo,F27 128GB,Dimensity 7050,8,256,,,,,5000,6.7,1080x2400,120,45,32MP,64MP + 2MP,"For those seeking reliable technology, the Oppo F27 128GB stands out as a highly capable and dependable choice. System operations are equipped with the Dimensity 7050 processor, 8 of memory and a spacious 256.0 of internal storage, providing the necessary bandwidth for intensive applications. The device incorporates a 6.7-inch display featuring a crisp 1080x2400 resolution featuring an ultra-smooth 120.0 refresh rate, making it fantastic for media consumption and creative work. Physical endurance is addressed by a substantial 5000.0 cell, keeping you productive on the go. Coupled with the intuitive pre-installed environment, the Oppo F27 128GB hits all the right notes for its category.",,https://www.oppo.com/in/smartphones/series-f/f27-5g/specs/; https://www.oppo.com/in/smartphones/series-f/f27-5g/; https://phonespecs.net/specs/oppo_f27-13270.html,499,USD,59880
Smartphone,Oppo,F27 256GB,Dimensity 7050,8,256,,,,,5000,6.7,1080x2400,120,45,32MP,64MP + 2MP,"Presenting the Oppo F27 256GB: a dynamic device built for uncompromised productivity and entertainment. The core of its performance lies in the Dimensity 7050 processor, 8 of memory and a spacious 256.0 of internal storage, allowing users to navigate demanding workflows seamlessly. Its front panel is dominated by a 6.7-inch display featuring a crisp 1080x2400 resolution featuring an ultra-smooth 120.0 refresh rate, providing vibrant colors and sharp contrasts. Physical endurance is addressed by a substantial 5000.0 cell, keeping you productive on the go. Ultimately, with its native software at the helm, the Oppo F27 256GB easily satisfies the rigorous demands of contemporary digital life.",,https://www.oppo.com/in/smartphones/series-f/f27-5g/specs/; https://www.oppo.com/in/smartphones/series-f/f27-5g/; https://phonespecs.net/specs/oppo_f27-13270.html,549,USD,65880
Smartphone,Oppo,F27 Pro+ 256GB,Dimensity 7050,8,256,,,0.177,,5000,6.7,2412x1080,120,67,32MP,64MP + 2MP,"The Oppo F27 Pro+ 256GB seamlessly blends aesthetics with performance, making it a highly capable companion for daily tasks. It boasts an impressive architecture featuring the Dimensity 7050 processor, 8 of memory and a spacious 256.0 of internal storage to comfortably manage multitasking without bottlenecks. The device incorporates a 6.7-inch display featuring a crisp 2412x1080 resolution featuring an ultra-smooth 120.0 refresh rate, making it fantastic for media consumption and creative work. Practicality is further enhanced by a substantial 5000.0 cell and a portable chassis weighing 0.177kg, offering an excellent balance of longevity and comfort. Operating on an efficient OS layer, this configuration positions the Oppo F27 Pro+ 256GB as a highly capable daily driver.",,https://www.oppo.com/in/smartphones/series-f/f27-pro-plus-5g/specs/; https://www.oppo.com/in/smartphones/series-f/f27-pro-plus-5g/; https://cellkaro.com/mobiles/oppo-f27-pro-full-specifications,599,USD,71880
Smartphone,Oppo,F27 Pro+ 512GB,Dimensity 7050,12,256,,,0.177,,5000,6.7,2412x1080,120,67,32MP,64MP + 2MP,"For those seeking reliable technology, the Oppo F27 Pro+ 512GB stands out as a sophisticated and dependable choice. System operations are equipped with the Dimensity 7050 processor, 12 of memory and a spacious 256.0 of internal storage, providing the necessary bandwidth for intensive applications. Users will appreciate the visual fidelity offered by a 6.7-inch display featuring a crisp 2412x1080 resolution featuring an ultra-smooth 120.0 refresh rate, perfect for streaming and reading. It integrates a substantial 5000.0 cell and an overall weight of just 0.177kg to maximize mobility without sacrificing runtime. Operating on an efficient OS layer, this configuration positions the Oppo F27 Pro+ 512GB as a highly capable daily driver.",,https://www.oppo.com/in/smartphones/series-f/f27-pro-plus-5g/specs/; https://www.oppo.com/in/smartphones/series-f/f27-pro-plus-5g/; https://phonespecs.net/specs/oppo_f27_pro+-13126.html,699,USD,83880
Smartphone,Oppo,F25 Pro 128GB,Snapdragon 778G,8,128,,,0.173,,4500,6.55,709x800,60,67,32MP,64MP + 2MP,"The Oppo F25 Pro 128GB emerges as a premium solution designed to elevate your digital experience. It boasts an impressive architecture featuring the Snapdragon 778G processor, 8 of memory and a spacious 128.0 of internal storage to comfortably manage multitasking without bottlenecks. Its front panel is dominated by a 6.55-inch display featuring a crisp 709x800 resolution featuring an ultra-smooth 60.0 refresh rate, providing vibrant colors and sharp contrasts. Physical endurance is addressed by an endurance-focused 4500.0 battery and an overall weight of just 0.173kg, keeping you productive on the go. Operating on an efficient OS layer, this configuration positions the Oppo F25 Pro 128GB as a highly capable daily driver.",,https://www.gadgets360.com/oppo-f25-pro-5g-price-in-india-124503; https://phonespecs.net/specs/oppo_f25_pro-12854.html,549,USD,65880
Smartphone,Oppo,F25 Pro 256GB,Snapdragon 778G,8,128,,,0.173,,4500,6.55,709x800,60,67,32MP,64MP + 2MP,"The Oppo F25 Pro 256GB seamlessly blends aesthetics with performance, making it a reliable companion for daily tasks. It boasts an impressive architecture featuring the Snapdragon 778G processor, 8 of memory and a spacious 128.0 of internal storage to comfortably manage multitasking without bottlenecks. The device incorporates a 6.55-inch display featuring a crisp 709x800 resolution featuring an ultra-smooth 60.0 refresh rate, making it fantastic for media consumption and creative work. For users constantly on the move, it features an endurance-focused 4500.0 battery and an overall weight of just 0.173kg. Coupled with the intuitive pre-installed environment, the Oppo F25 Pro 256GB hits all the right notes for its category.",,https://www.gadgets360.com/oppo-f25-pro-5g-price-in-india-124503; https://phonespecs.net/specs/oppo_f25_pro-12854.html,599,USD,71880
Smartphone,Oppo,Pad 3 128GB,Dimensity 8350,8,512,,,0.533,,9510,,2800x2000,144,67,8MP,13MP,"For those seeking reliable technology, the Oppo Pad 3 128GB stands out as a highly capable and dependable choice. The core of its performance lies in the Dimensity 8350 processor, 8 of memory and a spacious 512.0 of internal storage, allowing users to navigate demanding workflows seamlessly. Its front panel is dominated by a crisp 2800x2000 resolution featuring an ultra-smooth 144.0 refresh rate, providing vibrant colors and sharp contrasts. For users constantly on the move, it features a long-lasting 9510.0 battery and an overall weight of just 0.533kg. Running naturally on a modern operating system, the Oppo Pad 3 128GB is an outstanding technological investment.",,https://www.oppo.com/en/accessories/oppo-pad-3-matte-display-edition/specs/; https://specsinsight.com/oppo-pad-3/,699,USD,83880
Smartphone,Oppo,Pad 3 256GB,Dimensity 8350,12,512,,,0.533,,9510,,2800x2000,144,67,8MP,13MP,"Crafted to meet the demands of modern users, the Oppo Pad 3 256GB is a versatile piece of engineering. Additionally, it is equipped with the Dimensity 8350 processor, 12 of memory and a spacious 512.0 of internal storage, ensuring brisk responsiveness. The device incorporates a crisp 2800x2000 resolution featuring an ultra-smooth 144.0 refresh rate, making it fantastic for media consumption and creative work. Physical endurance is addressed by an endurance-focused 9510.0 battery and a portable chassis weighing 0.533kg, keeping you productive on the go. Coupled with the intuitive pre-installed environment, the Oppo Pad 3 256GB hits all the right notes for its category.",,https://www.oppo.com/en/accessories/oppo-pad-3-matte-display-edition/specs/; https://specsinsight.com/oppo-pad-3/,799,USD,95880
Smartphone,Oppo,Pad 3 Pro 256GB,Snapdragon 8 Gen 3,12,1024,,,0.586,,9510,,3000x2120,144,67,8MP,13MP,"For those seeking reliable technology, the Oppo Pad 3 Pro 256GB stands out as a premium and dependable choice. Additionally, it is equipped with the Snapdragon 8 Gen 3 processor, 12 of memory and a spacious 1024.0 of internal storage, ensuring brisk responsiveness. Its front panel is dominated by a crisp 3000x2120 resolution featuring an ultra-smooth 144.0 refresh rate, providing vibrant colors and sharp contrasts. For users constantly on the move, it features an endurance-focused 9510.0 battery and a surprisingly light 0.586kg frame. Ultimately, with its native software at the helm, the Oppo Pad 3 Pro 256GB easily satisfies the rigorous demands of contemporary digital life.",,https://www.oppo.com/en/accessories/oppo-pad-3-pro/specs/; https://specsinsight.com/oppo-pad-3-pro/,899,USD,107880
Smartphone,Oppo,Pad 3 Pro 512GB,Snapdragon 8 Gen 3,16,1024,,,0.586,,9510,,3000x2120,144,67,8MP,13MP,"The Oppo Pad 3 Pro 512GB emerges as a dynamic solution designed to elevate your digital experience. In terms of hardware, it is fueled by the Snapdragon 8 Gen 3 processor, 16 of memory and a spacious 1024.0 of internal storage, ensuring brisk responsiveness. Users will appreciate the visual fidelity offered by a crisp 3000x2120 resolution featuring an ultra-smooth 144.0 refresh rate, perfect for streaming and reading. For users constantly on the move, it features a long-lasting 9510.0 battery and an overall weight of just 0.586kg. Coupled with the intuitive pre-installed environment, the Oppo Pad 3 Pro 512GB hits all the right notes for its category.",,https://www.oppo.com/en/accessories/oppo-pad-3-pro/specs/; https://specsinsight.com/oppo-pad-3-pro/,999,USD,119880
Smartphone,Oppo,Pad Neo 128GB,Snapdragon 870,6,128,,,0.52,,8360,,2408x1720,90,33,8MP,13MP,"The Oppo Pad Neo 128GB seamlessly blends aesthetics with performance, making it a premium companion for daily tasks. System operations are equipped with the Snapdragon 870 processor, 6 of memory and a spacious 128.0 of internal storage, providing the necessary bandwidth for intensive applications. Its front panel is dominated by a crisp 2408x1720 resolution featuring an ultra-smooth 90.0 refresh rate, providing vibrant colors and sharp contrasts. For users constantly on the move, it features a long-lasting 8360.0 battery and a portable chassis weighing 0.52kg. Coupled with the intuitive pre-installed environment, the Oppo Pad Neo 128GB hits all the right notes for its category.",,https://www.oppo.com/en/accessories/oppo-pad-neo/specs/; https://phonespecs.net/specs/oppo_pad_neo-12796.html; https://specsinsight.com/oppo-pad-neo/,499,USD,59880
Smartphone,Oppo,Pad Neo 256GB,Snapdragon 870,8,,,,0.52,,8360,,2408x1720,90,33,8MP,13MP,"The Oppo Pad Neo 256GB emerges as a premium solution designed to elevate your digital experience. System operations are fueled by the Snapdragon 870 processor and 8 of memory, providing the necessary bandwidth for intensive applications. Its front panel is dominated by a crisp 2408x1720 resolution featuring an ultra-smooth 90.0 refresh rate, providing vibrant colors and sharp contrasts. For users constantly on the move, it features an endurance-focused 8360.0 battery and a surprisingly light 0.52kg frame. Coupled with the intuitive pre-installed environment, the Oppo Pad Neo 256GB hits all the right notes for its category.",,https://www.oppo.com/en/accessories/oppo-pad-neo/specs/; https://phonespecs.net/specs/oppo_pad_neo-12796.html,599,USD,71880
Smartphone,Oppo,Find X7 Ultra 256GB,Snapdragon 8 Gen 3,12,256,,,0.221,,5000,6.82,1440x3168,120,50,32MP,50MP + 50MP + 50MP,"For those seeking reliable technology, the Oppo Find X7 Ultra 256GB stands out as a sophisticated and dependable choice. Additionally, it is powered by the Snapdragon 8 Gen 3 processor, 12 of memory and a spacious 256.0 of internal storage, ensuring brisk responsiveness. Users will appreciate the visual fidelity offered by a 6.82-inch display featuring a crisp 1440x3168 resolution featuring an ultra-smooth 120.0 refresh rate, perfect for streaming and reading. For users constantly on the move, it features an endurance-focused 5000.0 battery and a surprisingly light 0.221kg frame. Running naturally on a modern operating system, the Oppo Find X7 Ultra 256GB is an outstanding technological investment.",,https://www.oppo.com/cn/smartphones/series-find-x/find-x7-ultra/specs/; https://www.techspecs.info/oppo-find-x7-ultra/,1199,USD,143880
Smartphone,Oppo,Find X7 Ultra 512GB,Snapdragon 8 Gen 3,16,256,,,0.221,,5000,6.82,1440x3168,120,100,32MP,50MP + 50MP + 50MP,"The Oppo Find X7 Ultra 512GB seamlessly blends aesthetics with performance, making it a premium companion for daily tasks. Under the hood, it is powered by the Snapdragon 8 Gen 3 processor, 16 of memory and a spacious 256.0 of internal storage, ensuring brisk responsiveness. Its front panel is dominated by a 6.82-inch display featuring a crisp 1440x3168 resolution featuring an ultra-smooth 120.0 refresh rate, providing vibrant colors and sharp contrasts. It integrates a long-lasting 5000.0 battery and a surprisingly light 0.221kg frame to maximize mobility without sacrificing runtime. Coupled with the intuitive pre-installed environment, the Oppo Find X7 Ultra 512GB hits all the right notes for its category.",,https://www.oppo.com/cn/smartphones/series-find-x/find-x7-ultra/specs/; https://phonespecs.net/specs/oppo_find_x7_ultra-12752.html; https://www.techspecs.info/oppo-find-x7-ultra/,1299,USD,155880
Smartphone,Oppo,Find X7 256GB,Dimensity 9300,12,256,,,0.206,,5000,6.78,709x800,120,100,32MP,50MP + 50MP + 64MP,"Crafted to meet the demands of modern users, the Oppo Find X7 256GB is a reliable piece of engineering. The core of its performance lies in the Dimensity 9300 processor, 12 of memory and a spacious 256.0 of internal storage, allowing users to navigate demanding workflows seamlessly. The device incorporates a 6.78-inch display featuring a crisp 709x800 resolution featuring an ultra-smooth 120.0 refresh rate, making it fantastic for media consumption and creative work. It integrates a long-lasting 5000.0 battery and a surprisingly light 0.206kg frame to maximize mobility without sacrificing runtime. Running naturally on a modern operating system, the Oppo Find X7 256GB is an outstanding technological investment.",,https://www.oppo.com/cn/smartphones/series-find-x/find-x7/specs/; https://www.gadgets360.com/oppo-find-x7-price-in-india-123504; https://www.techspecs.info/oppo-find-x7/,1099,USD,131880
Smartphone,Oppo,Find X7 512GB,Dimensity 9300,16,256,,,0.206,,5000,6.78,1264x2780,120,100,32MP,50MP + 50MP + 64MP,"Presenting the Oppo Find X7 512GB: a powerful device built for uncompromised productivity and entertainment. System operations are driven by the Dimensity 9300 processor, 16 of memory and a spacious 256.0 of internal storage, providing the necessary bandwidth for intensive applications. Visuals are rendered on a 6.78-inch display featuring a crisp 1264x2780 resolution featuring an ultra-smooth 120.0 refresh rate, which guarantees an immersive viewing experience. Practicality is further enhanced by a long-lasting 5000.0 battery and a surprisingly light 0.206kg frame, offering an excellent balance of longevity and comfort. Coupled with the intuitive pre-installed environment, the Oppo Find X7 512GB hits all the right notes for its category.",,https://www.oppo.com/cn/smartphones/series-find-x/find-x7/specs/; https://phonespecs.net/specs/oppo_find_x7-12778.html; https://www.techspecs.info/oppo-find-x7/,1199,USD,143880
Smartphone,Oppo,Find X6 Pro 256GB,Snapdragon 8 Gen 2,12,512,,,0.218,,5000,6.82,1440x3168,120,100,32MP,50MP + 50MP + 50MP,"The Oppo Find X6 Pro 256GB emerges as a feature-rich solution designed to elevate your digital experience. It boasts an impressive architecture featuring the Snapdragon 8 Gen 2 processor, 12 of memory and a spacious 512.0 of internal storage to comfortably manage multitasking without bottlenecks. Its front panel is dominated by a 6.82-inch display featuring a crisp 1440x3168 resolution featuring an ultra-smooth 120.0 refresh rate, providing vibrant colors and sharp contrasts. Physical endurance is addressed by an endurance-focused 5000.0 battery and a portable chassis weighing 0.218kg, keeping you productive on the go. Operating on an efficient OS layer, this configuration positions the Oppo Find X6 Pro 256GB as a highly capable daily driver.",,https://phonespecs.net/specs/oppo_find_x6_pro-12105.html; https://www.mobosdata.com/phone/oppo-find-x6-pro/,999,USD,119880
Smartphone,Oppo,Find X6 Pro 512GB,Snapdragon 8 Gen 2,16,512,,,0.218,,5000,6.82,1440x3168,120,100,32MP,50MP + 50MP + 50MP,"For those seeking reliable technology, the Oppo Find X6 Pro 512GB stands out as a feature-rich and dependable choice. The core of its performance lies in the Snapdragon 8 Gen 2 processor, 16 of memory and a spacious 512.0 of internal storage, allowing users to navigate demanding workflows seamlessly. Users will appreciate the visual fidelity offered by a 6.82-inch display featuring a crisp 1440x3168 resolution featuring an ultra-smooth 120.0 refresh rate, perfect for streaming and reading. Physical endurance is addressed by a long-lasting 5000.0 battery and an overall weight of just 0.218kg, keeping you productive on the go. Coupled with the intuitive pre-installed environment, the Oppo Find X6 Pro 512GB hits all the right notes for its category.",,https://phonespecs.net/specs/oppo_find_x6_pro-12105.html; https://www.mobosdata.com/phone/oppo-find-x6-pro/,1099,USD,131880
Smartphone,Oppo,Find X6 256GB,Dimensity 9200,12,512,,,0.207,,4800,6.74,1240x2772,120,80,32MP,50MP + 50MP + 50MP,"The Oppo Find X6 256GB emerges as a feature-rich solution designed to elevate your digital experience. It boasts an impressive architecture featuring the Dimensity 9200 processor, 12 of memory and a spacious 512.0 of internal storage to comfortably manage multitasking without bottlenecks. Visuals are rendered on a 6.74-inch display featuring a crisp 1240x2772 resolution featuring an ultra-smooth 120.0 refresh rate, which guarantees an immersive viewing experience. For users constantly on the move, it features a long-lasting 4800.0 battery and an overall weight of just 0.207kg. Operating on an efficient OS layer, this configuration positions the Oppo Find X6 256GB as a highly capable daily driver.",,https://phonesdata.com/en/smartphones/oppo/find-x6-5463122/; https://specsinsight.com/oppo-find-x6/,899,USD,107880
Smartphone,Oppo,Find X6 512GB,Dimensity 9200,16,256,,,0.207,,4800,6.74,1240x2772,120,80,32MP,50MP + 50MP + 50MP,"The Oppo Find X6 512GB seamlessly blends aesthetics with performance, making it a versatile companion for daily tasks. Under the hood, it is powered by the Dimensity 9200 processor, 16 of memory and a spacious 256.0 of internal storage, ensuring brisk responsiveness. The device incorporates a 6.74-inch display featuring a crisp 1240x2772 resolution featuring an ultra-smooth 120.0 refresh rate, making it fantastic for media consumption and creative work. Physical endurance is addressed by an endurance-focused 4800.0 battery and a portable chassis weighing 0.207kg, keeping you productive on the go. Operating on an efficient OS layer, this configuration positions the Oppo Find X6 512GB as a highly capable daily driver.",,https://www.oppo.com/cn/smartphones/series-find-x/find-x6/specs/; https://phonespecs.net/specs/oppo_find_x6-12106.html; https://www.techspecs.info/oppo-find-x6/,999,USD,119880
Smartphone,Oppo,Find X5 Pro 256GB,Snapdragon 8 Gen 1,12,256,,,0.218,,5000,6.7,1440x3216,120,80,32MP,50MP + 50MP + 13MP,"The Oppo Find X5 Pro 256GB seamlessly blends aesthetics with performance, making it a sophisticated companion for daily tasks. System operations are fueled by the Snapdragon 8 Gen 1 processor, 12 of memory and a spacious 256.0 of internal storage, providing the necessary bandwidth for intensive applications. Users will appreciate the visual fidelity offered by a 6.7-inch display featuring a crisp 1440x3216 resolution featuring an ultra-smooth 120.0 refresh rate, perfect for streaming and reading. For users constantly on the move, it features an endurance-focused 5000.0 battery and an overall weight of just 0.218kg. Running naturally on a modern operating system, the Oppo Find X5 Pro 256GB is an outstanding technological investment.",,https://www.techspecs.info/oppo-find-x5-pro/,899,USD,107880
Smartphone,Oppo,Find X5 Pro 512GB,Snapdragon 8 Gen 1,16,256,,,0.218,,5000,6.7,1440x3216,120,80,32MP,50MP + 50MP + 13MP,"The Oppo Find X5 Pro 512GB emerges as a feature-rich solution designed to elevate your digital experience. As for its internals, it is engineered around the Snapdragon 8 Gen 1 processor, 16 of memory and a spacious 256.0 of internal storage, ensuring brisk responsiveness. Users will appreciate the visual fidelity offered by a 6.7-inch display featuring a crisp 1440x3216 resolution featuring an ultra-smooth 120.0 refresh rate, perfect for streaming and reading. Physical endurance is addressed by a long-lasting 5000.0 battery and a surprisingly light 0.218kg frame, keeping you productive on the go. Operating on an efficient OS layer, this configuration positions the Oppo Find X5 Pro 512GB as a highly capable daily driver.",,https://www.oppo.com/cn/smartphones/series-find-x/find-x5-pro/specs/; https://www.techspecs.info/oppo-find-x5-pro/,999,USD,119880
Smartphone,Oppo,Find X5 256GB,Snapdragon 888,8,128,,,0.196,,4800,6.55,1080x2400,120,80,32MP,50MP + 50MP + 13MP,"For those seeking reliable technology, the Oppo Find X5 256GB stands out as a modern and dependable choice. The core of its performance lies in the Snapdragon 888 processor, 8 of memory and a spacious 128.0 of internal storage, allowing users to navigate demanding workflows seamlessly. Users will appreciate the visual fidelity offered by a 6.55-inch display featuring a crisp 1080x2400 resolution featuring an ultra-smooth 120.0 refresh rate, perfect for streaming and reading. Physical endurance is addressed by a long-lasting 4800.0 battery and a portable chassis weighing 0.196kg, keeping you productive on the go. Running naturally on a modern operating system, the Oppo Find X5 256GB is an outstanding technological investment.",,https://phonespecs.net/specs/oppo_find_x5-11378.html; https://www.techspecs.info/oppo-find-x5/,799,USD,95880
Smartphone,Oppo,Find N2 Flip 256GB,Dimensity 9000+,8,512,,,0.191,,4300,6.8,709x800,120,67,32MP,50MP + 8MP,"The Oppo Find N2 Flip 256GB emerges as a highly capable solution designed to elevate your digital experience. The core of its performance lies in the Dimensity 9000+ processor, 8 of memory and a spacious 512.0 of internal storage, allowing users to navigate demanding workflows seamlessly. The device incorporates a 6.8-inch display featuring a crisp 709x800 resolution featuring an ultra-smooth 120.0 refresh rate, making it fantastic for media consumption and creative work. Physical endurance is addressed by an endurance-focused 4300.0 battery and a surprisingly light 0.191kg frame, keeping you productive on the go. Running naturally on a modern operating system, the Oppo Find N2 Flip 256GB is an outstanding technological investment.",,https://www.oppo.com/en/smartphones/series-find-n/find-n2-flip/specs/; https://www.gadgets360.com/oppo-find-n2-flip-price-in-india-114692; https://gsmchina.com/smartphones/oppo-find-n2-flip/,899,USD,107880
Smartphone,Oppo,Find N2 Flip 512GB,Dimensity 9000+,12,512,,,0.191,,4300,6.8,709x800,120,67,32MP,50MP + 8MP,"For those seeking reliable technology, the Oppo Find N2 Flip 512GB stands out as a powerful and dependable choice. The core of its performance lies in the Dimensity 9000+ processor, 12 of memory and a spacious 512.0 of internal storage, allowing users to navigate demanding workflows seamlessly. The device incorporates a 6.8-inch display featuring a crisp 709x800 resolution featuring an ultra-smooth 120.0 refresh rate, making it fantastic for media consumption and creative work. It integrates an endurance-focused 4300.0 battery and a portable chassis weighing 0.191kg to maximize mobility without sacrificing runtime. Ultimately, with its native software at the helm, the Oppo Find N2 Flip 512GB easily satisfies the rigorous demands of contemporary digital life.",,https://www.oppo.com/en/smartphones/series-find-n/find-n2-flip/specs/; https://www.gadgets360.com/oppo-find-n2-flip-price-in-india-114692; https://www.mobosdata.com/phone/oppo-find-n2-flip/,999,USD,119880
Smartphone,Oppo,Find N2 256GB,Snapdragon 8+ Gen 1,12,512,,,0.233,,4520,7.1,709x800,120,67,32MP,50MP + 48MP + 32MP,"Presenting the Oppo Find N2 256GB: a sophisticated device built for uncompromised productivity and entertainment. Additionally, it is equipped with the Snapdragon 8+ Gen 1 processor, 12 of memory and a spacious 512.0 of internal storage, ensuring brisk responsiveness. Its front panel is dominated by a 7.1-inch display featuring a crisp 709x800 resolution featuring an ultra-smooth 120.0 refresh rate, providing vibrant colors and sharp contrasts. For users constantly on the move, it features a long-lasting 4520.0 battery and an overall weight of just 0.233kg. Operating on an efficient OS layer, this configuration positions the Oppo Find N2 256GB as a highly capable daily driver.",,https://www.oppo.com/en/smartphones/series-find-n/find-n2-flip/specs/; https://www.gadgets360.com/oppo-find-n2-price-in-india-114691; https://www.mobosdata.com/phone/oppo-find-n2/; https://www.devicedecode.com/mobiles/oppo-find-n2,1099,USD,131880
Smartphone,Oppo,Reno10 5G 128GB,Dimensity 7050,8,128,,,0.18,,5000,6.7,1080x2412,120,67,32MP,64MP + 32MP + 8MP,"Presenting the Oppo Reno10 5G 128GB: a modern device built for uncompromised productivity and entertainment. System operations are driven by the Dimensity 7050 processor, 8 of memory and a spacious 128.0 of internal storage, providing the necessary bandwidth for intensive applications. The device incorporates a 6.7-inch display featuring a crisp 1080x2412 resolution featuring an ultra-smooth 120.0 refresh rate, making it fantastic for media consumption and creative work. Practicality is further enhanced by a long-lasting 5000.0 battery and a portable chassis weighing 0.18kg, offering an excellent balance of longevity and comfort. Ultimately, with its native software at the helm, the Oppo Reno10 5G 128GB easily satisfies the rigorous demands of contemporary digital life.",,https://www.oppo.com/en/smartphones/series-reno/reno10/specs/; https://www.techspecs.info/oppo-reno10/,499,USD,59880
Smartphone,Oppo,Reno10 5G 256GB,Dimensity 7050,8,128,,,0.18,,5000,6.7,1080x2412,120,67,32MP,64MP + 32MP + 8MP,"Presenting the Oppo Reno10 5G 256GB: a sophisticated device built for uncompromised productivity and entertainment. It boasts an impressive architecture featuring the Dimensity 7050 processor, 8 of memory and a spacious 128.0 of internal storage to comfortably manage multitasking without bottlenecks. Visuals are rendered on a 6.7-inch display featuring a crisp 1080x2412 resolution featuring an ultra-smooth 120.0 refresh rate, which guarantees an immersive viewing experience. For users constantly on the move, it features an endurance-focused 5000.0 battery and a surprisingly light 0.18kg frame. Ultimately, with its native software at the helm, the Oppo Reno10 5G 256GB easily satisfies the rigorous demands of contemporary digital life.",,https://www.oppo.com/en/smartphones/series-reno/reno10/specs/; https://www.techspecs.info/oppo-reno10/,549,USD,65880
Smartphone,Oppo,Reno10 Pro 5G 256GB,Snapdragon 778G,12,256,,,0.186,,4600,6.7,616x800,120,80,32MP,50MP + 32MP + 8MP,"For those seeking reliable technology, the Oppo Reno10 Pro 5G 256GB stands out as a sophisticated and dependable choice. The core of its performance lies in the Snapdragon 778G processor, 12 of memory and a spacious 256.0 of internal storage, allowing users to navigate demanding workflows seamlessly. The device incorporates a 6.7-inch display featuring a crisp 616x800 resolution featuring an ultra-smooth 120.0 refresh rate, making it fantastic for media consumption and creative work. It integrates a long-lasting 4600.0 battery and a portable chassis weighing 0.186kg to maximize mobility without sacrificing runtime. Running naturally on a modern operating system, the Oppo Reno10 Pro 5G 256GB is an outstanding technological investment.",,https://www.oppo.com/en/smartphones/series-reno/reno10-pro/specs/; https://www.gadgets360.com/oppo-reno-10-pro-price-in-india-117606; https://www.techspecs.info/oppo-reno10-pro/,599,USD,71880
Smartphone,Oppo,Reno10 Pro+ 5G 256GB,Snapdragon 8+ Gen 1,16,,,,,,4700,6.74,,120,,32MP,50MP + 64MP + 8MP,"Crafted to meet the demands of modern users, the Oppo Reno10 Pro+ 5G 256GB is a dynamic piece of engineering. System operations are equipped with the Snapdragon 8+ Gen 1 processor and 16 of memory, providing the necessary bandwidth for intensive applications. Users will appreciate the visual fidelity offered by a 6.74-inch display featuring an ultra-smooth 120.0 refresh rate, perfect for streaming and reading. For users constantly on the move, it features a long-lasting 4700.0 battery. Coupled with the intuitive pre-installed environment, the Oppo Reno10 Pro+ 5G 256GB hits all the right notes for its category.",,https://www.oppo.com/en/smartphones/series-reno/reno10-pro-plus/specs/,699,USD,83880
Smartphone,Oppo,Reno9 5G 128GB,Snapdragon 778G,8,256,,,,,4500,6.7,1080x2412,120,67,32MP,64MP + 2MP,"Crafted to meet the demands of modern users, the Oppo Reno9 5G 128GB is a powerful piece of engineering. System operations are fueled by the Snapdragon 778G processor, 8 of memory and a spacious 256.0 of internal storage, providing the necessary bandwidth for intensive applications. Its front panel is dominated by a 6.7-inch display featuring a crisp 1080x2412 resolution featuring an ultra-smooth 120.0 refresh rate, providing vibrant colors and sharp contrasts. For users constantly on the move, it features a substantial 4500.0 cell. Ultimately, with its native software at the helm, the Oppo Reno9 5G 128GB easily satisfies the rigorous demands of contemporary digital life.",,https://www.techspecs.info/oppo-reno9/,449,USD,53880
Smartphone,Oppo,Reno9 5G 256GB,Snapdragon 778G,12,256,,,,,4500,6.7,1080x2412,120,67,32MP,64MP + 2MP,"The Oppo Reno9 5G 256GB emerges as a modern solution designed to elevate your digital experience. Furthermore, it is driven by the Snapdragon 778G processor, 12 of memory and a spacious 256.0 of internal storage, ensuring brisk responsiveness. Its front panel is dominated by a 6.7-inch display featuring a crisp 1080x2412 resolution featuring an ultra-smooth 120.0 refresh rate, providing vibrant colors and sharp contrasts. Physical endurance is addressed by an endurance-focused 4500.0 battery, keeping you productive on the go. Coupled with the intuitive pre-installed environment, the Oppo Reno9 5G 256GB hits all the right notes for its category.",,https://www.techspecs.info/oppo-reno9/,499,USD,59880
Smartphone,Oppo,Reno9 Pro 5G 256GB,Dimensity 8100,16,512,,,,,4500,6.7,709x800,120,67,32MP,50MP + 8MP,"For those seeking reliable technology, the Oppo Reno9 Pro 5G 256GB stands out as a versatile and dependable choice. The core of its performance lies in the Dimensity 8100 processor, 16 of memory and a spacious 512.0 of internal storage, allowing users to navigate demanding workflows seamlessly. Users will appreciate the visual fidelity offered by a 6.7-inch display featuring a crisp 709x800 resolution featuring an ultra-smooth 120.0 refresh rate, perfect for streaming and reading. It integrates an endurance-focused 4500.0 battery to maximize mobility without sacrificing runtime. Coupled with the intuitive pre-installed environment, the Oppo Reno9 Pro 5G 256GB hits all the right notes for its category.",,https://www.oppo.com/cn/smartphones/series-reno/reno9-pro/specs/; https://www.gadgets360.com/oppo-reno-9-pro-5g-price-in-india-114420; https://gsmchina.com/smartphones/oppo-reno9-pro/; https://www.mobiledokan.com/mobile/oppo-reno9-pro,599,USD,71880
Smartphone,Oppo,Reno9 Pro+ 5G 256GB,Snapdragon 8+ Gen 1,16,256,,,0.192,,4700,6.7,1080x2412,120,80,32MP,50MP + 8MP + 2MP,"The Oppo Reno9 Pro+ 5G 256GB emerges as a modern solution designed to elevate your digital experience. In terms of hardware, it is equipped with the Snapdragon 8+ Gen 1 processor, 16 of memory and a spacious 256.0 of internal storage, ensuring brisk responsiveness. Visuals are presented via a 6.7-inch display featuring a crisp 1080x2412 resolution featuring an ultra-smooth 120.0 refresh rate, which guarantees an immersive viewing experience. It integrates a long-lasting 4700.0 battery and a portable chassis weighing 0.192kg to maximize mobility without sacrificing runtime. Coupled with the intuitive pre-installed environment, the Oppo Reno9 Pro+ 5G 256GB hits all the right notes for its category.",,https://www.oppo.com/cn/smartphones/series-reno/reno9-pro-plus/specs/; https://phonespecs.net/specs/oppo_reno9_pro+-11996.html; https://www.techspecs.info/oppo-reno9-pro-plus/,649,USD,77880
Smartphone,Oppo,Reno8 5G 128GB,Dimensity 1300,8,256,,,0.179,,4500,6.4,1080x2400,90,,32MP,50MP + 8MP + 2MP,"The Oppo Reno8 5G 128GB emerges as a versatile solution designed to elevate your digital experience. The core of its performance lies in the Dimensity 1300 processor, 8 of memory and a spacious 256.0 of internal storage, allowing users to navigate demanding workflows seamlessly. Users will appreciate the visual fidelity offered by a 6.4-inch display featuring a crisp 1080x2400 resolution featuring an ultra-smooth 90.0 refresh rate, perfect for streaming and reading. Practicality is further enhanced by an endurance-focused 4500.0 battery and an overall weight of just 0.179kg, offering an excellent balance of longevity and comfort. Coupled with the intuitive pre-installed environment, the Oppo Reno8 5G 128GB hits all the right notes for its category.",,https://www.oppo.com/en/smartphones/series-reno/reno8-5g/specs/; https://phonesdata.com/en/smartphones/oppo/reno8-5462315/; https://gsmchina.com/smartphones/oppo-reno8-5g/,399,USD,47880
Smartphone,Oppo,Reno8 5G 256GB,Dimensity 1300,12,256,,,0.179,,4500,6.4,1080x2400,90,,32MP,50MP + 8MP + 2MP,"Presenting the Oppo Reno8 5G 256GB: a feature-rich device built for uncompromised productivity and entertainment. Under the hood, it is fueled by the Dimensity 1300 processor, 12 of memory and a spacious 256.0 of internal storage, ensuring brisk responsiveness. Visuals are rendered on a 6.4-inch display featuring a crisp 1080x2400 resolution featuring an ultra-smooth 90.0 refresh rate, which guarantees an immersive viewing experience. For users constantly on the move, it features a long-lasting 4500.0 battery and a portable chassis weighing 0.179kg. Operating on an efficient OS layer, this configuration positions the Oppo Reno8 5G 256GB as a highly capable daily driver.",,https://www.oppo.com/en/smartphones/series-reno/reno8-5g/specs/; https://phonesdata.com/en/smartphones/oppo/reno8-5462315/; https://gsmchina.com/smartphones/oppo-reno8-5g/,449,USD,53880
Smartphone,Oppo,Reno8 Pro 5G 256GB,Dimensity 8100,12,256,,,0.183,,4500,6.7,,120,,32MP,50MP + 8MP + 2MP,"Crafted to meet the demands of modern users, the Oppo Reno8 Pro 5G 256GB is a powerful piece of engineering. The core of its performance lies in the Dimensity 8100 processor, 12 of memory and a spacious 256.0 of internal storage, allowing users to navigate demanding workflows seamlessly. The device incorporates a 6.7-inch display featuring an ultra-smooth 120.0 refresh rate, making it fantastic for media consumption and creative work. Physical endurance is addressed by a long-lasting 4500.0 battery and a portable chassis weighing 0.183kg, keeping you productive on the go. Running naturally on a modern operating system, the Oppo Reno8 Pro 5G 256GB is an outstanding technological investment.",,https://www.oppo.com/en/smartphones/series-reno/reno8-pro-5g/specs/; https://www.oppo.com/en/smartphones/series-reno/reno8-pro-5g/,549,USD,65880
Smartphone,Oppo,Reno8 Pro+ 5G 256GB,Dimensity 8100,12,,,,,,4500,6.7,,,,32MP,50MP + 8MP + 2MP,"The Oppo Reno8 Pro+ 5G 256GB emerges as a reliable solution designed to elevate your digital experience. The core of its performance lies in the Dimensity 8100 processor and 12 of memory, allowing users to navigate demanding workflows seamlessly. Its front panel is dominated by a 6.7-inch display, providing vibrant colors and sharp contrasts. It integrates a substantial 4500.0 cell to maximize mobility without sacrificing runtime. Running naturally on a modern operating system, the Oppo Reno8 Pro+ 5G 256GB is an outstanding technological investment.",,,599,USD,71880
Smartphone,Oppo,Reno7 5G 128GB,Dimensity 900,8,,,,0.173,,4500,6.4,,,,32MP,64MP + 8MP + 2MP,"The Oppo Reno7 5G 128GB seamlessly blends aesthetics with performance, making it a versatile companion for daily tasks. The core of its performance lies in the Dimensity 900 processor and 8 of memory, allowing users to navigate demanding workflows seamlessly. Users will appreciate the visual fidelity offered by a 6.4-inch display, perfect for streaming and reading. It integrates a long-lasting 4500.0 battery and a surprisingly light 0.173kg frame to maximize mobility without sacrificing runtime. Operating on an efficient OS layer, this configuration positions the Oppo Reno7 5G 128GB as a highly capable daily driver.",,,349,USD,41880
Smartphone,Oppo,Reno7 5G 256GB,Dimensity 900,12,,,,0.173,,4500,6.4,,,,32MP,64MP + 8MP + 2MP,"Presenting the Oppo Reno7 5G 256GB: a reliable device built for uncompromised productivity and entertainment. In terms of hardware, it is powered by the Dimensity 900 processor and 12 of memory, ensuring brisk responsiveness. Users will appreciate the visual fidelity offered by a 6.4-inch display, perfect for streaming and reading. For users constantly on the move, it features a long-lasting 4500.0 battery and a surprisingly light 0.173kg frame. Running naturally on a modern operating system, the Oppo Reno7 5G 256GB is an outstanding technological investment.",,,399,USD,47880
Smartphone,Oppo,Reno7 Pro 5G 256GB,Dimensity 1200,12,,,,0.18,,4500,6.55,,,,32MP,50MP + 8MP + 2MP,"The Oppo Reno7 Pro 5G 256GB seamlessly blends aesthetics with performance, making it a feature-rich companion for daily tasks. It boasts an impressive architecture featuring the Dimensity 1200 processor and 12 of memory to comfortably manage multitasking without bottlenecks. Its front panel is dominated by a 6.55-inch display, providing vibrant colors and sharp contrasts. Practicality is further enhanced by a substantial 4500.0 cell and an overall weight of just 0.18kg, offering an excellent balance of longevity and comfort. Ultimately, with its native software at the helm, the Oppo Reno7 Pro 5G 256GB easily satisfies the rigorous demands of contemporary digital life.",,,499,USD,59880
Smartphone,Oppo,Reno6 5G 128GB,Dimensity 900,8,,,,0.182,,4300,6.43,,,,32MP,64MP + 8MP + 2MP,"Crafted to meet the demands of modern users, the Oppo Reno6 5G 128GB is a modern piece of engineering. Furthermore, it is powered by the Dimensity 900 processor and 8 of memory, ensuring brisk responsiveness. The device incorporates a 6.43-inch display, making it fantastic for media consumption and creative work. For users constantly on the move, it features an endurance-focused 4300.0 battery and a portable chassis weighing 0.182kg. Operating on an efficient OS layer, this configuration positions the Oppo Reno6 5G 128GB as a highly capable daily driver.",,,349,USD,41880
Smartphone,Oppo,Reno6 5G 256GB,Dimensity 900,12,,,,0.182,,4300,6.43,,,,32MP,64MP + 8MP + 2MP,"The Oppo Reno6 5G 256GB seamlessly blends aesthetics with performance, making it a versatile companion for daily tasks. It boasts an impressive architecture featuring the Dimensity 900 processor and 12 of memory to comfortably manage multitasking without bottlenecks. Users will appreciate the visual fidelity offered by a 6.43-inch display, perfect for streaming and reading. It integrates an endurance-focused 4300.0 battery and a surprisingly light 0.182kg frame to maximize mobility without sacrificing runtime. Running naturally on a modern operating system, the Oppo Reno6 5G 256GB is an outstanding technological investment.",,,399,USD,47880
Smartphone,Oppo,Reno6 Pro 5G 128GB,Dimensity 1200,8,,,,0.177,,4500,6.55,,,,32MP,64MP + 8MP + 2MP + 2MP,"Presenting the Oppo Reno6 Pro 5G 128GB: a reliable device built for uncompromised productivity and entertainment. The core of its performance lies in the Dimensity 1200 processor and 8 of memory, allowing users to navigate demanding workflows seamlessly. Visuals are rendered on a 6.55-inch display, which guarantees an immersive viewing experience. For users constantly on the move, it features an endurance-focused 4500.0 battery and an overall weight of just 0.177kg. Running naturally on a modern operating system, the Oppo Reno6 Pro 5G 128GB is an outstanding technological investment.",,,449,USD,53880
Smartphone,Oppo,Reno6 Pro 5G 256GB,Dimensity 1200,12,,,,0.177,,4500,6.55,,,,32MP,64MP + 8MP + 2MP + 2MP,"Crafted to meet the demands of modern users, the Oppo Reno6 Pro 5G 256GB is a powerful piece of engineering. It boasts an impressive architecture featuring the Dimensity 1200 processor and 12 of memory to comfortably manage multitasking without bottlenecks. The device incorporates a 6.55-inch display, making it fantastic for media consumption and creative work. For users constantly on the move, it features a long-lasting 4500.0 battery and a portable chassis weighing 0.177kg. Operating on an efficient OS layer, this configuration positions the Oppo Reno6 Pro 5G 256GB as a highly capable daily driver.",,,499,USD,59880
Smartphone,Oppo,Reno6 Pro+ 5G 256GB,Snapdragon 870,12,,,,0.188,,4500,6.55,,,,32MP,50MP + 13MP + 16MP + 2MP,"The Oppo Reno6 Pro+ 5G 256GB seamlessly blends aesthetics with performance, making it a dynamic companion for daily tasks. Furthermore, it is equipped with the Snapdragon 870 processor and 12 of memory, ensuring brisk responsiveness. The device incorporates a 6.55-inch display, making it fantastic for media consumption and creative work. Practicality is further enhanced by a substantial 4500.0 cell and a surprisingly light 0.188kg frame, offering an excellent balance of longevity and comfort. Ultimately, with its native software at the helm, the Oppo Reno6 Pro+ 5G 256GB easily satisfies the rigorous demands of contemporary digital life.",,,599,USD,71880
Smartphone,Oppo,Reno5 5G 128GB,Snapdragon 765G,8,,,,0.18,,4300,6.43,,,,32MP,64MP + 8MP + 2MP + 2MP,"The Oppo Reno5 5G 128GB emerges as a dynamic solution designed to elevate your digital experience. Additionally, it is engineered around the Snapdragon 765G processor and 8 of memory, ensuring brisk responsiveness. Visuals are handled by a 6.43-inch display, which guarantees an immersive viewing experience. Practicality is further enhanced by a long-lasting 4300.0 battery and a surprisingly light 0.18kg frame, offering an excellent balance of longevity and comfort. Running naturally on a modern operating system, the Oppo Reno5 5G 128GB is an outstanding technological investment.",,,299,USD,35880
Smartphone,Oppo,Reno5 5G 256GB,Snapdragon 765G,12,,,,0.18,,4300,6.43,,,,32MP,64MP + 8MP + 2MP + 2MP,"Presenting the Oppo Reno5 5G 256GB: a feature-rich device built for uncompromised productivity and entertainment. System operations are engineered around the Snapdragon 765G processor and 12 of memory, providing the necessary bandwidth for intensive applications. Users will appreciate the visual fidelity offered by a 6.43-inch display, perfect for streaming and reading. It integrates a substantial 4300.0 cell and a surprisingly light 0.18kg frame to maximize mobility without sacrificing runtime. Operating on an efficient OS layer, this configuration positions the Oppo Reno5 5G 256GB as a highly capable daily driver.",,,349,USD,41880
Smartphone,Oppo,Reno5 Pro 5G 128GB,Dimensity 1000+,8,,,,0.173,,4350,6.55,,,,32MP,64MP + 8MP + 2MP + 2MP,"For those seeking reliable technology, the Oppo Reno5 Pro 5G 128GB stands out as a feature-rich and dependable choice. Furthermore, it is engineered around the Dimensity 1000+ processor and 8 of memory, ensuring brisk responsiveness. Its front panel is dominated by a 6.55-inch display, providing vibrant colors and sharp contrasts. It integrates an endurance-focused 4350.0 battery and a portable chassis weighing 0.173kg to maximize mobility without sacrificing runtime. Ultimately, with its native software at the helm, the Oppo Reno5 Pro 5G 128GB easily satisfies the rigorous demands of contemporary digital life.",,,399,USD,47880
Smartphone,Oppo,Reno5 Pro 5G 256GB,Dimensity 1000+,12,,,,0.173,,4350,6.55,,,,32MP,64MP + 8MP + 2MP + 2MP,"The Oppo Reno5 Pro 5G 256GB emerges as a powerful solution designed to elevate your digital experience. The core of its performance lies in the Dimensity 1000+ processor and 12 of memory, allowing users to navigate demanding workflows seamlessly. Visuals are delivered through a 6.55-inch display, which guarantees an immersive viewing experience. Physical endurance is addressed by an endurance-focused 4350.0 battery and an overall weight of just 0.173kg, keeping you productive on the go. Running naturally on a modern operating system, the Oppo Reno5 Pro 5G 256GB is an outstanding technological investment.",,,449,USD,53880
Smartphone,Oppo,Reno5 Pro+ 5G 256GB,Snapdragon 865,12,,,,,,4500,6.55,,,,32MP,50MP + 16MP + 13MP + 2MP,"For those seeking reliable technology, the Oppo Reno5 Pro+ 5G 256GB stands out as a modern and dependable choice. Furthermore, it is powered by the Snapdragon 865 processor and 12 of memory, ensuring brisk responsiveness. Visuals are handled by a 6.55-inch display, which guarantees an immersive viewing experience. For users constantly on the move, it features an endurance-focused 4500.0 battery. Coupled with the intuitive pre-installed environment, the Oppo Reno5 Pro+ 5G 256GB hits all the right notes for its category.",,,599,USD,71880
Smartphone,Oppo,Reno4 5G 128GB,Snapdragon 765G,8,,,,0.183,,4000,6.43,,,,32MP,48MP + 8MP + 2MP + 2MP,"The Oppo Reno4 5G 128GB emerges as a dynamic solution designed to elevate your digital experience. The core of its performance lies in the Snapdragon 765G processor and 8 of memory, allowing users to navigate demanding workflows seamlessly. Visuals are rendered on a 6.43-inch display, which guarantees an immersive viewing experience. It integrates a substantial 4000.0 cell and a portable chassis weighing 0.183kg to maximize mobility without sacrificing runtime. Coupled with the intuitive pre-installed environment, the Oppo Reno4 5G 128GB hits all the right notes for its category.",,,299,USD,35880
Smartphone,Oppo,Reno4 5G 256GB,Snapdragon 765G,8,,,,0.183,,4000,6.43,,,,32MP,48MP + 8MP + 2MP + 2MP,"The Oppo Reno4 5G 256GB seamlessly blends aesthetics with performance, making it a powerful companion for daily tasks. As for its internals, it is driven by the Snapdragon 765G processor and 8 of memory, ensuring brisk responsiveness. Visuals are presented via a 6.43-inch display, which guarantees an immersive viewing experience. It integrates a long-lasting 4000.0 battery and a surprisingly light 0.183kg frame to maximize mobility without sacrificing runtime. Operating on an efficient OS layer, this configuration positions the Oppo Reno4 5G 256GB as a highly capable daily driver.",,,349,USD,41880
Smartphone,Oppo,Reno4 Pro 5G 256GB,Snapdragon 765G,12,,,,0.172,,4000,6.55,,,,32MP,48MP + 13MP + 12MP,"The Oppo Reno4 Pro 5G 256GB seamlessly blends aesthetics with performance, making it a feature-rich companion for daily tasks. In terms of hardware, it is engineered around the Snapdragon 765G processor and 12 of memory, ensuring brisk responsiveness. Visuals are showcased on a 6.55-inch display, which guarantees an immersive viewing experience. Physical endurance is addressed by a long-lasting 4000.0 battery and a surprisingly light 0.172kg frame, keeping you productive on the go. Coupled with the intuitive pre-installed environment, the Oppo Reno4 Pro 5G 256GB hits all the right notes for its category.",,,499,USD,59880
Smartphone,Oppo,Reno3 5G 128GB,Dimensity 1000L,8,,,,0.181,,4025,6.4,,,,32MP,64MP + 8MP + 2MP + 2MP,"The Oppo Reno3 5G 128GB seamlessly blends aesthetics with performance, making it a highly capable companion for daily tasks. The core of its performance lies in the Dimensity 1000L processor and 8 of memory, allowing users to navigate demanding workflows seamlessly. Users will appreciate the visual fidelity offered by a 6.4-inch display, perfect for streaming and reading. For users constantly on the move, it features a long-lasting 4025.0 battery and an overall weight of just 0.181kg. Running naturally on a modern operating system, the Oppo Reno3 5G 128GB is an outstanding technological investment.",,,249,USD,29880
Smartphone,Oppo,Reno3 5G 256GB,Dimensity 1000L,12,,,,0.181,,4025,6.4,,,,32MP,64MP + 8MP + 2MP + 2MP,"Crafted to meet the demands of modern users, the Oppo Reno3 5G 256GB is a premium piece of engineering. System operations are powered by the Dimensity 1000L processor and 12 of memory, providing the necessary bandwidth for intensive applications. Visuals are presented via a 6.4-inch display, which guarantees an immersive viewing experience. Practicality is further enhanced by a substantial 4025.0 cell and a surprisingly light 0.181kg frame, offering an excellent balance of longevity and comfort. Ultimately, with its native software at the helm, the Oppo Reno3 5G 256GB easily satisfies the rigorous demands of contemporary digital life.",,,299,USD,35880
Smartphone,Oppo,Reno3 Pro 5G 256GB,Snapdragon 765G,12,,,,0.171,,4025,6.5,,,,32MP,48MP + 13MP + 8MP + 2MP,"For those seeking reliable technology, the Oppo Reno3 Pro 5G 256GB stands out as a powerful and dependable choice. As for its internals, it is driven by the Snapdragon 765G processor and 12 of memory, ensuring brisk responsiveness. Visuals are handled by a 6.5-inch display, which guarantees an immersive viewing experience. Practicality is further enhanced by an endurance-focused 4025.0 battery and a surprisingly light 0.171kg frame, offering an excellent balance of longevity and comfort. Operating on an efficient OS layer, this configuration positions the Oppo Reno3 Pro 5G 256GB as a highly capable daily driver.",,,499,USD,59880
Smartphone,Oppo,A59 5G 128GB,MediaTek Dimensity 6020,6,,,,0.186,,5000,6.56,,,,8MP,13MP + 2MP,"The Oppo A59 5G 128GB emerges as a versatile solution designed to elevate your digital experience. The core of its performance lies in the MediaTek Dimensity 6020 processor and 6 of memory, allowing users to navigate demanding workflows seamlessly. Visuals are showcased on a 6.56-inch display, which guarantees an immersive viewing experience. Practicality is further enhanced by a long-lasting 5000.0 battery and an overall weight of just 0.186kg, offering an excellent balance of longevity and comfort. Operating on an efficient OS layer, this configuration positions the Oppo A59 5G 128GB as a highly capable daily driver.",,,199,USD,23880
Smartphone,Oppo,A59 5G 256GB,MediaTek Dimensity 6020,8,,,,0.186,,5000,6.56,,,,8MP,13MP + 2MP,"Presenting the Oppo A59 5G 256GB: a reliable device built for uncompromised productivity and entertainment. It boasts an impressive architecture featuring the MediaTek Dimensity 6020 processor and 8 of memory to comfortably manage multitasking without bottlenecks. Users will appreciate the visual fidelity offered by a 6.56-inch display, perfect for streaming and reading. It integrates a long-lasting 5000.0 battery and a portable chassis weighing 0.186kg to maximize mobility without sacrificing runtime. Coupled with the intuitive pre-installed environment, the Oppo A59 5G 256GB hits all the right notes for its category.",,,229,USD,27480
Smartphone,Oppo,A58 5G 256GB,MediaTek Dimensity 700,8,,,,0.188,,5000,6.56,,,,8MP,50MP + 2MP,"Presenting the Oppo A58 5G 256GB: a modern device built for uncompromised productivity and entertainment. System operations are driven by the MediaTek Dimensity 700 processor and 8 of memory, providing the necessary bandwidth for intensive applications. Users will appreciate the visual fidelity offered by a 6.56-inch display, perfect for streaming and reading. For users constantly on the move, it features an endurance-focused 5000.0 battery and a portable chassis weighing 0.188kg. Ultimately, with its native software at the helm, the Oppo A58 5G 256GB easily satisfies the rigorous demands of contemporary digital life.",,,249,USD,29880
Smartphone,Oppo,A57 5G 128GB,MediaTek Dimensity 810,6,,,,0.186,,5000,6.56,,,,8MP,13MP + 2MP,"Crafted to meet the demands of modern users, the Oppo A57 5G 128GB is a highly capable piece of engineering. In terms of hardware, it is driven by the MediaTek Dimensity 810 processor and 6 of memory, ensuring brisk responsiveness. Visuals are rendered on a 6.56-inch display, which guarantees an immersive viewing experience. Physical endurance is addressed by an endurance-focused 5000.0 battery and an overall weight of just 0.186kg, keeping you productive on the go. Operating on an efficient OS layer, this configuration positions the Oppo A57 5G 128GB as a highly capable daily driver.",,,219,USD,26280
Smartphone,Oppo,A56 5G 128GB,MediaTek Dimensity 700,6,,,,0.189,,5000,6.5,,,,8MP,13MP + 2MP,"The Oppo A56 5G 128GB seamlessly blends aesthetics with performance, making it a dynamic companion for daily tasks. The core of its performance lies in the MediaTek Dimensity 700 processor and 6 of memory, allowing users to navigate demanding workflows seamlessly. Its front panel is dominated by a 6.5-inch display, providing vibrant colors and sharp contrasts. Practicality is further enhanced by an endurance-focused 5000.0 battery and a portable chassis weighing 0.189kg, offering an excellent balance of longevity and comfort. Ultimately, with its native software at the helm, the Oppo A56 5G 128GB easily satisfies the rigorous demands of contemporary digital life.",,,199,USD,23880
Smartphone,Oppo,A55 5G 128GB,MediaTek Dimensity 700,6,,,,0.186,,5000,6.5,,,,8MP,13MP + 2MP + 2MP,"For those seeking reliable technology, the Oppo A55 5G 128GB stands out as a dynamic and dependable choice. It boasts an impressive architecture featuring the MediaTek Dimensity 700 processor and 6 of memory to comfortably manage multitasking without bottlenecks. Users will appreciate the visual fidelity offered by a 6.5-inch display, perfect for streaming and reading. Physical endurance is addressed by a substantial 5000.0 cell and a portable chassis weighing 0.186kg, keeping you productive on the go. Operating on an efficient OS layer, this configuration positions the Oppo A55 5G 128GB as a highly capable daily driver.",,,189,USD,22680
Smartphone,Oppo,A54 5G 128GB,Qualcomm Snapdragon 480,6,,,,0.19,,5000,6.5,,,,16MP,48MP + 8MP + 2MP + 2MP,"The Oppo A54 5G 128GB seamlessly blends aesthetics with performance, making it a powerful companion for daily tasks. It boasts an impressive architecture featuring the Qualcomm Snapdragon 480 processor and 6 of memory to comfortably manage multitasking without bottlenecks. Visuals are rendered on a 6.5-inch display, which guarantees an immersive viewing experience. Physical endurance is addressed by an endurance-focused 5000.0 battery and an overall weight of just 0.19kg, keeping you productive on the go. Operating on an efficient OS layer, this configuration positions the Oppo A54 5G 128GB as a highly capable daily driver.",,,219,USD,26280
Smartphone,Oppo,A53 5G 128GB,MediaTek Dimensity 720,4,,,,,,4040,6.5,,,,8MP,16MP + 2MP + 2MP,"Crafted to meet the demands of modern users, the Oppo A53 5G 128GB is a dynamic piece of engineering. System operations are equipped with the MediaTek Dimensity 720 processor and 4 of memory, providing the necessary bandwidth for intensive applications. The device incorporates a 6.5-inch display, making it fantastic for media consumption and creative work. Practicality is further enhanced by an endurance-focused 4040.0 battery, offering an excellent balance of longevity and comfort. Coupled with the intuitive pre-installed environment, the Oppo A53 5G 128GB hits all the right notes for its category.",,,179,USD,21480
Smartphone,Oppo,A52 5G 128GB,MediaTek Dimensity 720,4,,,,,,4000,6.5,,,,8MP,12MP + 8MP + 2MP + 2MP,"The Oppo A52 5G 128GB emerges as a modern solution designed to elevate your digital experience. The core of its performance lies in the MediaTek Dimensity 720 processor and 4 of memory, allowing users to navigate demanding workflows seamlessly. Visuals are presented via a 6.5-inch display, which guarantees an immersive viewing experience. For users constantly on the move, it features a long-lasting 4000.0 battery. Running naturally on a modern operating system, the Oppo A52 5G 128GB is an outstanding technological investment.",,,169,USD,20280
Smartphone,Oppo,A51 5G 128GB,MediaTek Dimensity 700,4,,,,0.186,,4000,6.5,,,,8MP,13MP + 2MP + 2MP,"The Oppo A51 5G 128GB seamlessly blends aesthetics with performance, making it a modern companion for daily tasks. Additionally, it is fueled by the MediaTek Dimensity 700 processor and 4 of memory, ensuring brisk responsiveness. The device incorporates a 6.5-inch display, making it fantastic for media consumption and creative work. For users constantly on the move, it features a long-lasting 4000.0 battery and an overall weight of just 0.186kg. Ultimately, with its native software at the helm, the Oppo A51 5G 128GB easily satisfies the rigorous demands of contemporary digital life.",,,149,USD,17880
Smartphone,Oppo,A50 5G 128GB,MediaTek Dimensity 700,4,,,,,,4000,6.5,,,,8MP,13MP + 2MP,"Presenting the Oppo A50 5G 128GB: a premium device built for uncompromised productivity and entertainment. It boasts an impressive architecture featuring the MediaTek Dimensity 700 processor and 4 of memory to comfortably manage multitasking without bottlenecks. Visuals are handled by a 6.5-inch display, which guarantees an immersive viewing experience. Practicality is further enhanced by a substantial 4000.0 cell, offering an excellent balance of longevity and comfort. Operating on an efficient OS layer, this configuration positions the Oppo A50 5G 128GB as a highly capable daily driver.",,,139,USD,16680
Smartphone,Oppo,A49 5G 128GB,MediaTek Dimensity 700,4,,,,,,4000,6.5,,,,8MP,13MP + 2MP,"Crafted to meet the demands of modern users, the Oppo A49 5G 128GB is a feature-rich piece of engineering. Additionally, it is fueled by the MediaTek Dimensity 700 processor and 4 of memory, ensuring brisk responsiveness. Users will appreciate the visual fidelity offered by a 6.5-inch display, perfect for streaming and reading. It integrates a long-lasting 4000.0 battery to maximize mobility without sacrificing runtime. Running naturally on a modern operating system, the Oppo A49 5G 128GB is an outstanding technological investment.",,,129,USD,15480
Smartphone,Oppo,A40 128GB,Qualcomm Snapdragon 6s Gen 1,4,,,,0.186,,5100,6.67,,,,5MP,50MP,"For those seeking reliable technology, the Oppo A40 128GB stands out as a versatile and dependable choice. The core of its performance lies in the Qualcomm Snapdragon 6s Gen 1 processor and 4 of memory, allowing users to navigate demanding workflows seamlessly. Its front panel is dominated by a 6.67-inch display, providing vibrant colors and sharp contrasts. It integrates an endurance-focused 5100.0 battery and a portable chassis weighing 0.186kg to maximize mobility without sacrificing runtime. Ultimately, with its native software at the helm, the Oppo A40 128GB easily satisfies the rigorous demands of contemporary digital life.",,,199,USD,23880
Smartphone,Oppo,A40 256GB,Qualcomm Snapdragon 6s Gen 1,6,,,,0.186,,5100,6.67,,,,5MP,50MP,"For those seeking reliable technology, the Oppo A40 256GB stands out as a powerful and dependable choice. Additionally, it is engineered around the Qualcomm Snapdragon 6s Gen 1 processor and 6 of memory, ensuring brisk responsiveness. Visuals are handled by a 6.67-inch display, which guarantees an immersive viewing experience. Physical endurance is addressed by a substantial 5100.0 cell and an overall weight of just 0.186kg, keeping you productive on the go. Running naturally on a modern operating system, the Oppo A40 256GB is an outstanding technological investment.",,,229,USD,27480
Smartphone,Oppo,K11x 128GB,Qualcomm Snapdragon 695,8,,,,,,5000,6.72,,,,16MP,108MP + 2MP,"The Oppo K11x 128GB seamlessly blends aesthetics with performance, making it a sophisticated companion for daily tasks. Moving to performance, it is powered by the Qualcomm Snapdragon 695 processor and 8 of memory, ensuring brisk responsiveness. Visuals are rendered on a 6.72-inch display, which guarantees an immersive viewing experience. For users constantly on the move, it features a long-lasting 5000.0 battery. Ultimately, with its native software at the helm, the Oppo K11x 128GB easily satisfies the rigorous demands of contemporary digital life.",,,199,USD,23880
Smartphone,Oppo,K11x 256GB,Qualcomm Snapdragon 695,12,,,,,,5000,6.72,,,,16MP,108MP + 2MP,"The Oppo K11x 256GB seamlessly blends aesthetics with performance, making it a highly capable companion for daily tasks. Additionally, it is powered by the Qualcomm Snapdragon 695 processor and 12 of memory, ensuring brisk responsiveness. Visuals are showcased on a 6.72-inch display, which guarantees an immersive viewing experience. Physical endurance is addressed by an endurance-focused 5000.0 battery, keeping you productive on the go. Running naturally on a modern operating system, the Oppo K11x 256GB is an outstanding technological investment.",,,229,USD,27480
Smartphone,Oppo,K10x 128GB,Qualcomm Snapdragon 695,6,,,,,,5000,6.59,,,,16MP,64MP + 2MP + 2MP,"Presenting the Oppo K10x 128GB: a highly capable device built for uncompromised productivity and entertainment. The core of its performance lies in the Qualcomm Snapdragon 695 processor and 6 of memory, allowing users to navigate demanding workflows seamlessly. Users will appreciate the visual fidelity offered by a 6.59-inch display, perfect for streaming and reading. It integrates a substantial 5000.0 cell to maximize mobility without sacrificing runtime. Operating on an efficient OS layer, this configuration positions the Oppo K10x 128GB as a highly capable daily driver.",,,199,USD,23880
Smartphone,Oppo,K10x 256GB,Qualcomm Snapdragon 695,8,,,,,,5000,6.59,,,,16MP,64MP + 2MP + 2MP,"The Oppo K10x 256GB seamlessly blends aesthetics with performance, making it a sophisticated companion for daily tasks. System operations are powered by the Qualcomm Snapdragon 695 processor and 8 of memory, providing the necessary bandwidth for intensive applications. Visuals are delivered through a 6.59-inch display, which guarantees an immersive viewing experience. Practicality is further enhanced by an endurance-focused 5000.0 battery, offering an excellent balance of longevity and comfort. Ultimately, with its native software at the helm, the Oppo K10x 256GB easily satisfies the rigorous demands of contemporary digital life.",,,229,USD,27480
Smartphone,Oppo,K10 5G 128GB,MediaTek Dimensity 8000-Max,8,,,,,,5000,6.59,,,,16MP,64MP + 8MP + 2MP,"The Oppo K10 5G 128GB emerges as a powerful solution designed to elevate your digital experience. The core of its performance lies in the MediaTek Dimensity 8000-Max processor and 8 of memory, allowing users to navigate demanding workflows seamlessly. Its front panel is dominated by a 6.59-inch display, providing vibrant colors and sharp contrasts. It integrates a substantial 5000.0 cell to maximize mobility without sacrificing runtime. Ultimately, with its native software at the helm, the Oppo K10 5G 128GB easily satisfies the rigorous demands of contemporary digital life.",,,249,USD,29880
Smartphone,Oppo,K9x 128GB,MediaTek Dimensity 810,6,,,,,,5000,6.5,,,,16MP,64MP + 2MP + 2MP,"The Oppo K9x 128GB seamlessly blends aesthetics with performance, making it a dynamic companion for daily tasks. It boasts an impressive architecture featuring the MediaTek Dimensity 810 processor and 6 of memory to comfortably manage multitasking without bottlenecks. Visuals are presented via a 6.5-inch display, which guarantees an immersive viewing experience. Practicality is further enhanced by an endurance-focused 5000.0 battery, offering an excellent balance of longevity and comfort. Ultimately, with its native software at the helm, the Oppo K9x 128GB easily satisfies the rigorous demands of contemporary digital life.",,,199,USD,23880
Smartphone,Oppo,K9x 256GB,MediaTek Dimensity 810,8,,,,,,5000,6.5,,,,16MP,64MP + 2MP + 2MP,"Crafted to meet the demands of modern users, the Oppo K9x 256GB is a premium piece of engineering. The core of its performance lies in the MediaTek Dimensity 810 processor and 8 of memory, allowing users to navigate demanding workflows seamlessly. Its front panel is dominated by a 6.5-inch display, providing vibrant colors and sharp contrasts. For users constantly on the move, it features a long-lasting 5000.0 battery. Coupled with the intuitive pre-installed environment, the Oppo K9x 256GB hits all the right notes for its category.",,,229,USD,27480
Smartphone,Oppo,K9 Pro 5G 128GB,MediaTek Dimensity 1200,8,,,,0.18,,4500,6.43,,,,16MP,64MP + 8MP + 2MP,"Presenting the Oppo K9 Pro 5G 128GB: a powerful device built for uncompromised productivity and entertainment. System operations are equipped with the MediaTek Dimensity 1200 processor and 8 of memory, providing the necessary bandwidth for intensive applications. Its front panel is dominated by a 6.43-inch display, providing vibrant colors and sharp contrasts. It integrates a long-lasting 4500.0 battery and a surprisingly light 0.18kg frame to maximize mobility without sacrificing runtime. Running naturally on a modern operating system, the Oppo K9 Pro 5G 128GB is an outstanding technological investment.",,,299,USD,35880
Smartphone,Oppo,K9 Pro 5G 256GB,MediaTek Dimensity 1200,12,,,,0.18,,4500,6.43,,,,16MP,64MP + 8MP + 2MP,"The Oppo K9 Pro 5G 256GB emerges as a powerful solution designed to elevate your digital experience. Moving to performance, it is driven by the MediaTek Dimensity 1200 processor and 12 of memory, ensuring brisk responsiveness. The device incorporates a 6.43-inch display, making it fantastic for media consumption and creative work. It integrates an endurance-focused 4500.0 battery and an overall weight of just 0.18kg to maximize mobility without sacrificing runtime. Ultimately, with its native software at the helm, the Oppo K9 Pro 5G 256GB easily satisfies the rigorous demands of contemporary digital life.",,,329,USD,39480
Smartphone,Oppo,K9 5G 128GB,Qualcomm Snapdragon 768G,8,,,,0.172,,4300,6.43,,,,32MP,64MP + 8MP + 2MP,"Crafted to meet the demands of modern users, the Oppo K9 5G 128GB is a highly capable piece of engineering. It boasts an impressive architecture featuring the Qualcomm Snapdragon 768G processor and 8 of memory to comfortably manage multitasking without bottlenecks. Visuals are delivered through a 6.43-inch display, which guarantees an immersive viewing experience. Physical endurance is addressed by a substantial 4300.0 cell and an overall weight of just 0.172kg, keeping you productive on the go. Running naturally on a modern operating system, the Oppo K9 5G 128GB is an outstanding technological investment.",,,279,USD,33480
Smartphone,Oppo,K9 5G 256GB,Qualcomm Snapdragon 768G,8,,,,0.172,,4300,6.43,,,,32MP,64MP + 8MP + 2MP,"The Oppo K9 5G 256GB seamlessly blends aesthetics with performance, making it a feature-rich companion for daily tasks. Additionally, it is driven by the Qualcomm Snapdragon 768G processor and 8 of memory, ensuring brisk responsiveness. Visuals are rendered on a 6.43-inch display, which guarantees an immersive viewing experience. It integrates a substantial 4300.0 cell and a portable chassis weighing 0.172kg to maximize mobility without sacrificing runtime. Ultimately, with its native software at the helm, the Oppo K9 5G 256GB easily satisfies the rigorous demands of contemporary digital life.",,,299,USD,35880
Smartphone,Oppo,K7x 128GB,MediaTek Dimensity 720,6,,,,,,5000,6.5,,,,16MP,48MP + 8MP + 2MP + 2MP,"The Oppo K7x 128GB emerges as a sophisticated solution designed to elevate your digital experience. Furthermore, it is equipped with the MediaTek Dimensity 720 processor and 6 of memory, ensuring brisk responsiveness. Users will appreciate the visual fidelity offered by a 6.5-inch display, perfect for streaming and reading. Physical endurance is addressed by an endurance-focused 5000.0 battery, keeping you productive on the go. Operating on an efficient OS layer, this configuration positions the Oppo K7x 128GB as a highly capable daily driver.",,,199,USD,23880
Smartphone,Oppo,K7 5G 128GB,Qualcomm Snapdragon 765G,8,,,,0.18,,4025,6.4,,,,32MP,48MP + 8MP + 2MP + 2MP,"For those seeking reliable technology, the Oppo K7 5G 128GB stands out as a powerful and dependable choice. It boasts an impressive architecture featuring the Qualcomm Snapdragon 765G processor and 8 of memory to comfortably manage multitasking without bottlenecks. Visuals are showcased on a 6.4-inch display, which guarantees an immersive viewing experience. For users constantly on the move, it features an endurance-focused 4025.0 battery and a portable chassis weighing 0.18kg. Coupled with the intuitive pre-installed environment, the Oppo K7 5G 128GB hits all the right notes for its category.",,,279,USD,33480
Smartphone,Oppo,K7 5G 256GB,Qualcomm Snapdragon 765G,8,,,,0.18,,4025,6.4,,,,32MP,48MP + 8MP + 2MP + 2MP,"Presenting the Oppo K7 5G 256GB: a dynamic device built for uncompromised productivity and entertainment. Under the hood, it is engineered around the Qualcomm Snapdragon 765G processor and 8 of memory, ensuring brisk responsiveness. The device incorporates a 6.4-inch display, making it fantastic for media consumption and creative work. Physical endurance is addressed by an endurance-focused 4025.0 battery and a portable chassis weighing 0.18kg, keeping you productive on the go. Ultimately, with its native software at the helm, the Oppo K7 5G 256GB easily satisfies the rigorous demands of contemporary digital life.",,,299,USD,35880
Smartphone,Oppo,K11 128GB,Qualcomm Snapdragon 782G,8,,,,,,5000,6.7,,,,16MP,64MP + 8MP + 2MP,"Presenting the Oppo K11 128GB: a reliable device built for uncompromised productivity and entertainment. It boasts an impressive architecture featuring the Qualcomm Snapdragon 782G processor and 8 of memory to comfortably manage multitasking without bottlenecks. Users will appreciate the visual fidelity offered by a 6.7-inch display, perfect for streaming and reading. Physical endurance is addressed by a long-lasting 5000.0 battery, keeping you productive on the go. Running naturally on a modern operating system, the Oppo K11 128GB is an outstanding technological investment.",,,259,USD,31080
Smartphone,Oppo,K11 256GB,Qualcomm Snapdragon 782G,12,,,,,,5000,6.7,,,,16MP,64MP + 8MP + 2MP,"The Oppo K11 256GB emerges as a feature-rich solution designed to elevate your digital experience. The core of its performance lies in the Qualcomm Snapdragon 782G processor and 12 of memory, allowing users to navigate demanding workflows seamlessly. The device incorporates a 6.7-inch display, making it fantastic for media consumption and creative work. For users constantly on the move, it features an endurance-focused 5000.0 battery. Operating on an efficient OS layer, this configuration positions the Oppo K11 256GB as a highly capable daily driver.",,,299,USD,35880
Smartphone,Oppo,K10 5G 256GB,MediaTek Dimensity 8000-Max,12,,,,,,5000,6.59,,,,16MP,64MP + 8MP + 2MP,"The Oppo K10 5G 256GB seamlessly blends aesthetics with performance, making it a sophisticated companion for daily tasks. It boasts an impressive architecture featuring the MediaTek Dimensity 8000-Max processor and 12 of memory to comfortably manage multitasking without bottlenecks. Visuals are showcased on a 6.59-inch display, which guarantees an immersive viewing experience. Practicality is further enhanced by an endurance-focused 5000.0 battery, offering an excellent balance of longevity and comfort. Running naturally on a modern operating system, the Oppo K10 5G 256GB is an outstanding technological investment.",,,279,USD,33480
Smartphone,Realme,GT 7 Pro 128GB,Qualcomm Snapdragon 8 Elite,12,,,,0.223,,6500,6.78,,,,16MP,50MP + 50MP + 8MP,"For those seeking reliable technology, the Realme GT 7 Pro 128GB stands out as a powerful and dependable choice. The core of its performance lies in the Qualcomm Snapdragon 8 Elite processor and 12 of memory, allowing users to navigate demanding workflows seamlessly. The device incorporates a 6.78-inch display, making it fantastic for media consumption and creative work. Physical endurance is addressed by a substantial 6500.0 cell and a surprisingly light 0.223kg frame, keeping you productive on the go. Coupled with the intuitive pre-installed environment, the Realme GT 7 Pro 128GB hits all the right notes for its category.",,,470,USD,56400
Smartphone,Realme,GT 7 Pro 256GB,Qualcomm Snapdragon 8 Elite,16,,,,0.223,,6500,6.78,,,,16MP,50MP + 50MP + 8MP,"For those seeking reliable technology, the Realme GT 7 Pro 256GB stands out as a versatile and dependable choice. It boasts an impressive architecture featuring the Qualcomm Snapdragon 8 Elite processor and 16 of memory to comfortably manage multitasking without bottlenecks. The device incorporates a 6.78-inch display, making it fantastic for media consumption and creative work. For users constantly on the move, it features a long-lasting 6500.0 battery and a portable chassis weighing 0.223kg. Coupled with the intuitive pre-installed environment, the Realme GT 7 Pro 256GB hits all the right notes for its category.",,,500,USD,60000
Smartphone,Realme,GT 6 128GB,Qualcomm Snapdragon 8s Gen 3,8,,,,0.191,,5500,6.78,,,,32MP,50MP + 8MP + 50MP,"Crafted to meet the demands of modern users, the Realme GT 6 128GB is a powerful piece of engineering. The core of its performance lies in the Qualcomm Snapdragon 8s Gen 3 processor and 8 of memory, allowing users to navigate demanding workflows seamlessly. Visuals are handled by a 6.78-inch display, which guarantees an immersive viewing experience. Physical endurance is addressed by a long-lasting 5500.0 battery and a surprisingly light 0.191kg frame, keeping you productive on the go. Operating on an efficient OS layer, this configuration positions the Realme GT 6 128GB as a highly capable daily driver.",,,380,USD,45600
Smartphone,Realme,GT 6 256GB,Qualcomm Snapdragon 8s Gen 3,12,,,,0.191,,5500,6.78,,,,32MP,50MP + 8MP + 50MP,"For those seeking reliable technology, the Realme GT 6 256GB stands out as a dynamic and dependable choice. The core of its performance lies in the Qualcomm Snapdragon 8s Gen 3 processor and 12 of memory, allowing users to navigate demanding workflows seamlessly. The device incorporates a 6.78-inch display, making it fantastic for media consumption and creative work. It integrates a long-lasting 5500.0 battery and an overall weight of just 0.191kg to maximize mobility without sacrificing runtime. Operating on an efficient OS layer, this configuration positions the Realme GT 6 256GB as a highly capable daily driver.",,,400,USD,48000
Smartphone,Realme,GT 6 512GB,Qualcomm Snapdragon 8s Gen 3,16,,,,0.191,,5500,6.78,,,,32MP,50MP + 8MP + 50MP,"The Realme GT 6 512GB seamlessly blends aesthetics with performance, making it a reliable companion for daily tasks. It boasts an impressive architecture featuring the Qualcomm Snapdragon 8s Gen 3 processor and 16 of memory to comfortably manage multitasking without bottlenecks. Visuals are delivered through a 6.78-inch display, which guarantees an immersive viewing experience. It integrates a substantial 5500.0 cell and a portable chassis weighing 0.191kg to maximize mobility without sacrificing runtime. Coupled with the intuitive pre-installed environment, the Realme GT 6 512GB hits all the right notes for its category.",,,420,USD,50400
Smartphone,Realme,GT 6T 128GB,Qualcomm Snapdragon 7 Plus Gen 3,8,,,,0.191,,5500,6.78,,,,32MP,50MP + 8MP,"Presenting the Realme GT 6T 128GB: a feature-rich device built for uncompromised productivity and entertainment. It boasts an impressive architecture featuring the Qualcomm Snapdragon 7 Plus Gen 3 processor and 8 of memory to comfortably manage multitasking without bottlenecks. The device incorporates a 6.78-inch display, making it fantastic for media consumption and creative work. Practicality is further enhanced by a long-lasting 5500.0 battery and a portable chassis weighing 0.191kg, offering an excellent balance of longevity and comfort. Operating on an efficient OS layer, this configuration positions the Realme GT 6T 128GB as a highly capable daily driver.",,,360,USD,43200
Smartphone,Realme,GT 6T 256GB,Qualcomm Snapdragon 7 Plus Gen 3,8,,,,0.191,,5500,6.78,,,,32MP,50MP + 8MP,"Presenting the Realme GT 6T 256GB: a dynamic device built for uncompromised productivity and entertainment. System operations are engineered around the Qualcomm Snapdragon 7 Plus Gen 3 processor and 8 of memory, providing the necessary bandwidth for intensive applications. Users will appreciate the visual fidelity offered by a 6.78-inch display, perfect for streaming and reading. Physical endurance is addressed by an endurance-focused 5500.0 battery and an overall weight of just 0.191kg, keeping you productive on the go. Ultimately, with its native software at the helm, the Realme GT 6T 256GB easily satisfies the rigorous demands of contemporary digital life.",,,380,USD,45600
Smartphone,Realme,14 Pro+ 5G 256GB,Qualcomm Snapdragon 7s Gen 3,12,,,,,,6000,6.83,,,,16MP,50MP + 8MP + 50MP,"The Realme 14 Pro+ 5G 256GB seamlessly blends aesthetics with performance, making it a modern companion for daily tasks. The core of its performance lies in the Qualcomm Snapdragon 7s Gen 3 processor and 12 of memory, allowing users to navigate demanding workflows seamlessly. The device incorporates a 6.83-inch display, making it fantastic for media consumption and creative work. Physical endurance is addressed by a long-lasting 6000.0 battery, keeping you productive on the go. Coupled with the intuitive pre-installed environment, the Realme 14 Pro+ 5G 256GB hits all the right notes for its category.",,,340,USD,40800
Smartphone,Realme,14 Pro+ 5G 512GB,Qualcomm Snapdragon 7s Gen 3,12,,,,,,6000,6.83,,,,16MP,50MP + 8MP + 50MP,"Crafted to meet the demands of modern users, the Realme 14 Pro+ 5G 512GB is a sophisticated piece of engineering. Under the hood, it is equipped with the Qualcomm Snapdragon 7s Gen 3 processor and 12 of memory, ensuring brisk responsiveness. Visuals are presented via a 6.83-inch display, which guarantees an immersive viewing experience. For users constantly on the move, it features a substantial 6000.0 cell. Operating on an efficient OS layer, this configuration positions the Realme 14 Pro+ 5G 512GB as a highly capable daily driver.",,,360,USD,43200
Smartphone,Realme,14 Pro 5G 128GB,MediaTek Dimensity 7300 Energy,8,,,,,,5800,6.7,,,,16MP,50MP + 8MP,"The Realme 14 Pro 5G 128GB seamlessly blends aesthetics with performance, making it a powerful companion for daily tasks. System operations are powered by the MediaTek Dimensity 7300 Energy processor and 8 of memory, providing the necessary bandwidth for intensive applications. Visuals are presented via a 6.7-inch display, which guarantees an immersive viewing experience. Physical endurance is addressed by an endurance-focused 5800.0 battery, keeping you productive on the go. Ultimately, with its native software at the helm, the Realme 14 Pro 5G 128GB easily satisfies the rigorous demands of contemporary digital life.",,,320,USD,38400
Smartphone,Realme,14 Pro 5G 256GB,MediaTek Dimensity 7300 Energy,8,,,,,,5800,6.7,,,,16MP,50MP + 8MP,"For those seeking reliable technology, the Realme 14 Pro 5G 256GB stands out as a versatile and dependable choice. The core of its performance lies in the MediaTek Dimensity 7300 Energy processor and 8 of memory, allowing users to navigate demanding workflows seamlessly. The device incorporates a 6.7-inch display, making it fantastic for media consumption and creative work. Practicality is further enhanced by a substantial 5800.0 cell, offering an excellent balance of longevity and comfort. Ultimately, with its native software at the helm, the Realme 14 Pro 5G 256GB easily satisfies the rigorous demands of contemporary digital life.",,,340,USD,40800
Smartphone,Realme,14x 5G 128GB,Qualcomm Snapdragon 7s Gen 2,6,,,,0.19,,5500,6.6,,,,16MP,48MP + 2MP + 2MP,"The Realme 14x 5G 128GB seamlessly blends aesthetics with performance, making it a feature-rich companion for daily tasks. The core of its performance lies in the Qualcomm Snapdragon 7s Gen 2 processor and 6 of memory, allowing users to navigate demanding workflows seamlessly. Its front panel is dominated by a 6.6-inch display, providing vibrant colors and sharp contrasts. It integrates a substantial 5500.0 cell and a surprisingly light 0.19kg frame to maximize mobility without sacrificing runtime. Ultimately, with its native software at the helm, the Realme 14x 5G 128GB easily satisfies the rigorous demands of contemporary digital life.",,,270,USD,32400
Smartphone,Realme,14x 5G 256GB,Qualcomm Snapdragon 7s Gen 2,8,,,,0.19,,5500,6.6,,,,16MP,48MP + 2MP + 2MP,"Crafted to meet the demands of modern users, the Realme 14x 5G 256GB is a highly capable piece of engineering. System operations are driven by the Qualcomm Snapdragon 7s Gen 2 processor and 8 of memory, providing the necessary bandwidth for intensive applications. Visuals are rendered on a 6.6-inch display, which guarantees an immersive viewing experience. It integrates a substantial 5500.0 cell and a surprisingly light 0.19kg frame to maximize mobility without sacrificing runtime. Coupled with the intuitive pre-installed environment, the Realme 14x 5G 256GB hits all the right notes for its category.",,,290,USD,34800
Smartphone,Realme,13+ 5G 128GB,MediaTek Dimensity 7200,8,,,,,,5000,6.5,,,,16MP,50MP + 2MP,"For those seeking reliable technology, the Realme 13+ 5G 128GB stands out as a feature-rich and dependable choice. It boasts an impressive architecture featuring the MediaTek Dimensity 7200 processor and 8 of memory to comfortably manage multitasking without bottlenecks. The device incorporates a 6.5-inch display, making it fantastic for media consumption and creative work. Physical endurance is addressed by a substantial 5000.0 cell, keeping you productive on the go. Operating on an efficient OS layer, this configuration positions the Realme 13+ 5G 128GB as a highly capable daily driver.",,,250,USD,30000
Smartphone,Realme,13+ 5G 256GB,MediaTek Dimensity 7200,8,,,,,,5000,6.5,,,,16MP,50MP + 2MP,"Crafted to meet the demands of modern users, the Realme 13+ 5G 256GB is a modern piece of engineering. Additionally, it is engineered around the MediaTek Dimensity 7200 processor and 8 of memory, ensuring brisk responsiveness. The device incorporates a 6.5-inch display, making it fantastic for media consumption and creative work. Physical endurance is addressed by an endurance-focused 5000.0 battery, keeping you productive on the go. Operating on an efficient OS layer, this configuration positions the Realme 13+ 5G 256GB as a highly capable daily driver.",,,270,USD,32400
Smartphone,Realme,13 5G 128GB,MediaTek Dimensity 6100+,6,,,,0.19,,5000,6.6,,,,16MP,50MP + 2MP,"For those seeking reliable technology, the Realme 13 5G 128GB stands out as a feature-rich and dependable choice. System operations are powered by the MediaTek Dimensity 6100+ processor and 6 of memory, providing the necessary bandwidth for intensive applications. Users will appreciate the visual fidelity offered by a 6.6-inch display, perfect for streaming and reading. Practicality is further enhanced by a substantial 5000.0 cell and an overall weight of just 0.19kg, offering an excellent balance of longevity and comfort. Ultimately, with its native software at the helm, the Realme 13 5G 128GB easily satisfies the rigorous demands of contemporary digital life.",,,220,USD,26400
Smartphone,Realme,13 5G 256GB,MediaTek Dimensity 6100+,8,,,,0.19,,5000,6.6,,,,16MP,50MP + 2MP,"Presenting the Realme 13 5G 256GB: a highly capable device built for uncompromised productivity and entertainment. System operations are equipped with the MediaTek Dimensity 6100+ processor and 8 of memory, providing the necessary bandwidth for intensive applications. Visuals are handled by a 6.6-inch display, which guarantees an immersive viewing experience. For users constantly on the move, it features an endurance-focused 5000.0 battery and a portable chassis weighing 0.19kg. Running naturally on a modern operating system, the Realme 13 5G 256GB is an outstanding technological investment.",,,240,USD,28800
Smartphone,Realme,13 Pro 5G 128GB,Qualcomm Snapdragon 7s Gen 2,8,,,,0.192,,5200,6.7,,,,16MP,50MP + 8MP + 2MP,"Crafted to meet the demands of modern users, the Realme 13 Pro 5G 128GB is a reliable piece of engineering. It boasts an impressive architecture featuring the Qualcomm Snapdragon 7s Gen 2 processor and 8 of memory to comfortably manage multitasking without bottlenecks. Visuals are handled by a 6.7-inch display, which guarantees an immersive viewing experience. For users constantly on the move, it features a long-lasting 5200.0 battery and a portable chassis weighing 0.192kg. Ultimately, with its native software at the helm, the Realme 13 Pro 5G 128GB easily satisfies the rigorous demands of contemporary digital life.",,,300,USD,36000
Smartphone,Realme,13 Pro 5G 256GB,Qualcomm Snapdragon 7s Gen 2,12,,,,0.192,,5200,6.7,,,,16MP,50MP + 8MP + 2MP,"For those seeking reliable technology, the Realme 13 Pro 5G 256GB stands out as a versatile and dependable choice. It boasts an impressive architecture featuring the Qualcomm Snapdragon 7s Gen 2 processor and 12 of memory to comfortably manage multitasking without bottlenecks. Visuals are showcased on a 6.7-inch display, which guarantees an immersive viewing experience. It integrates a long-lasting 5200.0 battery and an overall weight of just 0.192kg to maximize mobility without sacrificing runtime. Running naturally on a modern operating system, the Realme 13 Pro 5G 256GB is an outstanding technological investment.",,,320,USD,38400
Smartphone,Realme,13 Pro+ 5G 256GB,Qualcomm Snapdragon 7+ Gen 2,12,,,,,,5500,6.78,,,,32MP,50MP + 8MP + 50MP,"Presenting the Realme 13 Pro+ 5G 256GB: a premium device built for uncompromised productivity and entertainment. Furthermore, it is fueled by the Qualcomm Snapdragon 7+ Gen 2 processor and 12 of memory, ensuring brisk responsiveness. Visuals are rendered on a 6.78-inch display, which guarantees an immersive viewing experience. For users constantly on the move, it features a substantial 5500.0 cell. Running naturally on a modern operating system, the Realme 13 Pro+ 5G 256GB is an outstanding technological investment.",,,360,USD,43200
Smartphone,Realme,13 Pro+ 5G 512GB,Qualcomm Snapdragon 7+ Gen 2,16,,,,,,5500,6.78,,,,32MP,50MP + 8MP + 50MP,"The Realme 13 Pro+ 5G 512GB seamlessly blends aesthetics with performance, making it a versatile companion for daily tasks. The core of its performance lies in the Qualcomm Snapdragon 7+ Gen 2 processor and 16 of memory, allowing users to navigate demanding workflows seamlessly. Visuals are rendered on a 6.78-inch display, which guarantees an immersive viewing experience. Physical endurance is addressed by an endurance-focused 5500.0 battery, keeping you productive on the go. Operating on an efficient OS layer, this configuration positions the Realme 13 Pro+ 5G 512GB as a highly capable daily driver.",,,380,USD,45600
Smartphone,Realme,P1 Speed 5G 128GB,MediaTek Dimensity 8100,8,,,,,,5100,6.7,,,,16MP,64MP + 2MP,"The Realme P1 Speed 5G 128GB seamlessly blends aesthetics with performance, making it a highly capable companion for daily tasks. Furthermore, it is powered by the MediaTek Dimensity 8100 processor and 8 of memory, ensuring brisk responsiveness. Its front panel is dominated by a 6.7-inch display, providing vibrant colors and sharp contrasts. For users constantly on the move, it features a substantial 5100.0 cell. Operating on an efficient OS layer, this configuration positions the Realme P1 Speed 5G 128GB as a highly capable daily driver.",,,250,USD,30000
Smartphone,Realme,P1 Speed 5G 256GB,MediaTek Dimensity 8100,12,,,,,,5100,6.7,,,,16MP,64MP + 2MP,"Crafted to meet the demands of modern users, the Realme P1 Speed 5G 256GB is a versatile piece of engineering. System operations are equipped with the MediaTek Dimensity 8100 processor and 12 of memory, providing the necessary bandwidth for intensive applications. Users will appreciate the visual fidelity offered by a 6.7-inch display, perfect for streaming and reading. Practicality is further enhanced by an endurance-focused 5100.0 battery, offering an excellent balance of longevity and comfort. Running naturally on a modern operating system, the Realme P1 Speed 5G 256GB is an outstanding technological investment.",,,270,USD,32400
Smartphone,Realme,P2 Pro 5G 256GB,Qualcomm Snapdragon 7+ Gen 3,12,,,,0.188,,5500,6.78,,,,32MP,50MP + 8MP + 50MP,"For those seeking reliable technology, the Realme P2 Pro 5G 256GB stands out as a dynamic and dependable choice. The core of its performance lies in the Qualcomm Snapdragon 7+ Gen 3 processor and 12 of memory, allowing users to navigate demanding workflows seamlessly. The device incorporates a 6.78-inch display, making it fantastic for media consumption and creative work. It integrates an endurance-focused 5500.0 battery and a surprisingly light 0.188kg frame to maximize mobility without sacrificing runtime. Running naturally on a modern operating system, the Realme P2 Pro 5G 256GB is an outstanding technological investment.",,,340,USD,40800
Smartphone,Realme,P2 Pro 5G 512GB,Qualcomm Snapdragon 7+ Gen 3,16,,,,0.188,,5500,6.78,,,,32MP,50MP + 8MP + 50MP,"The Realme P2 Pro 5G 512GB seamlessly blends aesthetics with performance, making it a reliable companion for daily tasks. It boasts an impressive architecture featuring the Qualcomm Snapdragon 7+ Gen 3 processor and 16 of memory to comfortably manage multitasking without bottlenecks. Users will appreciate the visual fidelity offered by a 6.78-inch display, perfect for streaming and reading. It integrates an endurance-focused 5500.0 battery and a surprisingly light 0.188kg frame to maximize mobility without sacrificing runtime. Running naturally on a modern operating system, the Realme P2 Pro 5G 512GB is an outstanding technological investment.",,,360,USD,43200
Smartphone,Realme,P1 5G 128GB,MediaTek Dimensity 6100+,6,,,,,,5000,6.6,,,,16MP,50MP + 2MP,"For those seeking reliable technology, the Realme P1 5G 128GB stands out as a highly capable and dependable choice. The core of its performance lies in the MediaTek Dimensity 6100+ processor and 6 of memory, allowing users to navigate demanding workflows seamlessly. Users will appreciate the visual fidelity offered by a 6.6-inch display, perfect for streaming and reading. Practicality is further enhanced by a long-lasting 5000.0 battery, offering an excellent balance of longevity and comfort. Operating on an efficient OS layer, this configuration positions the Realme P1 5G 128GB as a highly capable daily driver.",,,200,USD,24000
Smartphone,Realme,P1 5G 256GB,MediaTek Dimensity 6100+,8,,,,,,5000,6.6,,,,16MP,50MP + 2MP,"Presenting the Realme P1 5G 256GB: a reliable device built for uncompromised productivity and entertainment. Furthermore, it is fueled by the MediaTek Dimensity 6100+ processor and 8 of memory, ensuring brisk responsiveness. Visuals are showcased on a 6.6-inch display, which guarantees an immersive viewing experience. Practicality is further enhanced by a substantial 5000.0 cell, offering an excellent balance of longevity and comfort. Ultimately, with its native software at the helm, the Realme P1 5G 256GB easily satisfies the rigorous demands of contemporary digital life.",,,220,USD,26400
Smartphone,Realme,P1 Pro 5G 128GB,Qualcomm Snapdragon 7s Gen 1,8,,,,0.19,,5200,6.7,,,,16MP,64MP + 2MP,"The Realme P1 Pro 5G 128GB emerges as a reliable solution designed to elevate your digital experience. It boasts an impressive architecture featuring the Qualcomm Snapdragon 7s Gen 1 processor and 8 of memory to comfortably manage multitasking without bottlenecks. The device incorporates a 6.7-inch display, making it fantastic for media consumption and creative work. Practicality is further enhanced by a long-lasting 5200.0 battery and a portable chassis weighing 0.19kg, offering an excellent balance of longevity and comfort. Operating on an efficient OS layer, this configuration positions the Realme P1 Pro 5G 128GB as a highly capable daily driver.",,,270,USD,32400
Smartphone,Realme,P1 Pro 5G 256GB,Qualcomm Snapdragon 7s Gen 1,12,,,,0.19,,5200,6.7,,,,16MP,64MP + 2MP,"Presenting the Realme P1 Pro 5G 256GB: a versatile device built for uncompromised productivity and entertainment. The core of its performance lies in the Qualcomm Snapdragon 7s Gen 1 processor and 12 of memory, allowing users to navigate demanding workflows seamlessly. Users will appreciate the visual fidelity offered by a 6.7-inch display, perfect for streaming and reading. It integrates a long-lasting 5200.0 battery and a portable chassis weighing 0.19kg to maximize mobility without sacrificing runtime. Ultimately, with its native software at the helm, the Realme P1 Pro 5G 256GB easily satisfies the rigorous demands of contemporary digital life.",,,290,USD,34800
Smartphone,Realme,Narzo 70 Turbo 5G 128GB,MediaTek Dimensity 810,8,,,,0.2,,5000,6.6,,,,16MP,50MP + 2MP,"The Realme Narzo 70 Turbo 5G 128GB emerges as a feature-rich solution designed to elevate your digital experience. System operations are driven by the MediaTek Dimensity 810 processor and 8 of memory, providing the necessary bandwidth for intensive applications. Visuals are presented via a 6.6-inch display, which guarantees an immersive viewing experience. For users constantly on the move, it features an endurance-focused 5000.0 battery and a portable chassis weighing 0.2kg. Coupled with the intuitive pre-installed environment, the Realme Narzo 70 Turbo 5G 128GB hits all the right notes for its category.",,,240,USD,28800
Smartphone,Realme,Narzo 70 Turbo 5G 256GB,MediaTek Dimensity 810,8,,,,0.2,,5000,6.6,,,,16MP,50MP + 2MP,"The Realme Narzo 70 Turbo 5G 256GB seamlessly blends aesthetics with performance, making it a premium companion for daily tasks. System operations are fueled by the MediaTek Dimensity 810 processor and 8 of memory, providing the necessary bandwidth for intensive applications. Users will appreciate the visual fidelity offered by a 6.6-inch display, perfect for streaming and reading. Physical endurance is addressed by a long-lasting 5000.0 battery and a portable chassis weighing 0.2kg, keeping you productive on the go. Running naturally on a modern operating system, the Realme Narzo 70 Turbo 5G 256GB is an outstanding technological investment.",,,260,USD,31200
Smartphone,Realme,Narzo N61 128GB,MediaTek Helio G99,6,,,,,,5000,6.5,,,,16MP,50MP + 2MP,"For those seeking reliable technology, the Realme Narzo N61 128GB stands out as a versatile and dependable choice. It boasts an impressive architecture featuring the MediaTek Helio G99 processor and 6 of memory to comfortably manage multitasking without bottlenecks. Users will appreciate the visual fidelity offered by a 6.5-inch display, perfect for streaming and reading. It integrates an endurance-focused 5000.0 battery to maximize mobility without sacrificing runtime. Ultimately, with its native software at the helm, the Realme Narzo N61 128GB easily satisfies the rigorous demands of contemporary digital life.",,,180,USD,21600
Smartphone,Realme,Narzo N63 128GB,MediaTek Helio G88,6,,,,0.193,,5000,6.5,,,,16MP,50MP + 2MP,"Crafted to meet the demands of modern users, the Realme Narzo N63 128GB is a highly capable piece of engineering. System operations are engineered around the MediaTek Helio G88 processor and 6 of memory, providing the necessary bandwidth for intensive applications. The device incorporates a 6.5-inch display, making it fantastic for media consumption and creative work. Physical endurance is addressed by a substantial 5000.0 cell and an overall weight of just 0.193kg, keeping you productive on the go. Coupled with the intuitive pre-installed environment, the Realme Narzo N63 128GB hits all the right notes for its category.",,,160,USD,19200
Smartphone,Realme,Narzo N65 5G 128GB,MediaTek Dimensity 700,8,,,,0.198,,5000,6.6,,,,16MP,50MP + 2MP,"Crafted to meet the demands of modern users, the Realme Narzo N65 5G 128GB is a modern piece of engineering. It boasts an impressive architecture featuring the MediaTek Dimensity 700 processor and 8 of memory to comfortably manage multitasking without bottlenecks. The device incorporates a 6.6-inch display, making it fantastic for media consumption and creative work. Physical endurance is addressed by a long-lasting 5000.0 battery and a surprisingly light 0.198kg frame, keeping you productive on the go. Ultimately, with its native software at the helm, the Realme Narzo N65 5G 128GB easily satisfies the rigorous demands of contemporary digital life.",,,210,USD,25200
Smartphone,Realme,Narzo 70 5G 128GB,MediaTek Dimensity 810,8,,,,0.198,,5200,6.6,,,,16MP,50MP + 2MP,"Crafted to meet the demands of modern users, the Realme Narzo 70 5G 128GB is a highly capable piece of engineering. The core of its performance lies in the MediaTek Dimensity 810 processor and 8 of memory, allowing users to navigate demanding workflows seamlessly. Users will appreciate the visual fidelity offered by a 6.6-inch display, perfect for streaming and reading. Physical endurance is addressed by an endurance-focused 5200.0 battery and a surprisingly light 0.198kg frame, keeping you productive on the go. Coupled with the intuitive pre-installed environment, the Realme Narzo 70 5G 128GB hits all the right notes for its category.",,,230,USD,27600
Smartphone,Realme,C75 128GB,MediaTek Helio G85,6,,,,0.19,,5000,6.6,,,,8MP,50MP + 2MP,"Presenting the Realme C75 128GB: a dynamic device built for uncompromised productivity and entertainment. As for its internals, it is engineered around the MediaTek Helio G85 processor and 6 of memory, ensuring brisk responsiveness. Its front panel is dominated by a 6.6-inch display, providing vibrant colors and sharp contrasts. It integrates a long-lasting 5000.0 battery and an overall weight of just 0.19kg to maximize mobility without sacrificing runtime. Ultimately, with its native software at the helm, the Realme C75 128GB easily satisfies the rigorous demands of contemporary digital life.",,,160,USD,19200
Smartphone,Realme,C75 256GB,MediaTek Helio G85,8,,,,0.19,,5000,6.6,,,,8MP,50MP + 2MP,"The Realme C75 256GB emerges as a premium solution designed to elevate your digital experience. The core of its performance lies in the MediaTek Helio G85 processor and 8 of memory, allowing users to navigate demanding workflows seamlessly. Users will appreciate the visual fidelity offered by a 6.6-inch display, perfect for streaming and reading. Physical endurance is addressed by an endurance-focused 5000.0 battery and a surprisingly light 0.19kg frame, keeping you productive on the go. Operating on an efficient OS layer, this configuration positions the Realme C75 256GB as a highly capable daily driver.",,,180,USD,21600
Smartphone,Realme,C61 128GB,Unisoc T612,4,,,,0.189,,5000,6.5,,,,8MP,50MP + 2MP,"The Realme C61 128GB emerges as a premium solution designed to elevate your digital experience. The core of its performance lies in the Unisoc T612 processor and 4 of memory, allowing users to navigate demanding workflows seamlessly. Visuals are delivered through a 6.5-inch display, which guarantees an immersive viewing experience. For users constantly on the move, it features an endurance-focused 5000.0 battery and a portable chassis weighing 0.189kg. Ultimately, with its native software at the helm, the Realme C61 128GB easily satisfies the rigorous demands of contemporary digital life.",,,130,USD,15600
Smartphone,Realme,C67 128GB,MediaTek Helio G88,6,,,,,,5000,6.6,,,,8MP,50MP + 2MP,"The Realme C67 128GB emerges as a modern solution designed to elevate your digital experience. In terms of hardware, it is powered by the MediaTek Helio G88 processor and 6 of memory, ensuring brisk responsiveness. Visuals are rendered on a 6.6-inch display, which guarantees an immersive viewing experience. Practicality is further enhanced by an endurance-focused 5000.0 battery, offering an excellent balance of longevity and comfort. Ultimately, with its native software at the helm, the Realme C67 128GB easily satisfies the rigorous demands of contemporary digital life.",,,170,USD,20400
Smartphone,Realme,C67 256GB,MediaTek Helio G88,8,,,,,,5000,6.6,,,,8MP,50MP + 2MP,"The Realme C67 256GB emerges as a modern solution designed to elevate your digital experience. Additionally, it is equipped with the MediaTek Helio G88 processor and 8 of memory, ensuring brisk responsiveness. The device incorporates a 6.6-inch display, making it fantastic for media consumption and creative work. It integrates an endurance-focused 5000.0 battery to maximize mobility without sacrificing runtime. Ultimately, with its native software at the helm, the Realme C67 256GB easily satisfies the rigorous demands of contemporary digital life.",,,190,USD,22800
Smartphone,Realme,C65 128GB,Qualcomm Snapdragon 680,6,,,,0.192,,5000,6.6,,,,8MP,50MP + 2MP,"Crafted to meet the demands of modern users, the Realme C65 128GB is a reliable piece of engineering. It boasts an impressive architecture featuring the Qualcomm Snapdragon 680 processor and 6 of memory to comfortably manage multitasking without bottlenecks. Users will appreciate the visual fidelity offered by a 6.6-inch display, perfect for streaming and reading. It integrates an endurance-focused 5000.0 battery and a surprisingly light 0.192kg frame to maximize mobility without sacrificing runtime. Running naturally on a modern operating system, the Realme C65 128GB is an outstanding technological investment.",,,160,USD,19200
Smartphone,Realme,C65 256GB,Qualcomm Snapdragon 680,8,,,,0.192,,5000,6.6,,,,8MP,50MP + 2MP,"For those seeking reliable technology, the Realme C65 256GB stands out as a sophisticated and dependable choice. The core of its performance lies in the Qualcomm Snapdragon 680 processor and 8 of memory, allowing users to navigate demanding workflows seamlessly. Visuals are delivered through a 6.6-inch display, which guarantees an immersive viewing experience. Physical endurance is addressed by a substantial 5000.0 cell and a portable chassis weighing 0.192kg, keeping you productive on the go. Coupled with the intuitive pre-installed environment, the Realme C65 256GB hits all the right notes for its category.",,,180,USD,21600
Smartphone,Realme,C63 128GB,MediaTek Helio G85,6,,,,0.191,,5000,6.6,,,,8MP,50MP + 2MP,"Presenting the Realme C63 128GB: a powerful device built for uncompromised productivity and entertainment. System operations are fueled by the MediaTek Helio G85 processor and 6 of memory, providing the necessary bandwidth for intensive applications. Visuals are showcased on a 6.6-inch display, which guarantees an immersive viewing experience. Physical endurance is addressed by a substantial 5000.0 cell and an overall weight of just 0.191kg, keeping you productive on the go. Running naturally on a modern operating system, the Realme C63 128GB is an outstanding technological investment.",,,150,USD,18000
Smartphone,Realme,C55 128GB,MediaTek Helio G88,6,,,,0.189,,5000,6.72,,,,8MP,64MP + 2MP,"The Realme C55 128GB emerges as a sophisticated solution designed to elevate your digital experience. System operations are fueled by the MediaTek Helio G88 processor and 6 of memory, providing the necessary bandwidth for intensive applications. Its front panel is dominated by a 6.72-inch display, providing vibrant colors and sharp contrasts. For users constantly on the move, it features an endurance-focused 5000.0 battery and a portable chassis weighing 0.189kg. Ultimately, with its native software at the helm, the Realme C55 128GB easily satisfies the rigorous demands of contemporary digital life.",,,170,USD,20400
Smartphone,Realme,C55 256GB,MediaTek Helio G88,8,,,,0.189,,5000,6.72,,,,8MP,64MP + 2MP,"The Realme C55 256GB seamlessly blends aesthetics with performance, making it a sophisticated companion for daily tasks. It boasts an impressive architecture featuring the MediaTek Helio G88 processor and 8 of memory to comfortably manage multitasking without bottlenecks. Visuals are handled by a 6.72-inch display, which guarantees an immersive viewing experience. It integrates an endurance-focused 5000.0 battery and an overall weight of just 0.189kg to maximize mobility without sacrificing runtime. Operating on an efficient OS layer, this configuration positions the Realme C55 256GB as a highly capable daily driver.",,,190,USD,22800
Smartphone,Realme,Note 60x 128GB,MediaTek Dimensity 6100+,6,,,,0.198,,5200,6.6,,,,16MP,50MP + 2MP,"Crafted to meet the demands of modern users, the Realme Note 60x 128GB is a powerful piece of engineering. It boasts an impressive architecture featuring the MediaTek Dimensity 6100+ processor and 6 of memory to comfortably manage multitasking without bottlenecks. The device incorporates a 6.6-inch display, making it fantastic for media consumption and creative work. It integrates a long-lasting 5200.0 battery and an overall weight of just 0.198kg to maximize mobility without sacrificing runtime. Running naturally on a modern operating system, the Realme Note 60x 128GB is an outstanding technological investment.",,,210,USD,25200
Smartphone,Realme,Note 60 128GB,MediaTek Dimensity 810,6,,,,0.196,,5200,6.6,,,,16MP,50MP + 2MP,"The Realme Note 60 128GB seamlessly blends aesthetics with performance, making it a dynamic companion for daily tasks. In terms of hardware, it is powered by the MediaTek Dimensity 810 processor and 6 of memory, ensuring brisk responsiveness. Its front panel is dominated by a 6.6-inch display, providing vibrant colors and sharp contrasts. It integrates a substantial 5200.0 cell and an overall weight of just 0.196kg to maximize mobility without sacrificing runtime. Ultimately, with its native software at the helm, the Realme Note 60 128GB easily satisfies the rigorous demands of contemporary digital life.",,,220,USD,26400
Smartphone,Realme,Note 60 256GB,MediaTek Dimensity 810,8,,,,0.196,,5200,6.6,,,,16MP,50MP + 2MP,"Presenting the Realme Note 60 256GB: a versatile device built for uncompromised productivity and entertainment. System operations are driven by the MediaTek Dimensity 810 processor and 8 of memory, providing the necessary bandwidth for intensive applications. Users will appreciate the visual fidelity offered by a 6.6-inch display, perfect for streaming and reading. It integrates a substantial 5200.0 cell and a surprisingly light 0.196kg frame to maximize mobility without sacrificing runtime. Ultimately, with its native software at the helm, the Realme Note 60 256GB easily satisfies the rigorous demands of contemporary digital life.",,,240,USD,28800
Smartphone,Realme,Note 50 128GB,MediaTek Helio G99,6,,,,,,5000,6.5,,,,16MP,50MP + 2MP,"The Realme Note 50 128GB emerges as a feature-rich solution designed to elevate your digital experience. The core of its performance lies in the MediaTek Helio G99 processor and 6 of memory, allowing users to navigate demanding workflows seamlessly. Its front panel is dominated by a 6.5-inch display, providing vibrant colors and sharp contrasts. For users constantly on the move, it features an endurance-focused 5000.0 battery. Coupled with the intuitive pre-installed environment, the Realme Note 50 128GB hits all the right notes for its category.",,,170,USD,20400
Smartphone,Realme,GT 7 128GB,Qualcomm Snapdragon 8 Gen 2,8,,,,0.199,,5200,6.8,,,,16MP,50MP + 8MP + 2MP,"For those seeking reliable technology, the Realme GT 7 128GB stands out as a premium and dependable choice. In terms of hardware, it is powered by the Qualcomm Snapdragon 8 Gen 2 processor and 8 of memory, ensuring brisk responsiveness. The device incorporates a 6.8-inch display, making it fantastic for media consumption and creative work. For users constantly on the move, it features a long-lasting 5200.0 battery and an overall weight of just 0.199kg. Running naturally on a modern operating system, the Realme GT 7 128GB is an outstanding technological investment.",,,440,USD,52800
Smartphone,Realme,GT 7 256GB,Qualcomm Snapdragon 8 Gen 2,12,,,,0.199,,5200,6.8,,,,16MP,50MP + 8MP + 2MP,"For those seeking reliable technology, the Realme GT 7 256GB stands out as a highly capable and dependable choice. The core of its performance lies in the Qualcomm Snapdragon 8 Gen 2 processor and 12 of memory, allowing users to navigate demanding workflows seamlessly. The device incorporates a 6.8-inch display, making it fantastic for media consumption and creative work. Physical endurance is addressed by a substantial 5200.0 cell and an overall weight of just 0.199kg, keeping you productive on the go. Operating on an efficient OS layer, this configuration positions the Realme GT 7 256GB as a highly capable daily driver.",,,500,USD,60000
Smartphone,Realme,Neo 7 128GB,MediaTek Dimensity 8200,8,,,,0.193,,5000,6.7,,,,16MP,64MP + 8MP + 2MP,"Presenting the Realme Neo 7 128GB: a sophisticated device built for uncompromised productivity and entertainment. Furthermore, it is powered by the MediaTek Dimensity 8200 processor and 8 of memory, ensuring brisk responsiveness. Users will appreciate the visual fidelity offered by a 6.7-inch display, perfect for streaming and reading. It integrates an endurance-focused 5000.0 battery and a portable chassis weighing 0.193kg to maximize mobility without sacrificing runtime. Operating on an efficient OS layer, this configuration positions the Realme Neo 7 128GB as a highly capable daily driver.",,,330,USD,39600
Smartphone,Realme,Neo 7 256GB,MediaTek Dimensity 8200,12,,,,0.193,,5000,6.7,,,,16MP,64MP + 8MP + 2MP,"Presenting the Realme Neo 7 256GB: a versatile device built for uncompromised productivity and entertainment. System operations are equipped with the MediaTek Dimensity 8200 processor and 12 of memory, providing the necessary bandwidth for intensive applications. Visuals are handled by a 6.7-inch display, which guarantees an immersive viewing experience. Physical endurance is addressed by an endurance-focused 5000.0 battery and a surprisingly light 0.193kg frame, keeping you productive on the go. Running naturally on a modern operating system, the Realme Neo 7 256GB is an outstanding technological investment.",,,380,USD,45600
Smartphone,Realme,P2 Pro 5G 128GB,MediaTek Dimensity 9200,8,,,,,,5100,6.7,,,,16MP,50MP + 8MP,"For those seeking reliable technology, the Realme P2 Pro 5G 128GB stands out as a versatile and dependable choice. System operations are equipped with the MediaTek Dimensity 9200 processor and 8 of memory, providing the necessary bandwidth for intensive applications. Users will appreciate the visual fidelity offered by a 6.7-inch display, perfect for streaming and reading. Physical endurance is addressed by a substantial 5100.0 cell, keeping you productive on the go. Operating on an efficient OS layer, this configuration positions the Realme P2 Pro 5G 128GB as a highly capable daily driver.",,,350,USD,42000
Smartphone,Realme,P2 Pro 5G 256GB,MediaTek Dimensity 9200,12,,,,,,5100,6.7,,,,16MP,50MP + 8MP,"The Realme P2 Pro 5G 256GB emerges as a versatile solution designed to elevate your digital experience. System operations are fueled by the MediaTek Dimensity 9200 processor and 12 of memory, providing the necessary bandwidth for intensive applications. The device incorporates a 6.7-inch display, making it fantastic for media consumption and creative work. Physical endurance is addressed by an endurance-focused 5100.0 battery, keeping you productive on the go. Ultimately, with its native software at the helm, the Realme P2 Pro 5G 256GB easily satisfies the rigorous demands of contemporary digital life.",,,400,USD,48000
Smartphone,Realme,Pad 64GB,MediaTek Helio G80,4,,,,0.44,,7100,,,,,8MP,8MP,"The Realme Pad 64GB emerges as a versatile solution designed to elevate your digital experience. It boasts an impressive architecture featuring the MediaTek Helio G80 processor and 4 of memory to comfortably manage multitasking without bottlenecks. Physical endurance is addressed by an endurance-focused 7100.0 battery and a portable chassis weighing 0.44kg, keeping you productive on the go. Coupled with the intuitive pre-installed environment, the Realme Pad 64GB hits all the right notes for its category.",,,200,USD,24000
Smartphone,Realme,Pad 128GB,MediaTek Helio G80,6,,,,0.44,,7100,,,,,8MP,8MP,"The Realme Pad 128GB seamlessly blends aesthetics with performance, making it a sophisticated companion for daily tasks. Additionally, it is equipped with the MediaTek Helio G80 processor and 6 of memory, ensuring brisk responsiveness. It integrates a long-lasting 7100.0 battery and a surprisingly light 0.44kg frame to maximize mobility without sacrificing runtime. Operating on an efficient OS layer, this configuration positions the Realme Pad 128GB as a highly capable daily driver.",,,230,USD,27600
Smartphone,Realme,Pad 2 128GB,MediaTek Helio G99,6,,,,0.482,,8360,,,,,8MP,8MP,"For those seeking reliable technology, the Realme Pad 2 128GB stands out as a reliable and dependable choice. System operations are driven by the MediaTek Helio G99 processor and 6 of memory, providing the necessary bandwidth for intensive applications. Practicality is further enhanced by a substantial 8360.0 cell and an overall weight of just 0.482kg, offering an excellent balance of longevity and comfort. Running naturally on a modern operating system, the Realme Pad 2 128GB is an outstanding technological investment.",,,280,USD,33600
Smartphone,Realme,Pad 2 256GB,MediaTek Helio G99,8,,,,0.482,,8360,,,,,8MP,8MP,"The Realme Pad 2 256GB emerges as a sophisticated solution designed to elevate your digital experience. It boasts an impressive architecture featuring the MediaTek Helio G99 processor and 8 of memory to comfortably manage multitasking without bottlenecks. Physical endurance is addressed by a substantial 8360.0 cell and an overall weight of just 0.482kg, keeping you productive on the go. Ultimately, with its native software at the helm, the Realme Pad 2 256GB easily satisfies the rigorous demands of contemporary digital life.",,,320,USD,38400
Smartphone,Realme,Pad 2 Lite 64GB,MediaTek Helio G85,4,,,,0.466,,7100,,,,,8MP,8MP,"Crafted to meet the demands of modern users, the Realme Pad 2 Lite 64GB is a premium piece of engineering. In terms of hardware, it is equipped with the MediaTek Helio G85 processor and 4 of memory, ensuring brisk responsiveness. Practicality is further enhanced by an endurance-focused 7100.0 battery and a portable chassis weighing 0.466kg, offering an excellent balance of longevity and comfort. Operating on an efficient OS layer, this configuration positions the Realme Pad 2 Lite 64GB as a highly capable daily driver.",,,190,USD,22800
Smartphone,Realme,Pad 2 Lite 128GB,MediaTek Helio G85,6,,,,0.466,,7100,,,,,8MP,8MP,"For those seeking reliable technology, the Realme Pad 2 Lite 128GB stands out as a premium and dependable choice. Furthermore, it is engineered around the MediaTek Helio G85 processor and 6 of memory, ensuring brisk responsiveness. It integrates a substantial 7100.0 cell and a portable chassis weighing 0.466kg to maximize mobility without sacrificing runtime. Operating on an efficient OS layer, this configuration positions the Realme Pad 2 Lite 128GB as a highly capable daily driver.",,,210,USD,25200
Smartphone,Realme,Pad X 64GB,Qualcomm Snapdragon 695,4,,,,0.499,,8340,,,,,8MP,13MP,"The Realme Pad X 64GB emerges as a premium solution designed to elevate your digital experience. System operations are driven by the Qualcomm Snapdragon 695 processor and 4 of memory, providing the necessary bandwidth for intensive applications. For users constantly on the move, it features a substantial 8340.0 cell and an overall weight of just 0.499kg. Running naturally on a modern operating system, the Realme Pad X 64GB is an outstanding technological investment.",,,310,USD,37200
Smartphone,Realme,Pad X 128GB,Qualcomm Snapdragon 695,6,,,,0.499,,8340,,,,,8MP,13MP,"The Realme Pad X 128GB seamlessly blends aesthetics with performance, making it a reliable companion for daily tasks. It boasts an impressive architecture featuring the Qualcomm Snapdragon 695 processor and 6 of memory to comfortably manage multitasking without bottlenecks. For users constantly on the move, it features an endurance-focused 8340.0 battery and an overall weight of just 0.499kg. Ultimately, with its native software at the helm, the Realme Pad X 128GB easily satisfies the rigorous demands of contemporary digital life.",,,350,USD,42000
Smartphone,Realme,Pad Mini 32GB,Unisoc T616,3,,,,0.372,,6400,8.7,,,,5MP,8MP,"For those seeking reliable technology, the Realme Pad Mini 32GB stands out as a dynamic and dependable choice. System operations are powered by the Unisoc T616 processor and 3 of memory, providing the necessary bandwidth for intensive applications. Visuals are rendered on a 8.7-inch display, which guarantees an immersive viewing experience. It integrates an endurance-focused 6400.0 battery and a surprisingly light 0.372kg frame to maximize mobility without sacrificing runtime. Running naturally on a modern operating system, the Realme Pad Mini 32GB is an outstanding technological investment.",,,160,USD,19200
Smartphone,Realme,Pad Mini 64GB,Unisoc T616,4,,,,0.372,,6400,8.7,,,,5MP,8MP,"Crafted to meet the demands of modern users, the Realme Pad Mini 64GB is a modern piece of engineering. System operations are equipped with the Unisoc T616 processor and 4 of memory, providing the necessary bandwidth for intensive applications. Users will appreciate the visual fidelity offered by a 8.7-inch display, perfect for streaming and reading. Physical endurance is addressed by a long-lasting 6400.0 battery and a portable chassis weighing 0.372kg, keeping you productive on the go. Running naturally on a modern operating system, the Realme Pad Mini 64GB is an outstanding technological investment.",,,180,USD,21600
Smartphone,Realme,Pad Slim 64GB,MediaTek Helio G80,4,,,,0.44,,7100,,,,,8MP,8MP,"The Realme Pad Slim 64GB seamlessly blends aesthetics with performance, making it a modern companion for daily tasks. System operations are fueled by the MediaTek Helio G80 processor and 4 of memory, providing the necessary bandwidth for intensive applications. Practicality is further enhanced by a long-lasting 7100.0 battery and a surprisingly light 0.44kg frame, offering an excellent balance of longevity and comfort. Running naturally on a modern operating system, the Realme Pad Slim 64GB is an outstanding technological investment.",,,200,USD,24000
Smartphone,Realme,Pad Slim 128GB,MediaTek Helio G80,6,,,,0.44,,7100,,,,,8MP,8MP,"For those seeking reliable technology, the Realme Pad Slim 128GB stands out as a dynamic and dependable choice. In terms of hardware, it is driven by the MediaTek Helio G80 processor and 6 of memory, ensuring brisk responsiveness. For users constantly on the move, it features an endurance-focused 7100.0 battery and a surprisingly light 0.44kg frame. Running naturally on a modern operating system, the Realme Pad Slim 128GB is an outstanding technological investment.",,,220,USD,26400
Smartphone,Realme,TechLife Pad Neo 64GB,MediaTek Helio G85,4,,,,,,7200,,,,,8MP,8MP,"The Realme TechLife Pad Neo 64GB emerges as a versatile solution designed to elevate your digital experience. Under the hood, it is fueled by the MediaTek Helio G85 processor and 4 of memory, ensuring brisk responsiveness. It integrates a long-lasting 7200.0 battery to maximize mobility without sacrificing runtime. Coupled with the intuitive pre-installed environment, the Realme TechLife Pad Neo 64GB hits all the right notes for its category.",,,210,USD,25200
Smartphone,Realme,TechLife Pad Neo 128GB,MediaTek Helio G85,6,,,,,,7200,,,,,8MP,8MP,"The Realme TechLife Pad Neo 128GB seamlessly blends aesthetics with performance, making it a powerful companion for daily tasks. Under the hood, it is driven by the MediaTek Helio G85 processor and 6 of memory, ensuring brisk responsiveness. It integrates a substantial 7200.0 cell to maximize mobility without sacrificing runtime. Coupled with the intuitive pre-installed environment, the Realme TechLife Pad Neo 128GB hits all the right notes for its category.",,,230,USD,27600
Smartphone,Xiaomi,Xiaomi 15 Pro 256GB,Snapdragon 8 Elite,12,,,,0.21,,6100,6.73,,,,32MP,50MP (Main) + 50MP (Ultra-wide) + 50MP (Telephoto),"For those seeking reliable technology, the Xiaomi Xiaomi 15 Pro 256GB stands out as a sophisticated and dependable choice. The core of its performance lies in the Snapdragon 8 Elite processor and 12 of memory, allowing users to navigate demanding workflows seamlessly. Visuals are handled by a 6.73-inch display, which guarantees an immersive viewing experience. Physical endurance is addressed by a substantial 6100.0 cell and a surprisingly light 0.21kg frame, keeping you productive on the go. Ultimately, with its native software at the helm, the Xiaomi Xiaomi 15 Pro 256GB easily satisfies the rigorous demands of contemporary digital life.",,,799,USD,95880
Smartphone,Xiaomi,Xiaomi 15 Pro 512GB,Snapdragon 8 Elite,16,256,,,0.21,,6100,6.73,2670x1200,120,50,32MP,50MP (Main) + 50MP (Ultra-wide) + 50MP (Telephoto),"For those seeking reliable technology, the Xiaomi Xiaomi 15 Pro 512GB stands out as a sophisticated and dependable choice. It boasts an impressive architecture featuring the Snapdragon 8 Elite processor, 16 of memory and a spacious 256.0 of internal storage to comfortably manage multitasking without bottlenecks. Its front panel is dominated by a 6.73-inch display featuring a crisp 2670x1200 resolution featuring an ultra-smooth 120.0 refresh rate, providing vibrant colors and sharp contrasts. Practicality is further enhanced by a long-lasting 6100.0 battery and an overall weight of just 0.21kg, offering an excellent balance of longevity and comfort. Coupled with the intuitive pre-installed environment, the Xiaomi Xiaomi 15 Pro 512GB hits all the right notes for its category.",,https://www.mi.com/global/product/xiaomi-15/specs/; https://www.techspecs.info/xiaomi-15-pro/,899,USD,107880
Smartphone,Xiaomi,Xiaomi 15 Pro 1TB,Snapdragon 8 Elite,16,256,,,0.21,,6100,6.73,2670x1200,120,50,32MP,50MP (Main) + 50MP (Ultra-wide) + 50MP (Telephoto),"Crafted to meet the demands of modern users, the Xiaomi Xiaomi 15 Pro 1TB is a premium piece of engineering. The core of its performance lies in the Snapdragon 8 Elite processor, 16 of memory and a spacious 256.0 of internal storage, allowing users to navigate demanding workflows seamlessly. The device incorporates a 6.73-inch display featuring a crisp 2670x1200 resolution featuring an ultra-smooth 120.0 refresh rate, making it fantastic for media consumption and creative work. Practicality is further enhanced by a substantial 6100.0 cell and an overall weight of just 0.21kg, offering an excellent balance of longevity and comfort. Coupled with the intuitive pre-installed environment, the Xiaomi Xiaomi 15 Pro 1TB hits all the right notes for its category.",,https://www.mi.com/global/product/xiaomi-15/specs/; https://www.techspecs.info/xiaomi-15-pro/,999,USD,119880
Smartphone,Xiaomi,Xiaomi 15 256GB,Snapdragon 8 Elite,12,256,,,0.19,,5400,6.36,2670x1200,120,50,32MP,50MP (Main) + 50MP (Ultra-wide),"The Xiaomi Xiaomi 15 256GB emerges as a feature-rich solution designed to elevate your digital experience. Furthermore, it is engineered around the Snapdragon 8 Elite processor, 12 of memory and a spacious 256.0 of internal storage, ensuring brisk responsiveness. Visuals are presented via a 6.36-inch display featuring a crisp 2670x1200 resolution featuring an ultra-smooth 120.0 refresh rate, which guarantees an immersive viewing experience. For users constantly on the move, it features an endurance-focused 5400.0 battery and a surprisingly light 0.19kg frame. Running naturally on a modern operating system, the Xiaomi Xiaomi 15 256GB is an outstanding technological investment.",,https://www.mi.com/global/product/xiaomi-15/specs/; https://www.techspecs.info/xiaomi-15/,699,USD,83880
Smartphone,Xiaomi,Xiaomi 15 512GB,Snapdragon 8 Elite,16,256,,,0.19,,5400,6.36,2670x1200,120,50,32MP,50MP (Main) + 50MP (Ultra-wide),"Crafted to meet the demands of modern users, the Xiaomi Xiaomi 15 512GB is a dynamic piece of engineering. System operations are equipped with the Snapdragon 8 Elite processor, 16 of memory and a spacious 256.0 of internal storage, providing the necessary bandwidth for intensive applications. Users will appreciate the visual fidelity offered by a 6.36-inch display featuring a crisp 2670x1200 resolution featuring an ultra-smooth 120.0 refresh rate, perfect for streaming and reading. Physical endurance is addressed by an endurance-focused 5400.0 battery and an overall weight of just 0.19kg, keeping you productive on the go. Coupled with the intuitive pre-installed environment, the Xiaomi Xiaomi 15 512GB hits all the right notes for its category.",,https://www.mi.com/global/product/xiaomi-15/specs/; https://www.techspecs.info/xiaomi-15/,799,USD,95880
Smartphone,Xiaomi,Xiaomi 14T Pro 256GB,Dimensity 9300+,12,256,,,0.209,,5000,6.67,2712x1220,144,50,32MP,50MP (Main) + 50MP (Ultra-wide) + 50MP (Telephoto),"Crafted to meet the demands of modern users, the Xiaomi Xiaomi 14T Pro 256GB is a sophisticated piece of engineering. The core of its performance lies in the Dimensity 9300+ processor, 12 of memory and a spacious 256.0 of internal storage, allowing users to navigate demanding workflows seamlessly. Visuals are handled by a 6.67-inch display featuring a crisp 2712x1220 resolution featuring an ultra-smooth 144.0 refresh rate, which guarantees an immersive viewing experience. Physical endurance is addressed by an endurance-focused 5000.0 battery and an overall weight of just 0.209kg, keeping you productive on the go. Ultimately, with its native software at the helm, the Xiaomi Xiaomi 14T Pro 256GB easily satisfies the rigorous demands of contemporary digital life.",,https://www.mi.com/global/product/xiaomi-14t-pro/specs/; https://comparetab.com/mobiles/Xiaomi-14T-Pro,634.99,USD,76198.8
Smartphone,Xiaomi,Xiaomi 14T Pro 512GB,Dimensity 9300+,12,,,,0.209,,5000,6.67,2712x1220,144,50,32MP,50MP (Main) + 50MP (Ultra-wide) + 50MP (Telephoto),"Crafted to meet the demands of modern users, the Xiaomi Xiaomi 14T Pro 512GB is a modern piece of engineering. It boasts an impressive architecture featuring the Dimensity 9300+ processor and 12 of memory to comfortably manage multitasking without bottlenecks. The device incorporates a 6.67-inch display featuring a crisp 2712x1220 resolution featuring an ultra-smooth 144.0 refresh rate, making it fantastic for media consumption and creative work. For users constantly on the move, it features an endurance-focused 5000.0 battery and a surprisingly light 0.209kg frame. Operating on an efficient OS layer, this configuration positions the Xiaomi Xiaomi 14T Pro 512GB as a highly capable daily driver.",,https://www.mi.com/global/product/xiaomi-14t-pro/specs/,790.77,USD,94892.4
Smartphone,Xiaomi,Xiaomi 14T Pro 1TB,Dimensity 9300+,12,,,,0.209,,5000,6.67,2712x1220,144,50,32MP,50MP (Main) + 50MP (Ultra-wide) + 50MP (Telephoto),"Presenting the Xiaomi Xiaomi 14T Pro 1TB: a dynamic device built for uncompromised productivity and entertainment. The core of its performance lies in the Dimensity 9300+ processor and 12 of memory, allowing users to navigate demanding workflows seamlessly. Visuals are showcased on a 6.67-inch display featuring a crisp 2712x1220 resolution featuring an ultra-smooth 144.0 refresh rate, which guarantees an immersive viewing experience. Physical endurance is addressed by a long-lasting 5000.0 battery and a portable chassis weighing 0.209kg, keeping you productive on the go. Coupled with the intuitive pre-installed environment, the Xiaomi Xiaomi 14T Pro 1TB hits all the right notes for its category.",,https://www.mi.com/global/product/xiaomi-14t-pro/specs/,899,USD,107880
Smartphone,Xiaomi,Xiaomi 14T 256GB,Dimensity 8300-Ultra,12,,,,,,5000,6.67,2712x1220,144,67,32MP,50MP (Main) + 50MP (Ultra-wide),"The Xiaomi Xiaomi 14T 256GB emerges as a versatile solution designed to elevate your digital experience. It boasts an impressive architecture featuring the Dimensity 8300-Ultra processor and 12 of memory to comfortably manage multitasking without bottlenecks. Users will appreciate the visual fidelity offered by a 6.67-inch display featuring a crisp 2712x1220 resolution featuring an ultra-smooth 144.0 refresh rate, perfect for streaming and reading. Physical endurance is addressed by a long-lasting 5000.0 battery, keeping you productive on the go. Ultimately, with its native software at the helm, the Xiaomi Xiaomi 14T 256GB easily satisfies the rigorous demands of contemporary digital life.",,https://www.mi.com/global/product/xiaomi-14t/specs/; https://xiaomiadvices.com/phones/xiaomi-14t-pida3e3ef8b/,599,USD,71880
Smartphone,Xiaomi,Xiaomi 14T 512GB,Dimensity 8300-Ultra,12,,,,,,5000,6.67,2712x1220,144,67,32MP,50MP (Main) + 50MP (Ultra-wide),"The Xiaomi Xiaomi 14T 512GB emerges as a sophisticated solution designed to elevate your digital experience. Additionally, it is driven by the Dimensity 8300-Ultra processor and 12 of memory, ensuring brisk responsiveness. Users will appreciate the visual fidelity offered by a 6.67-inch display featuring a crisp 2712x1220 resolution featuring an ultra-smooth 144.0 refresh rate, perfect for streaming and reading. Practicality is further enhanced by a long-lasting 5000.0 battery, offering an excellent balance of longevity and comfort. Coupled with the intuitive pre-installed environment, the Xiaomi Xiaomi 14T 512GB hits all the right notes for its category.",,https://www.mi.com/global/product/xiaomi-14t/specs/; https://phonespecs.net/specs/xiaomi_14t-13329.html,699,USD,83880
Smartphone,Xiaomi,Xiaomi 14 Pro 256GB,Snapdragon 8 Gen 3,12,,,,0.206,,5000,6.73,1440x3200,120,50,32MP,50MP (Main) + 50MP (Ultra-wide) + 50MP (Telephoto),"For those seeking reliable technology, the Xiaomi Xiaomi 14 Pro 256GB stands out as a feature-rich and dependable choice. It boasts an impressive architecture featuring the Snapdragon 8 Gen 3 processor and 12 of memory to comfortably manage multitasking without bottlenecks. Visuals are showcased on a 6.73-inch display featuring a crisp 1440x3200 resolution featuring an ultra-smooth 120.0 refresh rate, which guarantees an immersive viewing experience. For users constantly on the move, it features an endurance-focused 5000.0 battery and an overall weight of just 0.206kg. Operating on an efficient OS layer, this configuration positions the Xiaomi Xiaomi 14 Pro 256GB as a highly capable daily driver.",,https://www.mi.com/global/product/xiaomi-14/; https://phonesdata.com/en/smartphones/xiaomi/14-pro-5464989/,799,USD,95880
Smartphone,Xiaomi,Xiaomi 14 Pro 512GB,Snapdragon 8 Gen 3,12,1024,,,0.206,,5000,6.73,1440x3200,120,50,32MP,50MP (Main) + 50MP (Ultra-wide) + 50MP (Telephoto),"The Xiaomi Xiaomi 14 Pro 512GB emerges as a powerful solution designed to elevate your digital experience. The core of its performance lies in the Snapdragon 8 Gen 3 processor, 12 of memory and a spacious 1024.0 of internal storage, allowing users to navigate demanding workflows seamlessly. Visuals are showcased on a 6.73-inch display featuring a crisp 1440x3200 resolution featuring an ultra-smooth 120.0 refresh rate, which guarantees an immersive viewing experience. For users constantly on the move, it features a long-lasting 5000.0 battery and a surprisingly light 0.206kg frame. Coupled with the intuitive pre-installed environment, the Xiaomi Xiaomi 14 Pro 512GB hits all the right notes for its category.",,https://www.mi.com/global/product/xiaomi-14/; https://xiaomiui.net/smartphones/xiaomi-14-pro/; https://www.gizmochina.com/product/xiaomi-14-pro/,899,USD,107880
Smartphone,Xiaomi,Xiaomi 14 256GB,Snapdragon 8 Gen 3,12,,,,0.189,,4610,6.36,2670x1200,120,50,32MP,50MP (Main) + 50MP (Ultra-wide),"The Xiaomi Xiaomi 14 256GB seamlessly blends aesthetics with performance, making it a dynamic companion for daily tasks. The core of its performance lies in the Snapdragon 8 Gen 3 processor and 12 of memory, allowing users to navigate demanding workflows seamlessly. Its front panel is dominated by a 6.36-inch display featuring a crisp 2670x1200 resolution featuring an ultra-smooth 120.0 refresh rate, providing vibrant colors and sharp contrasts. Physical endurance is addressed by an endurance-focused 4610.0 battery and a portable chassis weighing 0.189kg, keeping you productive on the go. Operating on an efficient OS layer, this configuration positions the Xiaomi Xiaomi 14 256GB as a highly capable daily driver.",,https://www.mi.com/global/product/xiaomi-14/; https://www.mi.com/global/product/xiaomi-14/specs/,699,USD,83880
Smartphone,Xiaomi,Xiaomi 14 512GB,Snapdragon 8 Gen 3,12,,,,0.189,,4610,6.36,2670x1200,120,50,32MP,50MP (Main) + 50MP (Ultra-wide),"For those seeking reliable technology, the Xiaomi Xiaomi 14 512GB stands out as a premium and dependable choice. The core of its performance lies in the Snapdragon 8 Gen 3 processor and 12 of memory, allowing users to navigate demanding workflows seamlessly. The device incorporates a 6.36-inch display featuring a crisp 2670x1200 resolution featuring an ultra-smooth 120.0 refresh rate, making it fantastic for media consumption and creative work. Practicality is further enhanced by a substantial 4610.0 cell and a surprisingly light 0.189kg frame, offering an excellent balance of longevity and comfort. Operating on an efficient OS layer, this configuration positions the Xiaomi Xiaomi 14 512GB as a highly capable daily driver.",,https://www.mi.com/global/product/xiaomi-14/; https://www.mi.com/global/product/xiaomi-14/specs/,799,USD,95880
Smartphone,Xiaomi,Redmi Note 14 Pro+ 5G 128GB,Snapdragon 7s Gen 3,8,12,,,,,5110,6.67,1220x2712,120,120,16MP,200MP (Main) + 8MP (Ultra-wide) + 2MP (Macro),"For those seeking reliable technology, the Xiaomi Redmi Note 14 Pro+ 5G 128GB stands out as a reliable and dependable choice. The core of its performance lies in the Snapdragon 7s Gen 3 processor, 8 of memory and a spacious 12.0 of internal storage, allowing users to navigate demanding workflows seamlessly. Its front panel is dominated by a 6.67-inch display featuring a crisp 1220x2712 resolution featuring an ultra-smooth 120.0 refresh rate, providing vibrant colors and sharp contrasts. For users constantly on the move, it features an endurance-focused 5110.0 battery. Ultimately, with its native software at the helm, the Xiaomi Redmi Note 14 Pro+ 5G 128GB easily satisfies the rigorous demands of contemporary digital life.",,https://phonesdata.com/en/smartphones/xiaomi/redmi-note-14-pro-5g-5465089/; https://www.mobiledokan.co/product/xiaomi-redmi-note-14-pro-5g/,374.9,USD,44988
Smartphone,Xiaomi,Redmi Note 14 Pro+ 5G 256GB,Snapdragon 7s Gen 3,12,,,,,,5110,6.67,1220x2712,120,120,16MP,200MP (Main) + 8MP (Ultra-wide) + 2MP (Macro),"The Xiaomi Redmi Note 14 Pro+ 5G 256GB emerges as a reliable solution designed to elevate your digital experience. It boasts an impressive architecture featuring the Snapdragon 7s Gen 3 processor and 12 of memory to comfortably manage multitasking without bottlenecks. Visuals are presented via a 6.67-inch display featuring a crisp 1220x2712 resolution featuring an ultra-smooth 120.0 refresh rate, which guarantees an immersive viewing experience. It integrates a long-lasting 5110.0 battery to maximize mobility without sacrificing runtime. Running naturally on a modern operating system, the Xiaomi Redmi Note 14 Pro+ 5G 256GB is an outstanding technological investment.",,https://phonesdata.com/en/smartphones/xiaomi/redmi-note-14-pro-5g-5465089/,399,USD,47880
Smartphone,Xiaomi,Redmi Note 14 Pro+ 5G 512GB,Snapdragon 7s Gen 3,16,12,,,,,5110,6.67,1220x2712,120,120,16MP,200MP (Main) + 8MP (Ultra-wide) + 2MP (Macro),"The Xiaomi Redmi Note 14 Pro+ 5G 512GB emerges as a powerful solution designed to elevate your digital experience. It boasts an impressive architecture featuring the Snapdragon 7s Gen 3 processor, 16 of memory and a spacious 12.0 of internal storage to comfortably manage multitasking without bottlenecks. Visuals are handled by a 6.67-inch display featuring a crisp 1220x2712 resolution featuring an ultra-smooth 120.0 refresh rate, which guarantees an immersive viewing experience. Practicality is further enhanced by a long-lasting 5110.0 battery, offering an excellent balance of longevity and comfort. Coupled with the intuitive pre-installed environment, the Xiaomi Redmi Note 14 Pro+ 5G 512GB hits all the right notes for its category.",,https://phonesdata.com/en/smartphones/xiaomi/redmi-note-14-pro-5g-5465089/; https://www.mobiledokan.co/product/xiaomi-redmi-note-14-pro-5g/,429,USD,51480
Smartphone,Xiaomi,Redmi Note 14 Pro 5G 128GB,MediaTek Dimensity 7300-Ultra,8,128,,,,,5500,6.67,1220x2712,120,45,16MP,108MP (Main) + 8MP (Ultra-wide) + 2MP (Macro),"Crafted to meet the demands of modern users, the Xiaomi Redmi Note 14 Pro 5G 128GB is a feature-rich piece of engineering. The core of its performance lies in the MediaTek Dimensity 7300-Ultra processor, 8 of memory and a spacious 128.0 of internal storage, allowing users to navigate demanding workflows seamlessly. Visuals are presented via a 6.67-inch display featuring a crisp 1220x2712 resolution featuring an ultra-smooth 120.0 refresh rate, which guarantees an immersive viewing experience. Practicality is further enhanced by a long-lasting 5500.0 battery, offering an excellent balance of longevity and comfort. Coupled with the intuitive pre-installed environment, the Xiaomi Redmi Note 14 Pro 5G 128GB hits all the right notes for its category.",,https://www.techspecs.info/xiaomi-redmi-note-14-pro-5g/,349,USD,41880
Smartphone,Xiaomi,Redmi Note 14 Pro 5G 256GB,MediaTek Dimensity 7300-Ultra,12,,,,,,5500,6.67,1220x2712,120,45,16MP,108MP (Main) + 8MP (Ultra-wide) + 2MP (Macro),"Crafted to meet the demands of modern users, the Xiaomi Redmi Note 14 Pro 5G 256GB is a sophisticated piece of engineering. It boasts an impressive architecture featuring the MediaTek Dimensity 7300-Ultra processor and 12 of memory to comfortably manage multitasking without bottlenecks. The device incorporates a 6.67-inch display featuring a crisp 1220x2712 resolution featuring an ultra-smooth 120.0 refresh rate, making it fantastic for media consumption and creative work. Practicality is further enhanced by a long-lasting 5500.0 battery, offering an excellent balance of longevity and comfort. Ultimately, with its native software at the helm, the Xiaomi Redmi Note 14 Pro 5G 256GB easily satisfies the rigorous demands of contemporary digital life.",,https://phonesdata.com/en/smartphones/xiaomi/redmi-note-14-pro-5g-5465326/,379,USD,45480
Smartphone,Xiaomi,Redmi Note 14 Pro 4G 128GB,Qualcomm Snapdragon 732G,6,,,,0.19,,5000,6.67,1080x2400,120,45,16MP,108MP (Main) + 8MP (Ultra-wide) + 2MP (Macro),"Presenting the Xiaomi Redmi Note 14 Pro 4G 128GB: a dynamic device built for uncompromised productivity and entertainment. System operations are driven by the Qualcomm Snapdragon 732G processor and 6 of memory, providing the necessary bandwidth for intensive applications. Users will appreciate the visual fidelity offered by a 6.67-inch display featuring a crisp 1080x2400 resolution featuring an ultra-smooth 120.0 refresh rate, perfect for streaming and reading. For users constantly on the move, it features an endurance-focused 5000.0 battery and a surprisingly light 0.19kg frame. Running naturally on a modern operating system, the Xiaomi Redmi Note 14 Pro 4G 128GB is an outstanding technological investment.",,https://phonesdata.com/en/smartphones/xiaomi/redmi-note-14-pro-4g-5465093/,299,USD,35880
Smartphone,Xiaomi,Redmi Note 14 Pro 4G 256GB,Qualcomm Snapdragon 732G,8,512,,,0.19,,5000,6.67,2400x1080,120,45,16MP,108MP (Main) + 8MP (Ultra-wide) + 2MP (Macro),"For those seeking reliable technology, the Xiaomi Redmi Note 14 Pro 4G 256GB stands out as a versatile and dependable choice. The core of its performance lies in the Qualcomm Snapdragon 732G processor, 8 of memory and a spacious 512.0 of internal storage, allowing users to navigate demanding workflows seamlessly. The device incorporates a 6.67-inch display featuring a crisp 2400x1080 resolution featuring an ultra-smooth 120.0 refresh rate, making it fantastic for media consumption and creative work. Practicality is further enhanced by an endurance-focused 5000.0 battery and an overall weight of just 0.19kg, offering an excellent balance of longevity and comfort. Running naturally on a modern operating system, the Xiaomi Redmi Note 14 Pro 4G 256GB is an outstanding technological investment.",,https://www.androidupdatetracker.com/specs/xiaomi-redmi-note-14-pro-4g; https://xiaomiadvices.com/phones/xiaomi-redmi-note-14-pro-4g-pida3e2zb5s/; https://www.mobiledokan.co/product/xiaomi-redmi-note-14-pro-4g/,329,USD,39480
Smartphone,Xiaomi,Redmi Note 14 5G 128GB,MediaTek Dimensity 7025-Ultra,6,,,,,,5000,6.67,1080x2400,120,45,16MP,50MP (Main) + 8MP (Ultra-wide) + 2MP (Macro),"Crafted to meet the demands of modern users, the Xiaomi Redmi Note 14 5G 128GB is a sophisticated piece of engineering. System operations are fueled by the MediaTek Dimensity 7025-Ultra processor and 6 of memory, providing the necessary bandwidth for intensive applications. Users will appreciate the visual fidelity offered by a 6.67-inch display featuring a crisp 1080x2400 resolution featuring an ultra-smooth 120.0 refresh rate, perfect for streaming and reading. It integrates a long-lasting 5000.0 battery to maximize mobility without sacrificing runtime. Ultimately, with its native software at the helm, the Xiaomi Redmi Note 14 5G 128GB easily satisfies the rigorous demands of contemporary digital life.",,https://phonespecs.net/specs/xiaomi_redmi_note_14_5g_(global)-13615.html,279,USD,33480
Smartphone,Xiaomi,Redmi Note 14 5G 256GB,MediaTek Dimensity 7025-Ultra,8,,,,,,5000,6.67,1080x2400,120,45,16MP,50MP (Main) + 8MP (Ultra-wide) + 2MP (Macro),"For those seeking reliable technology, the Xiaomi Redmi Note 14 5G 256GB stands out as a dynamic and dependable choice. System operations are engineered around the MediaTek Dimensity 7025-Ultra processor and 8 of memory, providing the necessary bandwidth for intensive applications. Its front panel is dominated by a 6.67-inch display featuring a crisp 1080x2400 resolution featuring an ultra-smooth 120.0 refresh rate, providing vibrant colors and sharp contrasts. For users constantly on the move, it features a long-lasting 5000.0 battery. Coupled with the intuitive pre-installed environment, the Xiaomi Redmi Note 14 5G 256GB hits all the right notes for its category.",,https://xiaomiadvices.com/phones/xiaomi-redmi-note-14-5g-pida3e2zb6d/,309,USD,37080
Smartphone,Xiaomi,Redmi Note 14 4G 128GB,Qualcomm Snapdragon 680,4,128,,,0.18,,5000,6.67,1080x2400,120,33,16MP,50MP (Main) + 8MP (Ultra-wide) + 2MP (Macro),"The Xiaomi Redmi Note 14 4G 128GB emerges as a premium solution designed to elevate your digital experience. The core of its performance lies in the Qualcomm Snapdragon 680 processor, 4 of memory and a spacious 128.0 of internal storage, allowing users to navigate demanding workflows seamlessly. Its front panel is dominated by a 6.67-inch display featuring a crisp 1080x2400 resolution featuring an ultra-smooth 120.0 refresh rate, providing vibrant colors and sharp contrasts. Practicality is further enhanced by an endurance-focused 5000.0 battery and a surprisingly light 0.18kg frame, offering an excellent balance of longevity and comfort. Running naturally on a modern operating system, the Xiaomi Redmi Note 14 4G 128GB is an outstanding technological investment.",,https://phonesdata.com/en/smartphones/xiaomi/redmi-note-14-4g-5465328/; https://www.devicedecode.com/mobiles/xiaomi-redmi-note-14-4g,249,USD,29880
Smartphone,Xiaomi,Redmi Note 14 4G 256GB,Qualcomm Snapdragon 680,6,128,,,0.18,,5000,6.67,1080x2400,120,33,16MP,50MP (Main) + 8MP (Ultra-wide) + 2MP (Macro),"For those seeking reliable technology, the Xiaomi Redmi Note 14 4G 256GB stands out as a feature-rich and dependable choice. It boasts an impressive architecture featuring the Qualcomm Snapdragon 680 processor, 6 of memory and a spacious 128.0 of internal storage to comfortably manage multitasking without bottlenecks. Its front panel is dominated by a 6.67-inch display featuring a crisp 1080x2400 resolution featuring an ultra-smooth 120.0 refresh rate, providing vibrant colors and sharp contrasts. Physical endurance is addressed by an endurance-focused 5000.0 battery and a surprisingly light 0.18kg frame, keeping you productive on the go. Ultimately, with its native software at the helm, the Xiaomi Redmi Note 14 4G 256GB easily satisfies the rigorous demands of contemporary digital life.",,https://phonespecs.net/specs/xiaomi_redmi_note_14_4g_(global)-13616.html; https://www.mobiledokan.com/mobile/xiaomi-redmi-note-14-4g-8gb-256gb,279,USD,33480
Smartphone,Xiaomi,Redmi 14C 5G 64GB,MediaTek Dimensity 700,4,128,,,,,5000,6.5,720x1640,120,18,8MP,50MP (Main) + 2MP (Depth),"The Xiaomi Redmi 14C 5G 64GB emerges as a reliable solution designed to elevate your digital experience. In terms of hardware, it is fueled by the MediaTek Dimensity 700 processor, 4 of memory and a spacious 128.0 of internal storage, ensuring brisk responsiveness. Users will appreciate the visual fidelity offered by a 6.5-inch display featuring a crisp 720x1640 resolution featuring an ultra-smooth 120.0 refresh rate, perfect for streaming and reading. For users constantly on the move, it features a substantial 5000.0 cell. Coupled with the intuitive pre-installed environment, the Xiaomi Redmi 14C 5G 64GB hits all the right notes for its category.",,https://phonespecs.net/specs/xiaomi_redmi_14c_5g-13595.html; https://www.gsmarena.com.bd/xiaomi-redmi-14c-5g/,199,USD,23880
Smartphone,Xiaomi,Redmi 14C 5G 128GB,MediaTek Dimensity 700,6,,,,,,5000,6.5,720x1640,120,18,8MP,50MP (Main) + 2MP (Depth),"The Xiaomi Redmi 14C 5G 128GB seamlessly blends aesthetics with performance, making it a highly capable companion for daily tasks. System operations are driven by the MediaTek Dimensity 700 processor and 6 of memory, providing the necessary bandwidth for intensive applications. Users will appreciate the visual fidelity offered by a 6.5-inch display featuring a crisp 720x1640 resolution featuring an ultra-smooth 120.0 refresh rate, perfect for streaming and reading. It integrates an endurance-focused 5000.0 battery to maximize mobility without sacrificing runtime. Running naturally on a modern operating system, the Xiaomi Redmi 14C 5G 128GB is an outstanding technological investment.",,https://phonespecs.net/specs/xiaomi_redmi_14c_5g-13595.html,229,USD,27480
Smartphone,Lenovo,Legion Y70 128GB,Snapdragon 8+ Gen 1,8,128,,,0.209,,5100,6.67,1080x2400,144,68,16MP,50MP,"The Lenovo Legion Y70 128GB emerges as a powerful solution designed to elevate your digital experience. System operations are equipped with the Snapdragon 8+ Gen 1 processor, 8 of memory and a spacious 128.0 of internal storage, providing the necessary bandwidth for intensive applications. Its front panel is dominated by a 6.67-inch display featuring a crisp 1080x2400 resolution featuring an ultra-smooth 144.0 refresh rate, providing vibrant colors and sharp contrasts. Physical endurance is addressed by a substantial 5100.0 cell and a portable chassis weighing 0.209kg, keeping you productive on the go. Ultimately, with its native software at the helm, the Lenovo Legion Y70 128GB easily satisfies the rigorous demands of contemporary digital life.",,https://www.techspecs.info/lenovo-legion-y70/,499,USD,59880
Smartphone,Lenovo,Legion Y70 256GB,Snapdragon 8+ Gen 1,12,128,,,0.209,,5100,6.67,1080x2400,144,68,16MP,50MP,"The Lenovo Legion Y70 256GB emerges as a reliable solution designed to elevate your digital experience. System operations are engineered around the Snapdragon 8+ Gen 1 processor, 12 of memory and a spacious 128.0 of internal storage, providing the necessary bandwidth for intensive applications. Users will appreciate the visual fidelity offered by a 6.67-inch display featuring a crisp 1080x2400 resolution featuring an ultra-smooth 144.0 refresh rate, perfect for streaming and reading. Physical endurance is addressed by a substantial 5100.0 cell and a portable chassis weighing 0.209kg, keeping you productive on the go. Operating on an efficient OS layer, this configuration positions the Lenovo Legion Y70 256GB as a highly capable daily driver.",,https://www.techspecs.info/lenovo-legion-y70/,549,USD,65880
Smartphone,Lenovo,Legion Y70 512GB,Snapdragon 8+ Gen 1,16,128,,,0.209,,5100,6.67,1080x2400,144,68,16MP,50MP,"Presenting the Lenovo Legion Y70 512GB: a versatile device built for uncompromised productivity and entertainment. System operations are engineered around the Snapdragon 8+ Gen 1 processor, 16 of memory and a spacious 128.0 of internal storage, providing the necessary bandwidth for intensive applications. Users will appreciate the visual fidelity offered by a 6.67-inch display featuring a crisp 1080x2400 resolution featuring an ultra-smooth 144.0 refresh rate, perfect for streaming and reading. Physical endurance is addressed by a substantial 5100.0 cell and an overall weight of just 0.209kg, keeping you productive on the go. Running naturally on a modern operating system, the Lenovo Legion Y70 512GB is an outstanding technological investment.",,https://www.techspecs.info/lenovo-legion-y70/,599,USD,71880
Smartphone,Lenovo,K14 Plus 64GB,Unisoc T700,4,64,,,0.198,,5000,6.5,720x1600,90,10,8MP,48MP,"Crafted to meet the demands of modern users, the Lenovo K14 Plus 64GB is a versatile piece of engineering. It boasts an impressive architecture featuring the Unisoc T700 processor, 4 of memory and a spacious 64.0 of internal storage to comfortably manage multitasking without bottlenecks. Users will appreciate the visual fidelity offered by a 6.5-inch display featuring a crisp 720x1600 resolution featuring an ultra-smooth 90.0 refresh rate, perfect for streaming and reading. Practicality is further enhanced by a substantial 5000.0 cell and an overall weight of just 0.198kg, offering an excellent balance of longevity and comfort. Ultimately, with its native software at the helm, the Lenovo K14 Plus 64GB easily satisfies the rigorous demands of contemporary digital life.",,https://phonespecs.net/specs/lenovo_k14_plus-12008.html; https://www.techspecs.info/lenovo-k14-plus/,199,USD,23880
Smartphone,Lenovo,K14 Plus 128GB,Unisoc T700,6,64,,,0.198,,5000,6.5,720x1600,90,10,8MP,48MP,"Crafted to meet the demands of modern users, the Lenovo K14 Plus 128GB is a powerful piece of engineering. It boasts an impressive architecture featuring the Unisoc T700 processor, 6 of memory and a spacious 64.0 of internal storage to comfortably manage multitasking without bottlenecks. Users will appreciate the visual fidelity offered by a 6.5-inch display featuring a crisp 720x1600 resolution featuring an ultra-smooth 90.0 refresh rate, perfect for streaming and reading. Practicality is further enhanced by an endurance-focused 5000.0 battery and a portable chassis weighing 0.198kg, offering an excellent balance of longevity and comfort. Ultimately, with its native software at the helm, the Lenovo K14 Plus 128GB easily satisfies the rigorous demands of contemporary digital life.",,https://phonespecs.net/specs/lenovo_k14_plus-12008.html; https://www.techspecs.info/lenovo-k14-plus/,229,USD,27480
Smartphone,Lenovo,K13 Pro 128GB,Snapdragon 662,6,64,,,0.2,,5000,6.8,720x1600,90,15,16MP,64MP,"For those seeking reliable technology, the Lenovo K13 Pro 128GB stands out as a powerful and dependable choice. The core of its performance lies in the Snapdragon 662 processor, 6 of memory and a spacious 64.0 of internal storage, allowing users to navigate demanding workflows seamlessly. Users will appreciate the visual fidelity offered by a 6.8-inch display featuring a crisp 720x1600 resolution featuring an ultra-smooth 90.0 refresh rate, perfect for streaming and reading. Practicality is further enhanced by a substantial 5000.0 cell and a surprisingly light 0.2kg frame, offering an excellent balance of longevity and comfort. Running naturally on a modern operating system, the Lenovo K13 Pro 128GB is an outstanding technological investment.",,https://phonespecs.net/specs/lenovo_k13_pro-10971.html; https://www.techspecs.info/lenovo-k13-pro/,249,USD,29880
Smartphone,Lenovo,K13 32GB,Unisoc SC9863A,2,32,,,0.19,,5000,6.52,720x1600,60,10,5MP,13MP,"The Lenovo K13 32GB seamlessly blends aesthetics with performance, making it a sophisticated companion for daily tasks. Additionally, it is driven by the Unisoc SC9863A processor, 2 of memory and a spacious 32.0 of internal storage, ensuring brisk responsiveness. Users will appreciate the visual fidelity offered by a 6.52-inch display featuring a crisp 720x1600 resolution featuring an ultra-smooth 60.0 refresh rate, perfect for streaming and reading. For users constantly on the move, it features a substantial 5000.0 cell and an overall weight of just 0.19kg. Running naturally on a modern operating system, the Lenovo K13 32GB is an outstanding technological investment.",,https://phonespecs.net/specs/lenovo_k13-10972.html; https://specsinsight.com/lenovo-k13/; https://cellkaro.com/mobiles/lenovo-k13-full-specifications,149,USD,17880
Smartphone,Lenovo,K13 Note 64GB,Snapdragon 460,4,128,,,0.2,,5000,6.5,720x1600,90,10,8MP,48MP,"Crafted to meet the demands of modern users, the Lenovo K13 Note 64GB is a reliable piece of engineering. It boasts an impressive architecture featuring the Snapdragon 460 processor, 4 of memory and a spacious 128.0 of internal storage to comfortably manage multitasking without bottlenecks. Visuals are delivered through a 6.5-inch display featuring a crisp 720x1600 resolution featuring an ultra-smooth 90.0 refresh rate, which guarantees an immersive viewing experience. Physical endurance is addressed by a substantial 5000.0 cell and a surprisingly light 0.2kg frame, keeping you productive on the go. Coupled with the intuitive pre-installed environment, the Lenovo K13 Note 64GB hits all the right notes for its category.",,https://phonespecs.net/specs/lenovo_k13_note-10970.html; https://www.techspecs.info/lenovo-k13-note/,199,USD,23880
Smartphone,Lenovo,K10 Plus 64GB,Snapdragon 632,4,64,,,0.172,,4050,6.22,720x1520,90,10,16MP,13MP,"The Lenovo K10 Plus 64GB emerges as a premium solution designed to elevate your digital experience. System operations are powered by the Snapdragon 632 processor, 4 of memory and a spacious 64.0 of internal storage, providing the necessary bandwidth for intensive applications. Visuals are handled by a 6.22-inch display featuring a crisp 720x1520 resolution featuring an ultra-smooth 90.0 refresh rate, which guarantees an immersive viewing experience. Practicality is further enhanced by a long-lasting 4050.0 battery and an overall weight of just 0.172kg, offering an excellent balance of longevity and comfort. Coupled with the intuitive pre-installed environment, the Lenovo K10 Plus 64GB hits all the right notes for its category.",,https://www.techspecs.info/lenovo-k10-plus/,179,USD,21480
Smartphone,Lenovo,A6 Note 32GB,Helio P22,3,16,,,0.172,,4000,6.09,720x1560,120,10,5MP,13MP,"The Lenovo A6 Note 32GB emerges as a premium solution designed to elevate your digital experience. It boasts an impressive architecture featuring the Helio P22 processor, 3 of memory and a spacious 16.0 of internal storage to comfortably manage multitasking without bottlenecks. The device incorporates a 6.09-inch display featuring a crisp 720x1560 resolution featuring an ultra-smooth 120.0 refresh rate, making it fantastic for media consumption and creative work. It integrates a substantial 4000.0 cell and a portable chassis weighing 0.172kg to maximize mobility without sacrificing runtime. Running naturally on a modern operating system, the Lenovo A6 Note 32GB is an outstanding technological investment.",,https://phonespecs.net/specs/lenovo_a6_note-9822.html; https://www.techspecs.info/lenovo-a6-note/,149,USD,17880
Smartphone,Lenovo,K10 Note 64GB,Snapdragon 710,4,64,,,,,4050,6.3,1080x2340,60,18,16MP,16MP,"Crafted to meet the demands of modern users, the Lenovo K10 Note 64GB is a highly capable piece of engineering. System operations are powered by the Snapdragon 710 processor, 4 of memory and a spacious 64.0 of internal storage, providing the necessary bandwidth for intensive applications. The device incorporates a 6.3-inch display featuring a crisp 1080x2340 resolution featuring an ultra-smooth 60.0 refresh rate, making it fantastic for media consumption and creative work. Physical endurance is addressed by a substantial 4050.0 cell, keeping you productive on the go. Operating on an efficient OS layer, this configuration positions the Lenovo K10 Note 64GB as a highly capable daily driver.",,https://phonesdata.com/en/smartphones/lenovo/k10-note-5458288/; https://www.techspecs.info/lenovo-k10-note/,219,USD,26280
Smartphone,Lenovo,K10 Note 128GB,Snapdragon 710,6,64,,,,,4050,6.3,1080x2340,60,18,16MP,16MP,"For those seeking reliable technology, the Lenovo K10 Note 128GB stands out as a dynamic and dependable choice. Furthermore, it is driven by the Snapdragon 710 processor, 6 of memory and a spacious 64.0 of internal storage, ensuring brisk responsiveness. Visuals are showcased on a 6.3-inch display featuring a crisp 1080x2340 resolution featuring an ultra-smooth 60.0 refresh rate, which guarantees an immersive viewing experience. It integrates a substantial 4050.0 cell to maximize mobility without sacrificing runtime. Operating on an efficient OS layer, this configuration positions the Lenovo K10 Note 128GB as a highly capable daily driver.",,https://www.techspecs.info/lenovo-k10-note/,249,USD,29880
Smartphone,Lenovo,Z6 Pro 128GB,Snapdragon 855,6,128,,,,,4000,6.39,1080x2340,120,18,32MP,48MP,"Crafted to meet the demands of modern users, the Lenovo Z6 Pro 128GB is a feature-rich piece of engineering. The core of its performance lies in the Snapdragon 855 processor, 6 of memory and a spacious 128.0 of internal storage, allowing users to navigate demanding workflows seamlessly. Visuals are rendered on a 6.39-inch display featuring a crisp 1080x2340 resolution featuring an ultra-smooth 120.0 refresh rate, which guarantees an immersive viewing experience. Practicality is further enhanced by a long-lasting 4000.0 battery, offering an excellent balance of longevity and comfort. Coupled with the intuitive pre-installed environment, the Lenovo Z6 Pro 128GB hits all the right notes for its category.",,https://phonespecs.net/specs/lenovo_z6_pro-9671.html; https://www.techspecs.info/lenovo-z6-pro/,429,USD,51480
Smartphone,Lenovo,Z6 Pro 256GB,Snapdragon 855,8,128,,,,,4000,6.39,1080x2340,120,18,32MP,48MP,"Crafted to meet the demands of modern users, the Lenovo Z6 Pro 256GB is a sophisticated piece of engineering. System operations are engineered around the Snapdragon 855 processor, 8 of memory and a spacious 128.0 of internal storage, providing the necessary bandwidth for intensive applications. Visuals are rendered on a 6.39-inch display featuring a crisp 1080x2340 resolution featuring an ultra-smooth 120.0 refresh rate, which guarantees an immersive viewing experience. It integrates a long-lasting 4000.0 battery to maximize mobility without sacrificing runtime. Operating on an efficient OS layer, this configuration positions the Lenovo Z6 Pro 256GB as a highly capable daily driver.",,https://phonespecs.net/specs/lenovo_z6_pro-9671.html; https://www.techspecs.info/lenovo-z6-pro/,479,USD,57480
Smartphone,Lenovo,Z5 Pro 64GB,Snapdragon 710,6,128,,,0.21,,3350,6.39,1080x2340,165,18,16MP,16MP,"For those seeking reliable technology, the Lenovo Z5 Pro 64GB stands out as a powerful and dependable choice. Moving to performance, it is powered by the Snapdragon 710 processor, 6 of memory and a spacious 128.0 of internal storage, ensuring brisk responsiveness. Its front panel is dominated by a 6.39-inch display featuring a crisp 1080x2340 resolution featuring an ultra-smooth 165.0 refresh rate, providing vibrant colors and sharp contrasts. Physical endurance is addressed by a long-lasting 3350.0 battery and a portable chassis weighing 0.21kg, keeping you productive on the go. Running naturally on a modern operating system, the Lenovo Z5 Pro 64GB is an outstanding technological investment.",,https://www.gadgets360.com/lenovo-z5-pro-5725; https://specsinsight.com/lenovo-z5-pro/,299,USD,35880
Smartphone,Motorola,Edge 50 Fusion 128GB,Snapdragon 7 Gen 1,8,,,,0.168,,5000,6.7,2400x1080,144,68,32MP,50MP,"The Motorola Edge 50 Fusion 128GB emerges as a modern solution designed to elevate your digital experience. System operations are engineered around the Snapdragon 7 Gen 1 processor and 8 of memory, providing the necessary bandwidth for intensive applications. The device incorporates a 6.7-inch display featuring a crisp 2400x1080 resolution featuring an ultra-smooth 144.0 refresh rate, making it fantastic for media consumption and creative work. Physical endurance is addressed by a substantial 5000.0 cell and a portable chassis weighing 0.168kg, keeping you productive on the go. Coupled with the intuitive pre-installed environment, the Motorola Edge 50 Fusion 128GB hits all the right notes for its category.",,https://www.motorola.com/ae/en/p/phones/motorola-edge/50-fusion/pmipmgy39md; https://en-us.support.motorola.com/app/answers/detail/a_id/187366/~/specifications---motorola-edge-50-fusion/; https://phonespecs.net/specs/motorola_edge_50_fusion-12871.html,499,USD,59880
Smartphone,Motorola,Edge 50 Fusion 256GB,Snapdragon 7 Gen 1,12,,,,0.168,,5000,6.7,2400x1080,144,,32MP,50MP,"The Motorola Edge 50 Fusion 256GB emerges as a reliable solution designed to elevate your digital experience. Additionally, it is driven by the Snapdragon 7 Gen 1 processor and 12 of memory, ensuring brisk responsiveness. Users will appreciate the visual fidelity offered by a 6.7-inch display featuring a crisp 2400x1080 resolution featuring an ultra-smooth 144.0 refresh rate, perfect for streaming and reading. Physical endurance is addressed by an endurance-focused 5000.0 battery and an overall weight of just 0.168kg, keeping you productive on the go. Coupled with the intuitive pre-installed environment, the Motorola Edge 50 Fusion 256GB hits all the right notes for its category.",,https://www.motorola.com/we/en/p/phones/motorola-edge/50-fusion/pmipmgy39md; https://en-us.support.motorola.com/app/answers/detail/a_id/187370/~/specifications---motorola-edge-50-fusion/,549,USD,65880
Smartphone,Motorola,Edge 50 Pro 128GB,Snapdragon 7 Gen 3,8,128,,,0.186,,4500,6.7,2712x1220,144,50,50MP,50MP,"Crafted to meet the demands of modern users, the Motorola Edge 50 Pro 128GB is a reliable piece of engineering. It boasts an impressive architecture featuring the Snapdragon 7 Gen 3 processor, 8 of memory and a spacious 128.0 of internal storage to comfortably manage multitasking without bottlenecks. The device incorporates a 6.7-inch display featuring a crisp 2712x1220 resolution featuring an ultra-smooth 144.0 refresh rate, making it fantastic for media consumption and creative work. Physical endurance is addressed by a substantial 4500.0 cell and an overall weight of just 0.186kg, keeping you productive on the go. Running naturally on a modern operating system, the Motorola Edge 50 Pro 128GB is an outstanding technological investment.",,https://www.motorola.com/we/en/p/phones/motorola-edge/50-pro/pmipmgq37ml; https://en-emea.support.motorola.com/app/answers/detail/a_id/178982/~/specifications---motorola-edge-50-pro; https://www.techspecs.info/motorola-edge-50-pro/,549,USD,65880
Smartphone,Motorola,Edge 50 Pro 256GB,Snapdragon 7 Gen 3,12,128,,,0.186,,4500,6.7,2712x1220,144,50,50MP,50MP,"Crafted to meet the demands of modern users, the Motorola Edge 50 Pro 256GB is a highly capable piece of engineering. As for its internals, it is equipped with the Snapdragon 7 Gen 3 processor, 12 of memory and a spacious 128.0 of internal storage, ensuring brisk responsiveness. The device incorporates a 6.7-inch display featuring a crisp 2712x1220 resolution featuring an ultra-smooth 144.0 refresh rate, making it fantastic for media consumption and creative work. Physical endurance is addressed by a substantial 4500.0 cell and a surprisingly light 0.186kg frame, keeping you productive on the go. Running naturally on a modern operating system, the Motorola Edge 50 Pro 256GB is an outstanding technological investment.",,https://en-emea.support.motorola.com/app/answers/detail/a_id/178982/~/specifications---motorola-edge-50-pro; https://www.techspecs.info/motorola-edge-50-pro/,599,USD,71880
Smartphone,Motorola,Razr 128GB,Snapdragon 8+ Gen 1,8,,,,0.192,,3500,6.7,2142x876,144,5,32MP,50MP,"Crafted to meet the demands of modern users, the Motorola Razr 128GB is a versatile piece of engineering. In terms of hardware, it is driven by the Snapdragon 8+ Gen 1 processor and 8 of memory, ensuring brisk responsiveness. Its front panel is dominated by a 6.7-inch display featuring a crisp 2142x876 resolution featuring an ultra-smooth 144.0 refresh rate, providing vibrant colors and sharp contrasts. Practicality is further enhanced by a long-lasting 3500.0 battery and a surprisingly light 0.192kg frame, offering an excellent balance of longevity and comfort. Operating on an efficient OS layer, this configuration positions the Motorola Razr 128GB as a highly capable daily driver.",,https://en-us.support.motorola.com/app/answers/detail/a_id/148198/~/specifications--motorola-razr/; https://en-us.support.motorola.com/app/answers/detail/a_id/176643/~/specifications---motorola-razr---2023/,999,USD,119880
Smartphone,Motorola,Razr 256GB,Snapdragon 8+ Gen 1,12,,,,0.192,,3500,6.7,1000x1000,120,15,32MP,50MP,"For those seeking reliable technology, the Motorola Razr 256GB stands out as a dynamic and dependable choice. It boasts an impressive architecture featuring the Snapdragon 8+ Gen 1 processor and 12 of memory to comfortably manage multitasking without bottlenecks. Its front panel is dominated by a 6.7-inch display featuring a crisp 1000x1000 resolution featuring an ultra-smooth 120.0 refresh rate, providing vibrant colors and sharp contrasts. Practicality is further enhanced by a substantial 3500.0 cell and a portable chassis weighing 0.192kg, offering an excellent balance of longevity and comfort. Ultimately, with its native software at the helm, the Motorola Razr 256GB easily satisfies the rigorous demands of contemporary digital life.",,https://www.motorola.com/us/en/p/phones/razr/razr-2026/pmipmjl44m7?pn=PBB70013US,1099,USD,131880
Smartphone,Motorola,G84 5G 128GB,Snapdragon 695,8,256,,,0.166,,5000,6.5,2400x1080,120,30,16MP,50MP,"For those seeking reliable technology, the Motorola G84 5G 128GB stands out as a reliable and dependable choice. The core of its performance lies in the Snapdragon 695 processor, 8 of memory and a spacious 256.0 of internal storage, allowing users to navigate demanding workflows seamlessly. Its front panel is dominated by a 6.5-inch display featuring a crisp 2400x1080 resolution featuring an ultra-smooth 120.0 refresh rate, providing vibrant colors and sharp contrasts. Physical endurance is addressed by an endurance-focused 5000.0 battery and an overall weight of just 0.166kg, keeping you productive on the go. Running naturally on a modern operating system, the Motorola G84 5G 128GB is an outstanding technological investment.",,https://www.motorola.com/we/en/p/phones/moto-g/84-5g/pmipmgf35mx; https://www.motorola.com/gb/en/p/phones/moto-g/84-5g/pmipmgf35mx?pn=PAYM0004GB; https://www.techspecs.info/motorola-moto-g84/,299,USD,35880
Smartphone,Motorola,G84 5G 256GB,Snapdragon 695,12,,,,0.166,,5000,6.5,1080x1920,120,,16MP,50MP,"For those seeking reliable technology, the Motorola G84 5G 256GB stands out as a premium and dependable choice. In terms of hardware, it is powered by the Snapdragon 695 processor and 12 of memory, ensuring brisk responsiveness. The device incorporates a 6.5-inch display featuring a crisp 1080x1920 resolution featuring an ultra-smooth 120.0 refresh rate, making it fantastic for media consumption and creative work. Physical endurance is addressed by a long-lasting 5000.0 battery and a portable chassis weighing 0.166kg, keeping you productive on the go. Operating on an efficient OS layer, this configuration positions the Motorola G84 5G 256GB as a highly capable daily driver.",,https://www.motorola.com/we/en/p/phones/moto-g/84-5g/pmipmgf35mx; https://en-us.support.motorola.com/app/answers/detail/a_id/176650/~/especificaciones---moto-g84-5g/,349,USD,41880
Smartphone,Motorola,Moto G Stylus 64GB,MediaTek Helio G88,4,,,,,,5000,6.8,1000x1000,120,15,16MP,50MP,"The Motorola Moto G Stylus 64GB seamlessly blends aesthetics with performance, making it a highly capable companion for daily tasks. System operations are driven by the MediaTek Helio G88 processor and 4 of memory, providing the necessary bandwidth for intensive applications. The device incorporates a 6.8-inch display featuring a crisp 1000x1000 resolution featuring an ultra-smooth 120.0 refresh rate, making it fantastic for media consumption and creative work. Physical endurance is addressed by a long-lasting 5000.0 battery, keeping you productive on the go. Running naturally on a modern operating system, the Motorola Moto G Stylus 64GB is an outstanding technological investment.",,https://www.motorola.com/us/en/p/phones/moto-g/g-stylus-5g-gen-4/pmipmgr37mo?pn=PB1M0022US,199,USD,23880
Smartphone,Motorola,Moto G Stylus 128GB,MediaTek Helio G88,6,128,,,,,5000,6.8,1000x1000,120,15,16MP,50MP,"For those seeking reliable technology, the Motorola Moto G Stylus 128GB stands out as a versatile and dependable choice. Additionally, it is fueled by the MediaTek Helio G88 processor, 6 of memory and a spacious 128.0 of internal storage, ensuring brisk responsiveness. Users will appreciate the visual fidelity offered by a 6.8-inch display featuring a crisp 1000x1000 resolution featuring an ultra-smooth 120.0 refresh rate, perfect for streaming and reading. Practicality is further enhanced by a long-lasting 5000.0 battery, offering an excellent balance of longevity and comfort. Ultimately, with its native software at the helm, the Motorola Moto G Stylus 128GB easily satisfies the rigorous demands of contemporary digital life.",,https://www.motorola.com/us/en/p/phones/moto-g/g-stylus-2026/pmipmjg43mp?pn=PBAM0008US; https://www.techspecs.info/motorola-moto-g-stylus-5g/,249,USD,29880
Smartphone,Motorola,One Vision 3 128GB,Exynos 9609,6,128,,,0.18,,3500,6.3,1080x2520,60,15,25MP,48MP,"Presenting the Motorola One Vision 3 128GB: a feature-rich device built for uncompromised productivity and entertainment. System operations are fueled by the Exynos 9609 processor, 6 of memory and a spacious 128.0 of internal storage, providing the necessary bandwidth for intensive applications. Its front panel is dominated by a 6.3-inch display featuring a crisp 1080x2520 resolution featuring an ultra-smooth 60.0 refresh rate, providing vibrant colors and sharp contrasts. Physical endurance is addressed by a long-lasting 3500.0 battery and an overall weight of just 0.18kg, keeping you productive on the go. Coupled with the intuitive pre-installed environment, the Motorola One Vision 3 128GB hits all the right notes for its category.",,https://en-us.support.motorola.com/app/answers/detail/a_id/143892/~/specifications--motorola-one-vision/; https://phonesdata.com/en/smartphones/motorola/one-vision-5805/; https://www.techspecs.info/motorola-one-vision/,299,USD,35880
Smartphone,Motorola,One Vision 3 256GB,Exynos 9609,8,128,,,0.18,,3500,6.3,100x100,,,25MP,48MP,"Crafted to meet the demands of modern users, the Motorola One Vision 3 256GB is a dynamic piece of engineering. System operations are equipped with the Exynos 9609 processor, 8 of memory and a spacious 128.0 of internal storage, providing the necessary bandwidth for intensive applications. Its front panel is dominated by a 6.3-inch display featuring a crisp 100x100 resolution, providing vibrant colors and sharp contrasts. For users constantly on the move, it features a substantial 3500.0 cell and a portable chassis weighing 0.18kg. Coupled with the intuitive pre-installed environment, the Motorola One Vision 3 256GB hits all the right notes for its category.",,https://en-us.support.motorola.com/app/answers/detail/a_id/143892/~/specifications--motorola-one-vision/; https://online.telkom.wds.co/Motorola_One_Vision/en/specification; https://www.mobolist.net/en/devices/motorola-one-vision,349,USD,41880
Smartphone,Motorola,Edge 50 Lite 128GB,Snapdragon 695,6,,,,0.17,,5000,6.7,2712x1220,120,15,32MP,64MP,"Presenting the Motorola Edge 50 Lite 128GB: a highly capable device built for uncompromised productivity and entertainment. The core of its performance lies in the Snapdragon 695 processor and 6 of memory, allowing users to navigate demanding workflows seamlessly. The device incorporates a 6.7-inch display featuring a crisp 2712x1220 resolution featuring an ultra-smooth 120.0 refresh rate, making it fantastic for media consumption and creative work. It integrates an endurance-focused 5000.0 battery and a portable chassis weighing 0.17kg to maximize mobility without sacrificing runtime. Ultimately, with its native software at the helm, the Motorola Edge 50 Lite 128GB easily satisfies the rigorous demands of contemporary digital life.",,https://www.motorola.com/gb/en/p/phones/motorola-edge/50/pmipmgx38ml,399,USD,47880
Smartphone,Motorola,Edge 50 Lite 256GB,Snapdragon 695,8,,,,0.17,,5000,6.7,2712x1220,120,15,32MP,64MP,"Presenting the Motorola Edge 50 Lite 256GB: a sophisticated device built for uncompromised productivity and entertainment. It boasts an impressive architecture featuring the Snapdragon 695 processor and 8 of memory to comfortably manage multitasking without bottlenecks. Its front panel is dominated by a 6.7-inch display featuring a crisp 2712x1220 resolution featuring an ultra-smooth 120.0 refresh rate, providing vibrant colors and sharp contrasts. For users constantly on the move, it features an endurance-focused 5000.0 battery and an overall weight of just 0.17kg. Coupled with the intuitive pre-installed environment, the Motorola Edge 50 Lite 256GB hits all the right notes for its category.",,https://www.motorola.com/gb/en/p/phones/motorola-edge/50/pmipmgx38ml,449,USD,53880
Smartphone,Motorola,Moto E40 Plus 64GB,Unisoc T700,4,64,,,0.198,,5000,6.5,1600x720,90,10,8MP,48MP,"Crafted to meet the demands of modern users, the Motorola Moto E40 Plus 64GB is a reliable piece of engineering. System operations are engineered around the Unisoc T700 processor, 4 of memory and a spacious 64.0 of internal storage, providing the necessary bandwidth for intensive applications. Its front panel is dominated by a 6.5-inch display featuring a crisp 1600x720 resolution featuring an ultra-smooth 90.0 refresh rate, providing vibrant colors and sharp contrasts. It integrates an endurance-focused 5000.0 battery and a surprisingly light 0.198kg frame to maximize mobility without sacrificing runtime. Ultimately, with its native software at the helm, the Motorola Moto E40 Plus 64GB easily satisfies the rigorous demands of contemporary digital life.",,https://www.motorola.com/ph/smartphones-moto-e40/p; https://my.motorola.com/smartphones-moto-e40/p; https://phonespecs.net/specs/motorola_moto_e40-11112.html; https://www.gsmarena.com.bd/motorola-moto-e40/,199,USD,23880
Smartphone,Motorola,Moto E40 Plus 128GB,Unisoc T700,6,64,,,0.198,,5000,6.5,1600x720,90,10,8MP,48MP,"Presenting the Motorola Moto E40 Plus 128GB: a premium device built for uncompromised productivity and entertainment. It boasts an impressive architecture featuring the Unisoc T700 processor, 6 of memory and a spacious 64.0 of internal storage to comfortably manage multitasking without bottlenecks. Users will appreciate the visual fidelity offered by a 6.5-inch display featuring a crisp 1600x720 resolution featuring an ultra-smooth 90.0 refresh rate, perfect for streaming and reading. Practicality is further enhanced by a long-lasting 5000.0 battery and a portable chassis weighing 0.198kg, offering an excellent balance of longevity and comfort. Coupled with the intuitive pre-installed environment, the Motorola Moto E40 Plus 128GB hits all the right notes for its category.",,https://www.motorola.com/ph/smartphones-moto-e40/p; https://my.motorola.com/smartphones-moto-e40/p; https://www.gsmarena.com.bd/motorola-moto-e40/; https://phonespecs.net/specs/motorola_moto_e40-11112.html,229,USD,27480
Smartphone,Motorola,Moto G Power 64GB,Snapdragon 662,4,64,,,0.206,,5000,6.6,1000x1000,120,15,16MP,50MP,"Presenting the Motorola Moto G Power 64GB: a sophisticated device built for uncompromised productivity and entertainment. System operations are equipped with the Snapdragon 662 processor, 4 of memory and a spacious 64.0 of internal storage, providing the necessary bandwidth for intensive applications. Visuals are delivered through a 6.6-inch display featuring a crisp 1000x1000 resolution featuring an ultra-smooth 120.0 refresh rate, which guarantees an immersive viewing experience. Physical endurance is addressed by an endurance-focused 5000.0 battery and a portable chassis weighing 0.206kg, keeping you productive on the go. Ultimately, with its native software at the helm, the Motorola Moto G Power 64GB easily satisfies the rigorous demands of contemporary digital life.",,https://www.motorola.com/us/en/p/phones/moto-g/moto-g-power-2026/pmipmjb42mv?pn=PB9N0008US; https://www.motorola.com/us/en/p/phones/moto-g/moto-g-power-2025/pmipmhi39mv?pn=PB640002US; https://www.mobosdata.com/phone/motorola-moto-g-power/,249,USD,29880
Smartphone,Motorola,Moto G Power 128GB,Snapdragon 662,6,,,,0.206,,5000,6.6,1000x1000,120,15,16MP,50MP,"The Motorola Moto G Power 128GB emerges as a premium solution designed to elevate your digital experience. It boasts an impressive architecture featuring the Snapdragon 662 processor and 6 of memory to comfortably manage multitasking without bottlenecks. Users will appreciate the visual fidelity offered by a 6.6-inch display featuring a crisp 1000x1000 resolution featuring an ultra-smooth 120.0 refresh rate, perfect for streaming and reading. For users constantly on the move, it features a long-lasting 5000.0 battery and an overall weight of just 0.206kg. Coupled with the intuitive pre-installed environment, the Motorola Moto G Power 128GB hits all the right notes for its category.",,https://www.motorola.com/us/en/p/phones/moto-g/moto-g-power-2025/pmipmhi39mv?pn=PB640002US,279,USD,33480
Smartphone,Motorola,Moto G Play 32GB,MediaTek Helio G25,3,32,,,0.203,,5000,6.5,1600x720,90,10,5MP,13MP,"The Motorola Moto G Play 32GB seamlessly blends aesthetics with performance, making it a powerful companion for daily tasks. As for its internals, it is driven by the MediaTek Helio G25 processor, 3 of memory and a spacious 32.0 of internal storage, ensuring brisk responsiveness. Visuals are delivered through a 6.5-inch display featuring a crisp 1600x720 resolution featuring an ultra-smooth 90.0 refresh rate, which guarantees an immersive viewing experience. Practicality is further enhanced by a long-lasting 5000.0 battery and a surprisingly light 0.203kg frame, offering an excellent balance of longevity and comfort. Ultimately, with its native software at the helm, the Motorola Moto G Play 32GB easily satisfies the rigorous demands of contemporary digital life.",,https://en-us.support.motorola.com/app/answers/detail/a_id/172802/~/specifications--moto-g-play-%282023%29/; https://www.techspecs.info/motorola-moto-g-play-2021/,149,USD,17880
Smartphone,Motorola,Moto G Play 64GB,MediaTek Helio G25,4,,,,0.203,,5000,6.5,1000x1000,120,,5MP,13MP,"The Motorola Moto G Play 64GB emerges as a powerful solution designed to elevate your digital experience. The core of its performance lies in the MediaTek Helio G25 processor and 4 of memory, allowing users to navigate demanding workflows seamlessly. Visuals are delivered through a 6.5-inch display featuring a crisp 1000x1000 resolution featuring an ultra-smooth 120.0 refresh rate, which guarantees an immersive viewing experience. For users constantly on the move, it features a long-lasting 5000.0 battery and a portable chassis weighing 0.203kg. Coupled with the intuitive pre-installed environment, the Motorola Moto G Play 64GB hits all the right notes for its category.",,https://www.motorola.com/us/en/p/phones/moto-g/moto-g-play-2026/pmipmja42mq?pn=PB9H0004US,179,USD,21480
Smartphone,Motorola,Moto G75 5G 128GB,Snapdragon 6 Gen 3,8,,,,,,5000,6.78,8407x3913,120,15,16MP,50MP,"Presenting the Motorola Moto G75 5G 128GB: a highly capable device built for uncompromised productivity and entertainment. Under the hood, it is driven by the Snapdragon 6 Gen 3 processor and 8 of memory, ensuring brisk responsiveness. Visuals are presented via a 6.78-inch display featuring a crisp 8407x3913 resolution featuring an ultra-smooth 120.0 refresh rate, which guarantees an immersive viewing experience. Physical endurance is addressed by a substantial 5000.0 cell, keeping you productive on the go. Coupled with the intuitive pre-installed environment, the Motorola Moto G75 5G 128GB hits all the right notes for its category.",,https://www.motorola.com/we/en/p/phones/moto-g/75-5g/pmipmhd39mi; https://www.motorola.com/rf/en/p/phones/moto-g/75-5g/pmipmhd39mi,320,USD,38400
Smartphone,Motorola,Moto G75 5G 256GB,Snapdragon 6 Gen 3,8,,,,,,5000,6.78,8407x3913,120,15,16MP,50MP,"The Motorola Moto G75 5G 256GB emerges as a feature-rich solution designed to elevate your digital experience. It boasts an impressive architecture featuring the Snapdragon 6 Gen 3 processor and 8 of memory to comfortably manage multitasking without bottlenecks. The device incorporates a 6.78-inch display featuring a crisp 8407x3913 resolution featuring an ultra-smooth 120.0 refresh rate, making it fantastic for media consumption and creative work. Physical endurance is addressed by a substantial 5000.0 cell, keeping you productive on the go. Coupled with the intuitive pre-installed environment, the Motorola Moto G75 5G 256GB hits all the right notes for its category.",,https://www.motorola.com/we/en/p/phones/moto-g/75-5g/pmipmhd39mi; https://www.motorola.com/gb/en/p/phones/moto-g/75-5g/pmipmhd39mi?pn=PB3Y0021GB,370,USD,44400
Smartphone,Motorola,Moto S50 128GB,MediaTek Dimensity 8100,8,512,,,0.19,,4500,6.7,1272x2670,120,68,32MP,64MP,"Crafted to meet the demands of modern users, the Motorola Moto S50 128GB is a dynamic piece of engineering. System operations are fueled by the MediaTek Dimensity 8100 processor, 8 of memory and a spacious 512.0 of internal storage, providing the necessary bandwidth for intensive applications. The device incorporates a 6.7-inch display featuring a crisp 1272x2670 resolution featuring an ultra-smooth 120.0 refresh rate, making it fantastic for media consumption and creative work. Practicality is further enhanced by a substantial 4500.0 cell and an overall weight of just 0.19kg, offering an excellent balance of longevity and comfort. Running naturally on a modern operating system, the Motorola Moto S50 128GB is an outstanding technological investment.",,https://phonespecs.net/specs/motorola_moto_s50-13293.html; https://www.techoper.com/motorola-moto-s50,300,USD,36000
Smartphone,Motorola,Moto S50 256GB,MediaTek Dimensity 8100,12,256,,,0.19,,4500,6.7,1272x2670,120,68,32MP,64MP,"For those seeking reliable technology, the Motorola Moto S50 256GB stands out as a dynamic and dependable choice. In terms of hardware, it is driven by the MediaTek Dimensity 8100 processor, 12 of memory and a spacious 256.0 of internal storage, ensuring brisk responsiveness. Its front panel is dominated by a 6.7-inch display featuring a crisp 1272x2670 resolution featuring an ultra-smooth 120.0 refresh rate, providing vibrant colors and sharp contrasts. Practicality is further enhanced by a substantial 4500.0 cell and a surprisingly light 0.19kg frame, offering an excellent balance of longevity and comfort. Coupled with the intuitive pre-installed environment, the Motorola Moto S50 256GB hits all the right notes for its category.",,https://phonesdata.com/en/smartphones/motorola/moto-s50-5464874/; https://www.techspecs.info/motorola-moto-s50/,350,USD,42000
Smartphone,Motorola,Edge 50 Neo 256GB,MediaTek Dimensity 7300,8,,,,0.171,,4310,6.4,2670x1220,120,15,32MP,50MP,"For those seeking reliable technology, the Motorola Edge 50 Neo 256GB stands out as a dynamic and dependable choice. System operations are fueled by the MediaTek Dimensity 7300 processor and 8 of memory, providing the necessary bandwidth for intensive applications. Users will appreciate the visual fidelity offered by a 6.4-inch display featuring a crisp 2670x1220 resolution featuring an ultra-smooth 120.0 refresh rate, perfect for streaming and reading. Physical endurance is addressed by an endurance-focused 4310.0 battery and a surprisingly light 0.171kg frame, keeping you productive on the go. Operating on an efficient OS layer, this configuration positions the Motorola Edge 50 Neo 256GB as a highly capable daily driver.",,https://www.motorola.com/we/en/p/phones/motorola-edge/50-neo/pmipmgz38mq,400,USD,48000
Smartphone,Motorola,Edge 50 Neo 512GB,MediaTek Dimensity 7300,12,32,,,0.171,,4310,6.4,2670x1220,120,15,32MP,50MP,"Crafted to meet the demands of modern users, the Motorola Edge 50 Neo 512GB is a premium piece of engineering. System operations are engineered around the MediaTek Dimensity 7300 processor, 12 of memory and a spacious 32.0 of internal storage, providing the necessary bandwidth for intensive applications. The device incorporates a 6.4-inch display featuring a crisp 2670x1220 resolution featuring an ultra-smooth 120.0 refresh rate, making it fantastic for media consumption and creative work. Physical endurance is addressed by a substantial 4310.0 cell and an overall weight of just 0.171kg, keeping you productive on the go. Coupled with the intuitive pre-installed environment, the Motorola Edge 50 Neo 512GB hits all the right notes for its category.",,https://www.motorola.com/we/en/p/phones/motorola-edge/50-neo/pmipmgz38mq; https://phonedady.com/motorola-Edge-50-Neo,450,USD,54000
Smartphone,Motorola,Moto G55 128GB,MediaTek Dimensity 7025,8,,,,0.182,,5000,6.49,2400x1080,120,,16MP,50MP,"Presenting the Motorola Moto G55 128GB: a versatile device built for uncompromised productivity and entertainment. System operations are driven by the MediaTek Dimensity 7025 processor and 8 of memory, providing the necessary bandwidth for intensive applications. The device incorporates a 6.49-inch display featuring a crisp 2400x1080 resolution featuring an ultra-smooth 120.0 refresh rate, making it fantastic for media consumption and creative work. Practicality is further enhanced by a long-lasting 5000.0 battery and a surprisingly light 0.182kg frame, offering an excellent balance of longevity and comfort. Running naturally on a modern operating system, the Motorola Moto G55 128GB is an outstanding technological investment.",,https://www.motorola.com/we/en/p/phones/moto-g/55-5g/pmipmhf39mn,270,USD,32400
Smartphone,Motorola,Moto G55 256GB,MediaTek Dimensity 7025,8,,,,0.182,,5000,6.49,2400x1080,120,,16MP,50MP,"The Motorola Moto G55 256GB seamlessly blends aesthetics with performance, making it a feature-rich companion for daily tasks. System operations are engineered around the MediaTek Dimensity 7025 processor and 8 of memory, providing the necessary bandwidth for intensive applications. Users will appreciate the visual fidelity offered by a 6.49-inch display featuring a crisp 2400x1080 resolution featuring an ultra-smooth 120.0 refresh rate, perfect for streaming and reading. For users constantly on the move, it features a long-lasting 5000.0 battery and an overall weight of just 0.182kg. Ultimately, with its native software at the helm, the Motorola Moto G55 256GB easily satisfies the rigorous demands of contemporary digital life.",,https://www.motorola.com/gb/en/p/phones/moto-g/55-5g/pmipmhf39mn?pn=PB5U0002GB,320,USD,38400
Smartphone,Motorola,Moto G35 128GB,Unisoc T760,4,,,,0.188,,5000,6.72,2400x1080,650,18,16MP,50MP,"The Motorola Moto G35 128GB seamlessly blends aesthetics with performance, making it a versatile companion for daily tasks. As for its internals, it is fueled by the Unisoc T760 processor and 4 of memory, ensuring brisk responsiveness. The device incorporates a 6.72-inch display featuring a crisp 2400x1080 resolution featuring an ultra-smooth 650.0 refresh rate, making it fantastic for media consumption and creative work. Practicality is further enhanced by a substantial 5000.0 cell and an overall weight of just 0.188kg, offering an excellent balance of longevity and comfort. Ultimately, with its native software at the helm, the Motorola Moto G35 128GB easily satisfies the rigorous demands of contemporary digital life.",,https://en-us.support.motorola.com/app/answers/detail/a_id/187376/~/specifications---moto-g35-5g/; https://phonespecs.net/specs/motorola_moto_g35-13288.html,200,USD,24000
Smartphone,Motorola,Moto G35 256GB,Unisoc T760,8,256,,,0.188,,5000,6.72,2400x1080,650,18,16MP,50MP,"Crafted to meet the demands of modern users, the Motorola Moto G35 256GB is a sophisticated piece of engineering. It boasts an impressive architecture featuring the Unisoc T760 processor, 8 of memory and a spacious 256.0 of internal storage to comfortably manage multitasking without bottlenecks. Visuals are showcased on a 6.72-inch display featuring a crisp 2400x1080 resolution featuring an ultra-smooth 650.0 refresh rate, which guarantees an immersive viewing experience. Practicality is further enhanced by a substantial 5000.0 cell and an overall weight of just 0.188kg, offering an excellent balance of longevity and comfort. Running naturally on a modern operating system, the Motorola Moto G35 256GB is an outstanding technological investment.",,https://en-us.support.motorola.com/app/answers/detail/a_id/187376/~/specifications---moto-g35-5g/; https://phonespecs.net/specs/motorola_moto_g35-13288.html; https://gsmfind.com/motorola-moto-g35.html,250,USD,30000
Smartphone,Motorola,Moto G45 128GB,Snapdragon 6s Gen 3,6,128,,,0.183,,5000,6.5,1600x720,120,18,16MP,50MP,"Presenting the Motorola Moto G45 128GB: a modern device built for uncompromised productivity and entertainment. It boasts an impressive architecture featuring the Snapdragon 6s Gen 3 processor, 6 of memory and a spacious 128.0 of internal storage to comfortably manage multitasking without bottlenecks. Its front panel is dominated by a 6.5-inch display featuring a crisp 1600x720 resolution featuring an ultra-smooth 120.0 refresh rate, providing vibrant colors and sharp contrasts. It integrates an endurance-focused 5000.0 battery and an overall weight of just 0.183kg to maximize mobility without sacrificing runtime. Running naturally on a modern operating system, the Motorola Moto G45 128GB is an outstanding technological investment.",,https://en-us.support.motorola.com/app/answers/detail/a_id/187379/~/specifications---moto-g45-5g/; https://phonespecs.net/specs/motorola_moto_g45-13267.html; https://www.techspecs.info/motorola-moto-g45-5g/,250,USD,30000
Smartphone,Motorola,Moto G45 256GB,Snapdragon 6s Gen 3,8,128,,,0.183,,5000,6.5,1600x720,120,18,16MP,50MP,"Presenting the Motorola Moto G45 256GB: a reliable device built for uncompromised productivity and entertainment. System operations are driven by the Snapdragon 6s Gen 3 processor, 8 of memory and a spacious 128.0 of internal storage, providing the necessary bandwidth for intensive applications. Visuals are rendered on a 6.5-inch display featuring a crisp 1600x720 resolution featuring an ultra-smooth 120.0 refresh rate, which guarantees an immersive viewing experience. Physical endurance is addressed by a long-lasting 5000.0 battery and an overall weight of just 0.183kg, keeping you productive on the go. Running naturally on a modern operating system, the Motorola Moto G45 256GB is an outstanding technological investment.",,https://en-us.support.motorola.com/app/answers/detail/a_id/187379/~/specifications---moto-g45-5g/; https://www.techspecs.info/motorola-moto-g45-5g/,300,USD,36000
Smartphone,Motorola,Edge 50 256GB,Snapdragon 7s Gen 2,8,,,,0.18,,4700,6.7,2712x1220,120,15,32MP,50MP,"The Motorola Edge 50 256GB seamlessly blends aesthetics with performance, making it a sophisticated companion for daily tasks. It boasts an impressive architecture featuring the Snapdragon 7s Gen 2 processor and 8 of memory to comfortably manage multitasking without bottlenecks. The device incorporates a 6.7-inch display featuring a crisp 2712x1220 resolution featuring an ultra-smooth 120.0 refresh rate, making it fantastic for media consumption and creative work. Physical endurance is addressed by a long-lasting 4700.0 battery and a portable chassis weighing 0.18kg, keeping you productive on the go. Running naturally on a modern operating system, the Motorola Edge 50 256GB is an outstanding technological investment.",,https://en-us.support.motorola.com/app/answers/detail/a_id/183654/~/specifications---motorola-edge-50/,450,USD,54000
Smartphone,Motorola,Edge 50 512GB,Snapdragon 7s Gen 2,12,,,,0.18,,4700,6.7,2712x1220,120,15,32MP,50MP,"Presenting the Motorola Edge 50 512GB: a highly capable device built for uncompromised productivity and entertainment. The core of its performance lies in the Snapdragon 7s Gen 2 processor and 12 of memory, allowing users to navigate demanding workflows seamlessly. Visuals are rendered on a 6.7-inch display featuring a crisp 2712x1220 resolution featuring an ultra-smooth 120.0 refresh rate, which guarantees an immersive viewing experience. It integrates a long-lasting 4700.0 battery and a portable chassis weighing 0.18kg to maximize mobility without sacrificing runtime. Coupled with the intuitive pre-installed environment, the Motorola Edge 50 512GB hits all the right notes for its category.",,https://www.motorola.com/gb/en/p/phones/motorola-edge/50/pmipmgx38ml,500,USD,60000
Smartphone,Motorola,Razr 50 Ultra 512GB,Snapdragon 8+ Gen 1,12,256,,,0.189,,4000,6.9,2640x1080,165,15,32MP,50MP,"Crafted to meet the demands of modern users, the Motorola Razr 50 Ultra 512GB is a modern piece of engineering. The core of its performance lies in the Snapdragon 8+ Gen 1 processor, 12 of memory and a spacious 256.0 of internal storage, allowing users to navigate demanding workflows seamlessly. Its front panel is dominated by a 6.9-inch display featuring a crisp 2640x1080 resolution featuring an ultra-smooth 165.0 refresh rate, providing vibrant colors and sharp contrasts. Practicality is further enhanced by a substantial 4000.0 cell and a surprisingly light 0.189kg frame, offering an excellent balance of longevity and comfort. Operating on an efficient OS layer, this configuration positions the Motorola Razr 50 Ultra 512GB as a highly capable daily driver.",,https://www.motorola.com/we/en/p/phones/razr/50-ultra/pmipmgs37ms; https://www.motorola.com/au/en/p/phones/razr/50-ultra/pmipmgs37ms; https://www.techspecs.info/motorola-razr-50-ultra/,1199,USD,143880
Smartphone,Motorola,Razr 50 256GB,Snapdragon 7 Gen 1,8,,,,0.188,,3800,6.7,1056x1066,120,15,32MP,50MP,"For those seeking reliable technology, the Motorola Razr 50 256GB stands out as a dynamic and dependable choice. Under the hood, it is fueled by the Snapdragon 7 Gen 1 processor and 8 of memory, ensuring brisk responsiveness. Visuals are delivered through a 6.7-inch display featuring a crisp 1056x1066 resolution featuring an ultra-smooth 120.0 refresh rate, which guarantees an immersive viewing experience. It integrates a long-lasting 3800.0 battery and a portable chassis weighing 0.188kg to maximize mobility without sacrificing runtime. Running naturally on a modern operating system, the Motorola Razr 50 256GB is an outstanding technological investment.",,https://www.motorola.com/we/en/p/phones/razr/motorola-razr-50/pmipmgu37my; https://en-us.support.motorola.com/app/answers/detail/a_id/180539/~/motorola-razr-50---sp%C3%A9cifications/,999,USD,119880
Smartphone,Motorola,Moto G85 128GB,Snapdragon 6s Gen 3,8,128,,,0.173,,5000,6.67,2400x1080,120,30,32MP,50MP,"The Motorola Moto G85 128GB seamlessly blends aesthetics with performance, making it a sophisticated companion for daily tasks. It boasts an impressive architecture featuring the Snapdragon 6s Gen 3 processor, 8 of memory and a spacious 128.0 of internal storage to comfortably manage multitasking without bottlenecks. Visuals are rendered on a 6.67-inch display featuring a crisp 2400x1080 resolution featuring an ultra-smooth 120.0 refresh rate, which guarantees an immersive viewing experience. Practicality is further enhanced by a long-lasting 5000.0 battery and a portable chassis weighing 0.173kg, offering an excellent balance of longevity and comfort. Operating on an efficient OS layer, this configuration positions the Motorola Moto G85 128GB as a highly capable daily driver.",,https://www.motorola.com/we/en/p/phones/moto-g/85-5g/pmipmgv37m9; https://phonesdata.com/en/smartphones/motorola/moto-g85-5464868/; https://www.techspecs.info/motorola-moto-g85-5-g/,320,USD,38400
Smartphone,Motorola,Moto G85 256GB,Snapdragon 6s Gen 3,12,128,,,0.173,,5000,6.67,2400x1080,120,30,32MP,50MP,"Crafted to meet the demands of modern users, the Motorola Moto G85 256GB is a reliable piece of engineering. The core of its performance lies in the Snapdragon 6s Gen 3 processor, 12 of memory and a spacious 128.0 of internal storage, allowing users to navigate demanding workflows seamlessly. The device incorporates a 6.67-inch display featuring a crisp 2400x1080 resolution featuring an ultra-smooth 120.0 refresh rate, making it fantastic for media consumption and creative work. It integrates a long-lasting 5000.0 battery and an overall weight of just 0.173kg to maximize mobility without sacrificing runtime. Running naturally on a modern operating system, the Motorola Moto G85 256GB is an outstanding technological investment.",,https://www.motorola.com/we/en/p/phones/moto-g/85-5g/pmipmgv37m9; https://www.techspecs.info/motorola-moto-g85-5-g/,370,USD,44400
Smartphone,Motorola,S50 Neo 256GB,MediaTek Dimensity 7200,8,256,,,0.17,,4300,6.5,1080x2400,120,30,32MP,50MP,"For those seeking reliable technology, the Motorola S50 Neo 256GB stands out as a sophisticated and dependable choice. In terms of hardware, it is powered by the MediaTek Dimensity 7200 processor, 8 of memory and a spacious 256.0 of internal storage, ensuring brisk responsiveness. Its front panel is dominated by a 6.5-inch display featuring a crisp 1080x2400 resolution featuring an ultra-smooth 120.0 refresh rate, providing vibrant colors and sharp contrasts. For users constantly on the move, it features an endurance-focused 4300.0 battery and an overall weight of just 0.17kg. Coupled with the intuitive pre-installed environment, the Motorola S50 Neo 256GB hits all the right notes for its category.",,https://phonespecs.net/specs/motorola_s50_neo-13152.html; https://www.techspecs.info/motorola-s50-neo/,300,USD,36000
Smartphone,Motorola,S50 Neo 512GB,MediaTek Dimensity 7200,12,256,,,0.17,,4300,6.5,1080x2400,120,30,32MP,50MP,"For those seeking reliable technology, the Motorola S50 Neo 512GB stands out as a versatile and dependable choice. System operations are driven by the MediaTek Dimensity 7200 processor, 12 of memory and a spacious 256.0 of internal storage, providing the necessary bandwidth for intensive applications. Users will appreciate the visual fidelity offered by a 6.5-inch display featuring a crisp 1080x2400 resolution featuring an ultra-smooth 120.0 refresh rate, perfect for streaming and reading. It integrates a substantial 4300.0 cell and an overall weight of just 0.17kg to maximize mobility without sacrificing runtime. Running naturally on a modern operating system, the Motorola S50 Neo 512GB is an outstanding technological investment.",,https://phonespecs.net/specs/motorola_s50_neo-13152.html; https://www.techspecs.info/motorola-s50-neo/,350,USD,42000
Smartphone,Motorola,Moto E14 64GB,Unisoc T606,4,64,,,0.18,,5000,6.5,1612x720,90,15,8MP,13MP,"Crafted to meet the demands of modern users, the Motorola Moto E14 64GB is a sophisticated piece of engineering. As for its internals, it is driven by the Unisoc T606 processor, 4 of memory and a spacious 64.0 of internal storage, ensuring brisk responsiveness. The device incorporates a 6.5-inch display featuring a crisp 1612x720 resolution featuring an ultra-smooth 90.0 refresh rate, making it fantastic for media consumption and creative work. It integrates a substantial 5000.0 cell and a surprisingly light 0.18kg frame to maximize mobility without sacrificing runtime. Ultimately, with its native software at the helm, the Motorola Moto E14 64GB easily satisfies the rigorous demands of contemporary digital life.",,https://www.motorola.com/we/en/p/phones/moto-e/motorola-e14/pmipmhb38m2; https://www.techspecs.info/motorola-moto-e14/,150,USD,18000
Smartphone,Motorola,Moto E14 128GB,Unisoc T606,4,64,,,0.18,,5000,6.5,1612x720,90,15,8MP,13MP,"For those seeking reliable technology, the Motorola Moto E14 128GB stands out as a dynamic and dependable choice. The core of its performance lies in the Unisoc T606 processor, 4 of memory and a spacious 64.0 of internal storage, allowing users to navigate demanding workflows seamlessly. Its front panel is dominated by a 6.5-inch display featuring a crisp 1612x720 resolution featuring an ultra-smooth 90.0 refresh rate, providing vibrant colors and sharp contrasts. Practicality is further enhanced by a substantial 5000.0 cell and a portable chassis weighing 0.18kg, offering an excellent balance of longevity and comfort. Coupled with the intuitive pre-installed environment, the Motorola Moto E14 128GB hits all the right notes for its category.",,https://www.motorola.com/we/en/p/phones/moto-e/motorola-e14/pmipmhb38m2; https://phonespecs.net/specs/motorola_moto_e14-13148.html; https://www.techspecs.info/motorola-moto-e14/,180,USD,21600
Smartphone,Motorola,Edge 256GB,Snapdragon 7s Gen 2,8,,,,,,4700,6.7,1000x1000,144,15,32MP,50MP,"Presenting the Motorola Edge 256GB: a versatile device built for uncompromised productivity and entertainment. It boasts an impressive architecture featuring the Snapdragon 7s Gen 2 processor and 8 of memory to comfortably manage multitasking without bottlenecks. Its front panel is dominated by a 6.7-inch display featuring a crisp 1000x1000 resolution featuring an ultra-smooth 144.0 refresh rate, providing vibrant colors and sharp contrasts. It integrates a long-lasting 4700.0 battery to maximize mobility without sacrificing runtime. Coupled with the intuitive pre-installed environment, the Motorola Edge 256GB hits all the right notes for its category.",,https://www.motorola.com/us/en/p/phones/motorola-edge/edge-gen-5/pmipmgm36mw?pn=PB0T0003US,450,USD,54000
Smartphone,Motorola,Edge 512GB,Snapdragon 7s Gen 2,12,512,,,,,4700,6.7,2712x1220,120,15,32MP,50MP,"Presenting the Motorola Edge 512GB: a dynamic device built for uncompromised productivity and entertainment. The core of its performance lies in the Snapdragon 7s Gen 2 processor, 12 of memory and a spacious 512.0 of internal storage, allowing users to navigate demanding workflows seamlessly. Users will appreciate the visual fidelity offered by a 6.7-inch display featuring a crisp 2712x1220 resolution featuring an ultra-smooth 120.0 refresh rate, perfect for streaming and reading. Physical endurance is addressed by a long-lasting 4700.0 battery, keeping you productive on the go. Coupled with the intuitive pre-installed environment, the Motorola Edge 512GB hits all the right notes for its category.",,https://www.motorola.com/we/en/p/phones/motorola-edge/motorola-edge-70/pmipmjc43m9,500,USD,60000
Smartphone,Motorola,Moto X50 Ultra 512GB,Snapdragon 8 Gen 3,12,1024,,,0.198,,5000,6.9,1220x2712,144,125,60MP,200MP,"For those seeking reliable technology, the Motorola Moto X50 Ultra 512GB stands out as a reliable and dependable choice. System operations are driven by the Snapdragon 8 Gen 3 processor, 12 of memory and a spacious 1024.0 of internal storage, providing the necessary bandwidth for intensive applications. Users will appreciate the visual fidelity offered by a 6.9-inch display featuring a crisp 1220x2712 resolution featuring an ultra-smooth 144.0 refresh rate, perfect for streaming and reading. For users constantly on the move, it features a substantial 5000.0 cell and an overall weight of just 0.198kg. Ultimately, with its native software at the helm, the Motorola Moto X50 Ultra 512GB easily satisfies the rigorous demands of contemporary digital life.",,https://phonesdata.com/en/smartphones/motorola/moto-x50-ultra-5464850/; https://specsinsight.com/motorola-moto-x50-ultra/,1499,USD,179880
Smartphone,Motorola,Moto G Stylus 5G 256GB,Snapdragon 6 Gen 1,6,256,,,,,5000,6.8,1000x1000,120,15,16MP,50MP,"Crafted to meet the demands of modern users, the Motorola Moto G Stylus 5G 256GB is a powerful piece of engineering. The core of its performance lies in the Snapdragon 6 Gen 1 processor, 6 of memory and a spacious 256.0 of internal storage, allowing users to navigate demanding workflows seamlessly. Its front panel is dominated by a 6.8-inch display featuring a crisp 1000x1000 resolution featuring an ultra-smooth 120.0 refresh rate, providing vibrant colors and sharp contrasts. Physical endurance is addressed by a long-lasting 5000.0 battery, keeping you productive on the go. Running naturally on a modern operating system, the Motorola Moto G Stylus 5G 256GB is an outstanding technological investment.",,https://www.motorola.com/us/en/p/phones/moto-g/g-stylus-5g-gen-4/pmipmgr37mo?pn=PB1M0022US; https://www.mobosdata.com/phone/motorola-moto-g-stylus-5g/,300,USD,36000
Smartphone,Motorola,Moto G Stylus 5G 512GB,Snapdragon 6 Gen 1,8,256,,,,,5000,6.8,1000x1000,120,15,16MP,50MP,"Crafted to meet the demands of modern users, the Motorola Moto G Stylus 5G 512GB is a reliable piece of engineering. The core of its performance lies in the Snapdragon 6 Gen 1 processor, 8 of memory and a spacious 256.0 of internal storage, allowing users to navigate demanding workflows seamlessly. Visuals are showcased on a 6.8-inch display featuring a crisp 1000x1000 resolution featuring an ultra-smooth 120.0 refresh rate, which guarantees an immersive viewing experience. It integrates a substantial 5000.0 cell to maximize mobility without sacrificing runtime. Running naturally on a modern operating system, the Motorola Moto G Stylus 5G 512GB is an outstanding technological investment.",,https://www.motorola.com/us/en/p/phones/moto-g/g-stylus-5g-gen-4/pmipmgr37mo?pn=PB1M0022US; https://www.techspecs.info/motorola-moto-g-stylus-5g-2025/,350,USD,42000
Smartphone,Motorola,Edge 50 Ultra 512GB,Snapdragon 8 Gen 3,12,512,,,0.198,,5000,6.9,2712x1220,144,10,60MP,200MP,"Presenting the Motorola Edge 50 Ultra 512GB: a versatile device built for uncompromised productivity and entertainment. Furthermore, it is driven by the Snapdragon 8 Gen 3 processor, 12 of memory and a spacious 512.0 of internal storage, ensuring brisk responsiveness. Users will appreciate the visual fidelity offered by a 6.9-inch display featuring a crisp 2712x1220 resolution featuring an ultra-smooth 144.0 refresh rate, perfect for streaming and reading. Physical endurance is addressed by an endurance-focused 5000.0 battery and an overall weight of just 0.198kg, keeping you productive on the go. Ultimately, with its native software at the helm, the Motorola Edge 50 Ultra 512GB easily satisfies the rigorous demands of contemporary digital life.",,https://www.motorola.com/we/en/p/phones/motorola-edge/motorola-edge-50-ultra/pmipmgn36m2; https://en-apac.support.motorola.com/app/answers/detail/a_id/187312/~/specifications---motorola-edge-50-ultra; https://www.techspecs.info/motorola-edge-50-ultra/,1499,USD,179880
Smartphone,Motorola,Edge 30 Fusion 128GB,Snapdragon 888+ 5G,8,512,,,0.168,,4400,6.55,2400x1080,144,,32MP,50MP,"The Motorola Edge 30 Fusion 128GB seamlessly blends aesthetics with performance, making it a sophisticated companion for daily tasks. System operations are powered by the Snapdragon 888+ 5G processor, 8 of memory and a spacious 512.0 of internal storage, providing the necessary bandwidth for intensive applications. Its front panel is dominated by a 6.55-inch display featuring a crisp 2400x1080 resolution featuring an ultra-smooth 144.0 refresh rate, providing vibrant colors and sharp contrasts. For users constantly on the move, it features a long-lasting 4400.0 battery and a surprisingly light 0.168kg frame. Coupled with the intuitive pre-installed environment, the Motorola Edge 30 Fusion 128GB hits all the right notes for its category.",,https://en-us.support.motorola.com/app/answers/detail/a_id/172567/~/specifications--motorola-edge-30-fusion/; https://www.mobosdata.com/phone/motorola-edge-30-fusion/,699,USD,83880
Smartphone,Motorola,Edge 30 Fusion 256GB,Snapdragon 888+ 5G,12,512,,,0.168,,4400,6.55,2400x1080,144,68,32MP,50MP,"For those seeking reliable technology, the Motorola Edge 30 Fusion 256GB stands out as a feature-rich and dependable choice. The core of its performance lies in the Snapdragon 888+ 5G processor, 12 of memory and a spacious 512.0 of internal storage, allowing users to navigate demanding workflows seamlessly. The device incorporates a 6.55-inch display featuring a crisp 2400x1080 resolution featuring an ultra-smooth 144.0 refresh rate, making it fantastic for media consumption and creative work. Physical endurance is addressed by an endurance-focused 4400.0 battery and a portable chassis weighing 0.168kg, keeping you productive on the go. Running naturally on a modern operating system, the Motorola Edge 30 Fusion 256GB is an outstanding technological investment.",,https://en-us.support.motorola.com/app/answers/detail/a_id/172567/~/specifications--motorola-edge-30-fusion/; https://www.mobosdata.com/phone/motorola-edge-30-fusion/; https://specsinsight.com/motorola-edge-30-fusion/,749,USD,89880
Smartphone,Motorola,Edge 30 Neo 128GB,Snapdragon 695 5G,6,128,,,,,4020,6.28,387x800,120,68,32MP,64MP,"The Motorola Edge 30 Neo 128GB seamlessly blends aesthetics with performance, making it a powerful companion for daily tasks. System operations are equipped with the Snapdragon 695 5G processor, 6 of memory and a spacious 128.0 of internal storage, providing the necessary bandwidth for intensive applications. Visuals are handled by a 6.28-inch display featuring a crisp 387x800 resolution featuring an ultra-smooth 120.0 refresh rate, which guarantees an immersive viewing experience. Practicality is further enhanced by an endurance-focused 4020.0 battery, offering an excellent balance of longevity and comfort. Coupled with the intuitive pre-installed environment, the Motorola Edge 30 Neo 128GB hits all the right notes for its category.",,https://www.gadgets360.com/motorola-edge-30-neo-price-in-india-112930; https://www.techspecs.info/motorola-edge-30-neo/,499,USD,59880
Smartphone,Motorola,Edge 30 Neo 256GB,Snapdragon 695 5G,8,256,,,,,4020,6.28,1080x2400,120,68,32MP,64MP,"Presenting the Motorola Edge 30 Neo 256GB: a highly capable device built for uncompromised productivity and entertainment. It boasts an impressive architecture featuring the Snapdragon 695 5G processor, 8 of memory and a spacious 256.0 of internal storage to comfortably manage multitasking without bottlenecks. Its front panel is dominated by a 6.28-inch display featuring a crisp 1080x2400 resolution featuring an ultra-smooth 120.0 refresh rate, providing vibrant colors and sharp contrasts. It integrates a substantial 4020.0 cell to maximize mobility without sacrificing runtime. Ultimately, with its native software at the helm, the Motorola Edge 30 Neo 256GB easily satisfies the rigorous demands of contemporary digital life.",,https://phonesdata.com/en/smartphones/motorola/edge-30-neo-5462754/; https://www.mobosdata.com/phone/motorola-edge-30-neo/; https://www.cellsarena.com/phones/motorola/motorola-edge-30-neo,549,USD,65880
Smartphone,Motorola,Moto G82 5G 128GB,Snapdragon 695 5G,6,128,,,0.173,,5000,6.6,2400x1800,120,30,16MP,50MP,"Crafted to meet the demands of modern users, the Motorola Moto G82 5G 128GB is a reliable piece of engineering. The core of its performance lies in the Snapdragon 695 5G processor, 6 of memory and a spacious 128.0 of internal storage, allowing users to navigate demanding workflows seamlessly. Visuals are delivered through a 6.6-inch display featuring a crisp 2400x1800 resolution featuring an ultra-smooth 120.0 refresh rate, which guarantees an immersive viewing experience. It integrates a long-lasting 5000.0 battery and a portable chassis weighing 0.173kg to maximize mobility without sacrificing runtime. Ultimately, with its native software at the helm, the Motorola Moto G82 5G 128GB easily satisfies the rigorous demands of contemporary digital life.",,https://my.motorola.com/smartphone-motorola-moto-g82-5g/p; https://www.gsmarena.com.bd/motorola-moto-g82/; https://phonespecs.net/specs/motorola_moto_g82-11508.html,399,USD,47880
Smartphone,Motorola,Moto G82 5G 256GB,Snapdragon 695 5G,8,128,,,0.173,,5000,6.6,2400x1800,120,30,16MP,50MP,"For those seeking reliable technology, the Motorola Moto G82 5G 256GB stands out as a dynamic and dependable choice. System operations are fueled by the Snapdragon 695 5G processor, 8 of memory and a spacious 128.0 of internal storage, providing the necessary bandwidth for intensive applications. Its front panel is dominated by a 6.6-inch display featuring a crisp 2400x1800 resolution featuring an ultra-smooth 120.0 refresh rate, providing vibrant colors and sharp contrasts. It integrates an endurance-focused 5000.0 battery and a surprisingly light 0.173kg frame to maximize mobility without sacrificing runtime. Operating on an efficient OS layer, this configuration positions the Motorola Moto G82 5G 256GB as a highly capable daily driver.",,https://my.motorola.com/smartphone-motorola-moto-g82-5g/p; https://phonespecs.net/specs/motorola_moto_g82-11508.html; https://www.mobosdata.com/phone/motorola-moto-g82/,449,USD,53880
Smartphone,Motorola,Moto G62 5G 128GB,Snapdragon 480+ 5G,4,128,,,,,5000,6.5,1080x2400,120,15,16MP,50MP,"Crafted to meet the demands of modern users, the Motorola Moto G62 5G 128GB is a dynamic piece of engineering. It boasts an impressive architecture featuring the Snapdragon 480+ 5G processor, 4 of memory and a spacious 128.0 of internal storage to comfortably manage multitasking without bottlenecks. Its front panel is dominated by a 6.5-inch display featuring a crisp 1080x2400 resolution featuring an ultra-smooth 120.0 refresh rate, providing vibrant colors and sharp contrasts. Practicality is further enhanced by a substantial 5000.0 cell, offering an excellent balance of longevity and comfort. Coupled with the intuitive pre-installed environment, the Motorola Moto G62 5G 128GB hits all the right notes for its category.",,https://phonesdata.com/en/smartphones/motorola/moto-g62-5g-5462430/; https://phonespecs.net/specs/motorola_moto_g62_5g-11602.html; https://www.mobosdata.com/phone/motorola-moto-g62-5g/,349,USD,41880
Smartphone,Motorola,Moto G62 5G 256GB,Snapdragon 480+ 5G,6,128,,,,,5000,6.5,1080x2400,120,15,16MP,50MP,"Presenting the Motorola Moto G62 5G 256GB: a dynamic device built for uncompromised productivity and entertainment. System operations are driven by the Snapdragon 480+ 5G processor, 6 of memory and a spacious 128.0 of internal storage, providing the necessary bandwidth for intensive applications. Visuals are showcased on a 6.5-inch display featuring a crisp 1080x2400 resolution featuring an ultra-smooth 120.0 refresh rate, which guarantees an immersive viewing experience. It integrates a substantial 5000.0 cell to maximize mobility without sacrificing runtime. Running naturally on a modern operating system, the Motorola Moto G62 5G 256GB is an outstanding technological investment.",,https://phonesdata.com/en/smartphones/motorola/moto-g62-5g-5462430/; https://phonespecs.net/specs/motorola_moto_g62_5g-11602.html; https://www.techspecs.info/motorola-moto-g62-5g/,399,USD,47880
Smartphone,Motorola,Moto G42 128GB,Snapdragon 680 4G,4,128,,,,,5000,6.4,1080x2400,60,18,16MP,50MP,"For those seeking reliable technology, the Motorola Moto G42 128GB stands out as a powerful and dependable choice. The core of its performance lies in the Snapdragon 680 4G processor, 4 of memory and a spacious 128.0 of internal storage, allowing users to navigate demanding workflows seamlessly. Users will appreciate the visual fidelity offered by a 6.4-inch display featuring a crisp 1080x2400 resolution featuring an ultra-smooth 60.0 refresh rate, perfect for streaming and reading. Physical endurance is addressed by an endurance-focused 5000.0 battery, keeping you productive on the go. Coupled with the intuitive pre-installed environment, the Motorola Moto G42 128GB hits all the right notes for its category.",,https://phonespecs.net/specs/motorola_moto_g42-11608.html; https://www.gadgets360.com/motorola-moto-g42-price-in-india-109853; https://www.mobosdata.com/phone/motorola-moto-g42/,299,USD,35880
Smartphone,Motorola,Moto G32 128GB,Snapdragon 680 4G,4,64,,,,,5000,6.5,1080x2400,90,30,16MP,50MP,"Presenting the Motorola Moto G32 128GB: a powerful device built for uncompromised productivity and entertainment. The core of its performance lies in the Snapdragon 680 4G processor, 4 of memory and a spacious 64.0 of internal storage, allowing users to navigate demanding workflows seamlessly. Its front panel is dominated by a 6.5-inch display featuring a crisp 1080x2400 resolution featuring an ultra-smooth 90.0 refresh rate, providing vibrant colors and sharp contrasts. For users constantly on the move, it features a long-lasting 5000.0 battery. Running naturally on a modern operating system, the Motorola Moto G32 128GB is an outstanding technological investment.",,https://www.techspecs.info/motorola-moto-g32/,279,USD,33480
Smartphone,Motorola,Moto E32s 64GB,MediaTek Helio G37,3,32,,,,,5000,6.5,720x1600,90,15,8MP,16MP,"The Motorola Moto E32s 64GB seamlessly blends aesthetics with performance, making it a feature-rich companion for daily tasks. The core of its performance lies in the MediaTek Helio G37 processor, 3 of memory and a spacious 32.0 of internal storage, allowing users to navigate demanding workflows seamlessly. Users will appreciate the visual fidelity offered by a 6.5-inch display featuring a crisp 720x1600 resolution featuring an ultra-smooth 90.0 refresh rate, perfect for streaming and reading. Practicality is further enhanced by an endurance-focused 5000.0 battery, offering an excellent balance of longevity and comfort. Ultimately, with its native software at the helm, the Motorola Moto E32s 64GB easily satisfies the rigorous demands of contemporary digital life.",,https://phonespecs.net/specs/motorola_moto_e32s-11555.html; https://www.techspecs.info/motorola-moto-e32s/,199,USD,23880
Smartphone,Motorola,Moto E22i 32GB,MediaTek Helio G37,2,32,,,0.169,,4020,6.5,720x1600,90,10,5MP,16MP,"The Motorola Moto E22i 32GB seamlessly blends aesthetics with performance, making it a sophisticated companion for daily tasks. The core of its performance lies in the MediaTek Helio G37 processor, 2 of memory and a spacious 32.0 of internal storage, allowing users to navigate demanding workflows seamlessly. Visuals are rendered on a 6.5-inch display featuring a crisp 720x1600 resolution featuring an ultra-smooth 90.0 refresh rate, which guarantees an immersive viewing experience. It integrates an endurance-focused 4020.0 battery and a surprisingly light 0.169kg frame to maximize mobility without sacrificing runtime. Running naturally on a modern operating system, the Motorola Moto E22i 32GB is an outstanding technological investment.",,https://phonespecs.net/specs/motorola_moto_e22i-11884.html; https://www.techspecs.info/motorola-moto-e22i/,179,USD,21480
Smartphone,Motorola,Moto E22 64GB,MediaTek Helio G37,4,64,,,0.169,,4020,6.5,1600x720,90,10,5MP,16MP,"Presenting the Motorola Moto E22 64GB: a versatile device built for uncompromised productivity and entertainment. It boasts an impressive architecture featuring the MediaTek Helio G37 processor, 4 of memory and a spacious 64.0 of internal storage to comfortably manage multitasking without bottlenecks. Visuals are showcased on a 6.5-inch display featuring a crisp 1600x720 resolution featuring an ultra-smooth 90.0 refresh rate, which guarantees an immersive viewing experience. It integrates an endurance-focused 4020.0 battery and an overall weight of just 0.169kg to maximize mobility without sacrificing runtime. Ultimately, with its native software at the helm, the Motorola Moto E22 64GB easily satisfies the rigorous demands of contemporary digital life.",,https://globalb2b.motorola.com/smartphones-moto-e-22/p; https://phonespecs.net/specs/motorola_moto_e22-11883.html; https://www.mobosdata.com/phone/motorola-moto-e22/,199,USD,23880
Smartphone,Motorola,Moto G22 64GB,MediaTek Helio G37,4,128,,,,,5000,6.5,720x1600,90,20,16MP,50MP,"For those seeking reliable technology, the Motorola Moto G22 64GB stands out as a versatile and dependable choice. It boasts an impressive architecture featuring the MediaTek Helio G37 processor, 4 of memory and a spacious 128.0 of internal storage to comfortably manage multitasking without bottlenecks. Its front panel is dominated by a 6.5-inch display featuring a crisp 720x1600 resolution featuring an ultra-smooth 90.0 refresh rate, providing vibrant colors and sharp contrasts. Physical endurance is addressed by a long-lasting 5000.0 battery, keeping you productive on the go. Ultimately, with its native software at the helm, the Motorola Moto G22 64GB easily satisfies the rigorous demands of contemporary digital life.",,https://phonesdata.com/en/smartphones/motorola/moto-g22-5462094/; https://phonespecs.net/specs/motorola_moto_g22-11365.html; https://www.mobosdata.com/phone/motorola-moto-g22/,249,USD,29880
Smartphone,Huawei,P50,Snapdragon 888 4G,8,256,,,0.181,,4100,6.5,2700x1224,90,66,13MP,50MP,"For those seeking reliable technology, the Huawei P50 stands out as a feature-rich and dependable choice. System operations are engineered around the Snapdragon 888 4G processor, 8 of memory and a spacious 256.0 of internal storage, providing the necessary bandwidth for intensive applications. Visuals are presented via a 6.5-inch display featuring a crisp 2700x1224 resolution featuring an ultra-smooth 90.0 refresh rate, which guarantees an immersive viewing experience. For users constantly on the move, it features a substantial 4100.0 cell and an overall weight of just 0.181kg. Running naturally on a modern operating system, the Huawei P50 is an outstanding technological investment.",,https://consumer.huawei.com/ph/phones/p50/specs/; https://phonespecs.net/specs/huawei_p50-10788.html,699,USD,83880
Smartphone,Huawei,P50 Pro,Snapdragon 888 4G,8,256,,,,,4360,6.6,2700x1228,120,66,13MP,50MP,"Presenting the Huawei P50 Pro: a premium device built for uncompromised productivity and entertainment. System operations are equipped with the Snapdragon 888 4G processor, 8 of memory and a spacious 256.0 of internal storage, providing the necessary bandwidth for intensive applications. The device incorporates a 6.6-inch display featuring a crisp 2700x1228 resolution featuring an ultra-smooth 120.0 refresh rate, making it fantastic for media consumption and creative work. Physical endurance is addressed by a substantial 4360.0 cell, keeping you productive on the go. Coupled with the intuitive pre-installed environment, the Huawei P50 Pro hits all the right notes for its category.",,https://consumer.huawei.com/jo/phones/p50-pro/specs/; https://www.techspecs.info/huawei-p50-pro/,899,USD,107880
Smartphone,Huawei,P50 Pocket,Snapdragon 888 4G,8,256,,,0.19,,4000,6.9,1080x2640,120,40,10.7MP,40MP,"Crafted to meet the demands of modern users, the Huawei P50 Pocket is a sophisticated piece of engineering. Under the hood, it is equipped with the Snapdragon 888 4G processor, 8 of memory and a spacious 256.0 of internal storage, ensuring brisk responsiveness. Users will appreciate the visual fidelity offered by a 6.9-inch display featuring a crisp 1080x2640 resolution featuring an ultra-smooth 120.0 refresh rate, perfect for streaming and reading. Practicality is further enhanced by an endurance-focused 4000.0 battery and a surprisingly light 0.19kg frame, offering an excellent balance of longevity and comfort. Ultimately, with its native software at the helm, the Huawei P50 Pocket easily satisfies the rigorous demands of contemporary digital life.",,https://consumer.huawei.com/qa/support/phones/p50-pocket/; https://phonesdata.com/en/smartphones/huawei/p50-pocket-5461962/; https://phonespecs.net/specs/huawei_p50_pocket-11280.html; https://www.techspecs.info/huawei-p50-pocket/,1299,USD,155880
Smartphone,Huawei,Mate 40E,Kirin 990E 5G,8,128,,,0.188,,4200,6.5,1080x2376,90,40,13MP,64MP,"For those seeking reliable technology, the Huawei Mate 40E stands out as a highly capable and dependable choice. It boasts an impressive architecture featuring the Kirin 990E 5G processor, 8 of memory and a spacious 128.0 of internal storage to comfortably manage multitasking without bottlenecks. The device incorporates a 6.5-inch display featuring a crisp 1080x2376 resolution featuring an ultra-smooth 90.0 refresh rate, making it fantastic for media consumption and creative work. Physical endurance is addressed by a substantial 4200.0 cell and a portable chassis weighing 0.188kg, keeping you productive on the go. Coupled with the intuitive pre-installed environment, the Huawei Mate 40E hits all the right notes for its category.",,https://phonespecs.net/specs/huawei_mate_40e-10783.html; https://www.techspecs.info/huawei-mate-40e-4g/,799,USD,95880
Smartphone,Huawei,Mate X2,Kirin 9000 5G,8,,,,,,4500,8,2200x2480,90,55,16MP,50MP,"For those seeking reliable technology, the Huawei Mate X2 stands out as a highly capable and dependable choice. System operations are equipped with the Kirin 9000 5G processor and 8 of memory, providing the necessary bandwidth for intensive applications. Users will appreciate the visual fidelity offered by a 8.0-inch display featuring a crisp 2200x2480 resolution featuring an ultra-smooth 90.0 refresh rate, perfect for streaming and reading. Practicality is further enhanced by a substantial 4500.0 cell, offering an excellent balance of longevity and comfort. Coupled with the intuitive pre-installed environment, the Huawei Mate X2 hits all the right notes for its category.",,https://phonespecs.net/specs/huawei_mate_x2-10697.html,2699,USD,323880
Smartphone,Huawei,Nova 9,Snapdragon 778G 4G,8,128,,,,,4300,6.57,2340x1080,120,66,32MP,50MP,"For those seeking reliable technology, the Huawei Nova 9 stands out as a feature-rich and dependable choice. System operations are driven by the Snapdragon 778G 4G processor, 8 of memory and a spacious 128.0 of internal storage, providing the necessary bandwidth for intensive applications. Visuals are rendered on a 6.57-inch display featuring a crisp 2340x1080 resolution featuring an ultra-smooth 120.0 refresh rate, which guarantees an immersive viewing experience. It integrates a long-lasting 4300.0 battery to maximize mobility without sacrificing runtime. Operating on an efficient OS layer, this configuration positions the Huawei Nova 9 as a highly capable daily driver.",,https://consumer.huawei.com/jo/phones/nova9/specs/; https://www.techspecs.info/huawei-nova-9/,499,USD,59880
Smartphone,Huawei,Nova 9 Pro,Snapdragon 778G 4G,8,128,,,0.186,,4000,6.72,1236x2676,120,100,Dual 32MP,50MP,"The Huawei Nova 9 Pro seamlessly blends aesthetics with performance, making it a powerful companion for daily tasks. It boasts an impressive architecture featuring the Snapdragon 778G 4G processor, 8 of memory and a spacious 128.0 of internal storage to comfortably manage multitasking without bottlenecks. The device incorporates a 6.72-inch display featuring a crisp 1236x2676 resolution featuring an ultra-smooth 120.0 refresh rate, making it fantastic for media consumption and creative work. Practicality is further enhanced by an endurance-focused 4000.0 battery and an overall weight of just 0.186kg, offering an excellent balance of longevity and comfort. Operating on an efficient OS layer, this configuration positions the Huawei Nova 9 Pro as a highly capable daily driver.",,https://www.techspecs.info/huawei-nova-9-pro/,599,USD,71880
Smartphone,Huawei,P50E,Snapdragon 778G 4G,8,128,,,0.181,,4100,6.5,1224x2700,90,66,13MP,50MP,"Crafted to meet the demands of modern users, the Huawei P50E is a feature-rich piece of engineering. Moving to performance, it is equipped with the Snapdragon 778G 4G processor, 8 of memory and a spacious 128.0 of internal storage, ensuring brisk responsiveness. Its front panel is dominated by a 6.5-inch display featuring a crisp 1224x2700 resolution featuring an ultra-smooth 90.0 refresh rate, providing vibrant colors and sharp contrasts. Practicality is further enhanced by a substantial 4100.0 cell and a surprisingly light 0.181kg frame, offering an excellent balance of longevity and comfort. Coupled with the intuitive pre-installed environment, the Huawei P50E hits all the right notes for its category.",,https://www.techspecs.info/huawei-p50e/,649,USD,77880
Smartphone,Huawei,Mate Xs 2,Snapdragon 888 4G,8,512,,,,,4600,7.8,2480x2200,120,66,10.7MP,50MP,"For those seeking reliable technology, the Huawei Mate Xs 2 stands out as a highly capable and dependable choice. System operations are engineered around the Snapdragon 888 4G processor, 8 of memory and a spacious 512.0 of internal storage, providing the necessary bandwidth for intensive applications. Users will appreciate the visual fidelity offered by a 7.8-inch display featuring a crisp 2480x2200 resolution featuring an ultra-smooth 120.0 refresh rate, perfect for streaming and reading. Physical endurance is addressed by an endurance-focused 4600.0 battery, keeping you productive on the go. Operating on an efficient OS layer, this configuration positions the Huawei Mate Xs 2 as a highly capable daily driver.",,https://consumer.huawei.com/my/phones/mate-xs2/specs/; https://www.techspecs.info/huawei-mate-xs-2/,2499,USD,299880
Smartphone,Huawei,Mate 50,Snapdragon 8+ Gen 1 4G,8,256,,,0.202,,4460,6.7,1224x2700,90,66,13MP,50MP,"The Huawei Mate 50 emerges as a powerful solution designed to elevate your digital experience. It boasts an impressive architecture featuring the Snapdragon 8+ Gen 1 4G processor, 8 of memory and a spacious 256.0 of internal storage to comfortably manage multitasking without bottlenecks. Its front panel is dominated by a 6.7-inch display featuring a crisp 1224x2700 resolution featuring an ultra-smooth 90.0 refresh rate, providing vibrant colors and sharp contrasts. It integrates a substantial 4460.0 cell and a portable chassis weighing 0.202kg to maximize mobility without sacrificing runtime. Ultimately, with its native software at the helm, the Huawei Mate 50 easily satisfies the rigorous demands of contemporary digital life.",,https://consumer.huawei.com/ae-en/phones/mate50/specs/; https://phonesdata.com/en/smartphones/huawei/mate-50-5462751/; https://www.techspecs.info/huawei-mate-50/,999,USD,119880
Smartphone,Huawei,Mate 50 Pro,Snapdragon 8+ Gen 1 4G,8,512,,,,,4700,6.74,1212x2616,120,66,13MP,50MP,"For those seeking reliable technology, the Huawei Mate 50 Pro stands out as a versatile and dependable choice. Furthermore, it is driven by the Snapdragon 8+ Gen 1 4G processor, 8 of memory and a spacious 512.0 of internal storage, ensuring brisk responsiveness. Visuals are rendered on a 6.74-inch display featuring a crisp 1212x2616 resolution featuring an ultra-smooth 120.0 refresh rate, which guarantees an immersive viewing experience. It integrates a substantial 4700.0 cell to maximize mobility without sacrificing runtime. Running naturally on a modern operating system, the Huawei Mate 50 Pro is an outstanding technological investment.",,https://consumer.huawei.com/levant/phones/mate50-pro/specs/; https://www.techspecs.info/huawei-mate-50-pro/,1199,USD,143880
Smartphone,Huawei,Nova 10,Snapdragon 778G 4G,8,256,,,0.168,,4000,6.67,1080x2400,120,66,60MP,50MP,"Presenting the Huawei Nova 10: a reliable device built for uncompromised productivity and entertainment. It boasts an impressive architecture featuring the Snapdragon 778G 4G processor, 8 of memory and a spacious 256.0 of internal storage to comfortably manage multitasking without bottlenecks. Users will appreciate the visual fidelity offered by a 6.67-inch display featuring a crisp 1080x2400 resolution featuring an ultra-smooth 120.0 refresh rate, perfect for streaming and reading. For users constantly on the move, it features an endurance-focused 4000.0 battery and an overall weight of just 0.168kg. Ultimately, with its native software at the helm, the Huawei Nova 10 easily satisfies the rigorous demands of contemporary digital life.",,https://consumer.huawei.com/jo/phones/nova10/specs/; https://www.techspecs.info/huawei-nova-10/,499,USD,59880
Smartphone,Huawei,Nova 10 Pro,Snapdragon 778G 4G,8,256,,,0.191,,4500,6.78,1200x2652,120,100,Dual 60MP,50MP,"The Huawei Nova 10 Pro seamlessly blends aesthetics with performance, making it a powerful companion for daily tasks. System operations are equipped with the Snapdragon 778G 4G processor, 8 of memory and a spacious 256.0 of internal storage, providing the necessary bandwidth for intensive applications. Users will appreciate the visual fidelity offered by a 6.78-inch display featuring a crisp 1200x2652 resolution featuring an ultra-smooth 120.0 refresh rate, perfect for streaming and reading. Physical endurance is addressed by a substantial 4500.0 cell and a portable chassis weighing 0.191kg, keeping you productive on the go. Coupled with the intuitive pre-installed environment, the Huawei Nova 10 Pro hits all the right notes for its category.",,https://consumer.huawei.com/mm/phones/nova10-pro/specs/; https://www.techspecs.info/huawei-nova-10-pro/,599,USD,71880
Smartphone,Huawei,Nova 10 SE,Snapdragon 680 4G,8,128,,,,,4500,6.67,1080x2400,90,66,16MP,108MP,"Presenting the Huawei Nova 10 SE: a sophisticated device built for uncompromised productivity and entertainment. System operations are engineered around the Snapdragon 680 4G processor, 8 of memory and a spacious 128.0 of internal storage, providing the necessary bandwidth for intensive applications. The device incorporates a 6.67-inch display featuring a crisp 1080x2400 resolution featuring an ultra-smooth 90.0 refresh rate, making it fantastic for media consumption and creative work. Physical endurance is addressed by a long-lasting 4500.0 battery, keeping you productive on the go. Ultimately, with its native software at the helm, the Huawei Nova 10 SE easily satisfies the rigorous demands of contemporary digital life.",,https://www.techspecs.info/huawei-nova-10-se/,399,USD,47880
Smartphone,Huawei,P60,Snapdragon 8+ Gen 1 4G,8,128,,,0.197,,4815,6.67,1220x2700,120,66,13MP,48MP (wide) + 13MP (ultrawide) + 48MP (telephoto),"Crafted to meet the demands of modern users, the Huawei P60 is a dynamic piece of engineering. It boasts an impressive architecture featuring the Snapdragon 8+ Gen 1 4G processor, 8 of memory and a spacious 128.0 of internal storage to comfortably manage multitasking without bottlenecks. The device incorporates a 6.67-inch display featuring a crisp 1220x2700 resolution featuring an ultra-smooth 120.0 refresh rate, making it fantastic for media consumption and creative work. Physical endurance is addressed by an endurance-focused 4815.0 battery and a portable chassis weighing 0.197kg, keeping you productive on the go. Coupled with the intuitive pre-installed environment, the Huawei P60 hits all the right notes for its category.",,https://www.techspecs.info/huawei-p60/,999,USD,119880
Smartphone,Huawei,P60 Pro,Snapdragon 8+ Gen 1 4G,8,256,,,0.2,,4815,6.67,1220x2700,120,88,13MP,48MP (wide) + 13MP (ultrawide) + 48MP (telephoto),"The Huawei P60 Pro emerges as a reliable solution designed to elevate your digital experience. It boasts an impressive architecture featuring the Snapdragon 8+ Gen 1 4G processor, 8 of memory and a spacious 256.0 of internal storage to comfortably manage multitasking without bottlenecks. Visuals are showcased on a 6.67-inch display featuring a crisp 1220x2700 resolution featuring an ultra-smooth 120.0 refresh rate, which guarantees an immersive viewing experience. It integrates a substantial 4815.0 cell and a surprisingly light 0.2kg frame to maximize mobility without sacrificing runtime. Coupled with the intuitive pre-installed environment, the Huawei P60 Pro hits all the right notes for its category.",,https://www.techspecs.info/huawei-p60-pro/,1099,USD,131880
Smartphone,Huawei,P60 Art,Snapdragon 8+ Gen 1 4G,8,512,,,0.206,,5100,6.73,1220x2700,120,88,13MP,48MP (wide) + 40MP (ultrawide) + 48MP (telephoto),"For those seeking reliable technology, the Huawei P60 Art stands out as a sophisticated and dependable choice. Under the hood, it is engineered around the Snapdragon 8+ Gen 1 4G processor, 8 of memory and a spacious 512.0 of internal storage, ensuring brisk responsiveness. The device incorporates a 6.73-inch display featuring a crisp 1220x2700 resolution featuring an ultra-smooth 120.0 refresh rate, making it fantastic for media consumption and creative work. It integrates a long-lasting 5100.0 battery and an overall weight of just 0.206kg to maximize mobility without sacrificing runtime. Operating on an efficient OS layer, this configuration positions the Huawei P60 Art as a highly capable daily driver.",,https://phonespecs.net/specs/huawei_p60_art-12192.html; https://www.techspecs.info/huawei-p60-art/,1299,USD,155880
Smartphone,Huawei,Mate X3,Snapdragon 8+ Gen 1 4G,12,512,,,0.239,,4800,7.85,2224x2496,120,66,8MP,50MP (wide) + 13MP (ultrawide) + 12MP (periscope telephoto),"The Huawei Mate X3 seamlessly blends aesthetics with performance, making it a reliable companion for daily tasks. Furthermore, it is driven by the Snapdragon 8+ Gen 1 4G processor, 12 of memory and a spacious 512.0 of internal storage, ensuring brisk responsiveness. Visuals are rendered on a 7.85-inch display featuring a crisp 2224x2496 resolution featuring an ultra-smooth 120.0 refresh rate, which guarantees an immersive viewing experience. For users constantly on the move, it features a long-lasting 4800.0 battery and a surprisingly light 0.239kg frame. Ultimately, with its native software at the helm, the Huawei Mate X3 easily satisfies the rigorous demands of contemporary digital life.",,https://consumer.huawei.com/bh/phones/mate-x3/specs/; https://phonespecs.net/specs/huawei_mate_x3-12186.html,2499,USD,299880
Smartphone,Huawei,Mate 60,Kirin 9000S,12,256,,,0.209,,4750,6.7,1216x2688,120,66,13MP,50MP (wide) + 12MP (ultrawide) + 12MP (telephoto),"For those seeking reliable technology, the Huawei Mate 60 stands out as a powerful and dependable choice. It boasts an impressive architecture featuring the Kirin 9000S processor, 12 of memory and a spacious 256.0 of internal storage to comfortably manage multitasking without bottlenecks. The device incorporates a 6.7-inch display featuring a crisp 1216x2688 resolution featuring an ultra-smooth 120.0 refresh rate, making it fantastic for media consumption and creative work. Practicality is further enhanced by a substantial 4750.0 cell and an overall weight of just 0.209kg, offering an excellent balance of longevity and comfort. Running naturally on a modern operating system, the Huawei Mate 60 is an outstanding technological investment.",,https://phonespecs.net/specs/huawei_mate_60-12539.html; https://www.techspecs.info/huawei-mate-60/,1099,USD,131880
Smartphone,Huawei,Mate 60 Pro,Kirin 9000S,12,256,,,,,5000,6.82,1260x2720,120,50,13MP,50MP (wide) + 40MP (ultrawide) + 48MP (telephoto),"Crafted to meet the demands of modern users, the Huawei Mate 60 Pro is a feature-rich piece of engineering. System operations are fueled by the Kirin 9000S processor, 12 of memory and a spacious 256.0 of internal storage, providing the necessary bandwidth for intensive applications. Users will appreciate the visual fidelity offered by a 6.82-inch display featuring a crisp 1260x2720 resolution featuring an ultra-smooth 120.0 refresh rate, perfect for streaming and reading. Physical endurance is addressed by an endurance-focused 5000.0 battery, keeping you productive on the go. Operating on an efficient OS layer, this configuration positions the Huawei Mate 60 Pro as a highly capable daily driver.",,https://www.techspecs.info/huawei-mate-60-pro/,1299,USD,155880
Smartphone,Huawei,Mate 60 Pro+,Kirin 9000S,12,512,,,,,5200,6.82,1260x2720,120,88,13MP,50MP (wide) + 48MP (ultrawide) + 48MP (telephoto),"Presenting the Huawei Mate 60 Pro+: a reliable device built for uncompromised productivity and entertainment. The core of its performance lies in the Kirin 9000S processor, 12 of memory and a spacious 512.0 of internal storage, allowing users to navigate demanding workflows seamlessly. Visuals are handled by a 6.82-inch display featuring a crisp 1260x2720 resolution featuring an ultra-smooth 120.0 refresh rate, which guarantees an immersive viewing experience. It integrates an endurance-focused 5200.0 battery to maximize mobility without sacrificing runtime. Coupled with the intuitive pre-installed environment, the Huawei Mate 60 Pro+ hits all the right notes for its category.",,https://phonesdata.com/en/smartphones/huawei/mate-60-pro-5464856/; https://www.techspecs.info/huawei-mate-60-pro-plus/,1499,USD,179880
Smartphone,Huawei,Nova 11,Snapdragon 778G 4G,8,256,,,0.168,,4500,6.7,1084x2412,120,66,60MP,50MP (wide) + 8MP (ultrawide),"Crafted to meet the demands of modern users, the Huawei Nova 11 is a modern piece of engineering. It boasts an impressive architecture featuring the Snapdragon 778G 4G processor, 8 of memory and a spacious 256.0 of internal storage to comfortably manage multitasking without bottlenecks. Users will appreciate the visual fidelity offered by a 6.7-inch display featuring a crisp 1084x2412 resolution featuring an ultra-smooth 120.0 refresh rate, perfect for streaming and reading. Practicality is further enhanced by an endurance-focused 4500.0 battery and a surprisingly light 0.168kg frame, offering an excellent balance of longevity and comfort. Coupled with the intuitive pre-installed environment, the Huawei Nova 11 hits all the right notes for its category.",,https://consumer.huawei.com/mm/phones/nova11/specs/; https://www.techspecs.info/huawei-nova-11/,499,USD,59880
Smartphone,Huawei,Nova 11 Pro,Snapdragon 778G 4G,8,256,,,0.188,,4500,6.78,1200x2652,120,100,60MP (ultrawide) + 8MP (telephoto),50MP (wide) + 8MP (ultrawide),"Crafted to meet the demands of modern users, the Huawei Nova 11 Pro is a powerful piece of engineering. It boasts an impressive architecture featuring the Snapdragon 778G 4G processor, 8 of memory and a spacious 256.0 of internal storage to comfortably manage multitasking without bottlenecks. Users will appreciate the visual fidelity offered by a 6.78-inch display featuring a crisp 1200x2652 resolution featuring an ultra-smooth 120.0 refresh rate, perfect for streaming and reading. It integrates a substantial 4500.0 cell and a surprisingly light 0.188kg frame to maximize mobility without sacrificing runtime. Operating on an efficient OS layer, this configuration positions the Huawei Nova 11 Pro as a highly capable daily driver.",,https://www.techspecs.info/huawei-nova-11-pro/,599,USD,71880
Smartphone,Huawei,Nova 11 Ultra,Snapdragon 778G 4G,12,512,,,0.188,,4500,6.78,1200x2652,120,100,60MP (ultrawide) + 8MP (telephoto),50MP (wide) + 8MP (ultrawide),"For those seeking reliable technology, the Huawei Nova 11 Ultra stands out as a feature-rich and dependable choice. System operations are equipped with the Snapdragon 778G 4G processor, 12 of memory and a spacious 512.0 of internal storage, providing the necessary bandwidth for intensive applications. Users will appreciate the visual fidelity offered by a 6.78-inch display featuring a crisp 1200x2652 resolution featuring an ultra-smooth 120.0 refresh rate, perfect for streaming and reading. Physical endurance is addressed by a substantial 4500.0 cell and a portable chassis weighing 0.188kg, keeping you productive on the go. Operating on an efficient OS layer, this configuration positions the Huawei Nova 11 Ultra as a highly capable daily driver.",,https://www.techspecs.info/huawei-nova-11-ultra/,699,USD,83880
Smartphone,Huawei,Pura 70,Kirin 9010,12,256,,,0.22,,4900,6.8,1256x2760,120,66,13MP,50MP + 13MP + 12MP,"Presenting the Huawei Pura 70: a sophisticated device built for uncompromised productivity and entertainment. System operations are fueled by the Kirin 9010 processor, 12 of memory and a spacious 256.0 of internal storage, providing the necessary bandwidth for intensive applications. Visuals are showcased on a 6.8-inch display featuring a crisp 1256x2760 resolution featuring an ultra-smooth 120.0 refresh rate, which guarantees an immersive viewing experience. Practicality is further enhanced by a substantial 4900.0 cell and a surprisingly light 0.22kg frame, offering an excellent balance of longevity and comfort. Running naturally on a modern operating system, the Huawei Pura 70 is an outstanding technological investment.",,https://consumer.huawei.com/sg/phones/pura70/specs/; https://www.techspecs.info/huawei-pura-70/,999,USD,119880
Smartphone,Huawei,Pura 70 Pro,Kirin 9010,12,512,,,0.22,,5050,6.8,1260x2844,120,100,13MP,50MP + 12.5MP + 48MP,"Presenting the Huawei Pura 70 Pro: a sophisticated device built for uncompromised productivity and entertainment. System operations are powered by the Kirin 9010 processor, 12 of memory and a spacious 512.0 of internal storage, providing the necessary bandwidth for intensive applications. Its front panel is dominated by a 6.8-inch display featuring a crisp 1260x2844 resolution featuring an ultra-smooth 120.0 refresh rate, providing vibrant colors and sharp contrasts. It integrates a substantial 5050.0 cell and a surprisingly light 0.22kg frame to maximize mobility without sacrificing runtime. Coupled with the intuitive pre-installed environment, the Huawei Pura 70 Pro hits all the right notes for its category.",,https://consumer.huawei.com/sg/phones/pura70-pro/specs/; https://www.techspecs.info/huawei-pura-70-pro/,1099,USD,131880
Smartphone,Huawei,Pura 70 Pro+,Kirin 9010,12,512,,,0.22,,5050,6.8,1260x2844,120,100,13MP,50MP + 12.5MP + 48MP,"Presenting the Huawei Pura 70 Pro+: a powerful device built for uncompromised productivity and entertainment. Furthermore, it is fueled by the Kirin 9010 processor, 12 of memory and a spacious 512.0 of internal storage, ensuring brisk responsiveness. Visuals are handled by a 6.8-inch display featuring a crisp 1260x2844 resolution featuring an ultra-smooth 120.0 refresh rate, which guarantees an immersive viewing experience. Physical endurance is addressed by a long-lasting 5050.0 battery and an overall weight of just 0.22kg, keeping you productive on the go. Ultimately, with its native software at the helm, the Huawei Pura 70 Pro+ easily satisfies the rigorous demands of contemporary digital life.",,https://consumer.huawei.com/sg/phones/pura70-pro/specs/; https://www.techspecs.info/huawei-pura-70-pro/,1199,USD,143880
Smartphone,Huawei,Pura 70 Ultra,Kirin 9010,16,512,,,0.226,,5200,6.8,1260x2844,120,100,13MP,50MP + 40MP + 50MP,"The Huawei Pura 70 Ultra emerges as a modern solution designed to elevate your digital experience. The core of its performance lies in the Kirin 9010 processor, 16 of memory and a spacious 512.0 of internal storage, allowing users to navigate demanding workflows seamlessly. Users will appreciate the visual fidelity offered by a 6.8-inch display featuring a crisp 1260x2844 resolution featuring an ultra-smooth 120.0 refresh rate, perfect for streaming and reading. Practicality is further enhanced by a substantial 5200.0 cell and a surprisingly light 0.226kg frame, offering an excellent balance of longevity and comfort. Ultimately, with its native software at the helm, the Huawei Pura 70 Ultra easily satisfies the rigorous demands of contemporary digital life.",,https://consumer.huawei.com/sg/phones/pura70-ultra/specs/; https://www.techspecs.info/huawei-pura-70-ultra/,1299,USD,155880
Smartphone,Huawei,Mate 70,Kirin 9010,12,1024,,,0.22,,4900,6.7,1216x2688,120,66,13MP,50MP + 12MP,"The Huawei Mate 70 seamlessly blends aesthetics with performance, making it a powerful companion for daily tasks. It boasts an impressive architecture featuring the Kirin 9010 processor, 12 of memory and a spacious 1024.0 of internal storage to comfortably manage multitasking without bottlenecks. Visuals are rendered on a 6.7-inch display featuring a crisp 1216x2688 resolution featuring an ultra-smooth 120.0 refresh rate, which guarantees an immersive viewing experience. For users constantly on the move, it features an endurance-focused 4900.0 battery and a surprisingly light 0.22kg frame. Operating on an efficient OS layer, this configuration positions the Huawei Mate 70 as a highly capable daily driver.",,https://consumer.huawei.com/cn/phones/mate70/specs/; https://www.techspecs.info/huawei-mate-70/,899,USD,107880
Smartphone,Huawei,Mate 70 Pro,Kirin 9010,12,1024,,,0.22,,5000,6.8,1316x2832,120,100,13MP,50MP + 12MP + 40MP,"Crafted to meet the demands of modern users, the Huawei Mate 70 Pro is a dynamic piece of engineering. Under the hood, it is driven by the Kirin 9010 processor, 12 of memory and a spacious 1024.0 of internal storage, ensuring brisk responsiveness. Visuals are rendered on a 6.8-inch display featuring a crisp 1316x2832 resolution featuring an ultra-smooth 120.0 refresh rate, which guarantees an immersive viewing experience. It integrates an endurance-focused 5000.0 battery and an overall weight of just 0.22kg to maximize mobility without sacrificing runtime. Operating on an efficient OS layer, this configuration positions the Huawei Mate 70 Pro as a highly capable daily driver.",,https://consumer.huawei.com/cn/phones/mate70-pro/; https://consumer.huawei.com/cn/phones/mate70-pro/specs/; https://www.techspecs.info/huawei-mate-70-pro/,999,USD,119880
Smartphone,Huawei,Mate 70 Pro+,Kirin 9010,12,256,,,0.22,,5000,6.8,1316x2832,120,100,13MP,50MP + 12MP + 40MP,"The Huawei Mate 70 Pro+ seamlessly blends aesthetics with performance, making it a powerful companion for daily tasks. In terms of hardware, it is engineered around the Kirin 9010 processor, 12 of memory and a spacious 256.0 of internal storage, ensuring brisk responsiveness. The device incorporates a 6.8-inch display featuring a crisp 1316x2832 resolution featuring an ultra-smooth 120.0 refresh rate, making it fantastic for media consumption and creative work. Physical endurance is addressed by a long-lasting 5000.0 battery and a surprisingly light 0.22kg frame, keeping you productive on the go. Ultimately, with its native software at the helm, the Huawei Mate 70 Pro+ easily satisfies the rigorous demands of contemporary digital life.",,https://consumer.huawei.com/cn/phones/mate70-pro-plus/; https://www.techspecs.info/huawei-mate-70-pro/,1099,USD,131880
Smartphone,Huawei,Mate X6,Kirin 9010,12,512,,,0.241,,4800,7.93,2240x2240,120,66,8MP,50MP + 13MP + 12MP,"The Huawei Mate X6 emerges as a dynamic solution designed to elevate your digital experience. Under the hood, it is fueled by the Kirin 9010 processor, 12 of memory and a spacious 512.0 of internal storage, ensuring brisk responsiveness. Users will appreciate the visual fidelity offered by a 7.93-inch display featuring a crisp 2240x2240 resolution featuring an ultra-smooth 120.0 refresh rate, perfect for streaming and reading. Physical endurance is addressed by a long-lasting 4800.0 battery and a portable chassis weighing 0.241kg, keeping you productive on the go. Operating on an efficient OS layer, this configuration positions the Huawei Mate X6 as a highly capable daily driver.",,https://consumer.huawei.com/en/phones/mate-x6/specs/; https://www.techspecs.info/huawei-mate-x6/,2499,USD,299880
Smartphone,Huawei,Nova 12,Kirin 9000S,8,512,,,0.168,,4500,6.7,1084x2412,120,100,60MP,50MP + 8MP,"The Huawei Nova 12 seamlessly blends aesthetics with performance, making it a sophisticated companion for daily tasks. The core of its performance lies in the Kirin 9000S processor, 8 of memory and a spacious 512.0 of internal storage, allowing users to navigate demanding workflows seamlessly. Users will appreciate the visual fidelity offered by a 6.7-inch display featuring a crisp 1084x2412 resolution featuring an ultra-smooth 120.0 refresh rate, perfect for streaming and reading. For users constantly on the move, it features a long-lasting 4500.0 battery and an overall weight of just 0.168kg. Running naturally on a modern operating system, the Huawei Nova 12 is an outstanding technological investment.",,https://phonesdata.com/en/smartphones/huawei/nova-12-5464850/; https://www.gizmochina.com/product/huawei-nova-12/,499,USD,59880
Smartphone,Huawei,Nova 12 Pro,Kirin 9000S,8,256,,,0.188,,4500,6.78,1224x2776,120,100,60MP + 8MP,50MP + 8MP,"The Huawei Nova 12 Pro emerges as a premium solution designed to elevate your digital experience. It boasts an impressive architecture featuring the Kirin 9000S processor, 8 of memory and a spacious 256.0 of internal storage to comfortably manage multitasking without bottlenecks. Its front panel is dominated by a 6.78-inch display featuring a crisp 1224x2776 resolution featuring an ultra-smooth 120.0 refresh rate, providing vibrant colors and sharp contrasts. Practicality is further enhanced by a substantial 4500.0 cell and a surprisingly light 0.188kg frame, offering an excellent balance of longevity and comfort. Operating on an efficient OS layer, this configuration positions the Huawei Nova 12 Pro as a highly capable daily driver.",,https://www.techspecs.info/huawei-nova-12-pro/,599,USD,71880
Smartphone,Huawei,Mate XT 256GB,Kirin 9010,12,1024,,,,,5000,7.92,2232x3184,90,66,13MP,50MP + 12MP + 48MP,"The Huawei Mate XT 256GB seamlessly blends aesthetics with performance, making it a feature-rich companion for daily tasks. Moving to performance, it is engineered around the Kirin 9010 processor, 12 of memory and a spacious 1024.0 of internal storage, ensuring brisk responsiveness. Visuals are delivered through a 7.92-inch display featuring a crisp 2232x3184 resolution featuring an ultra-smooth 90.0 refresh rate, which guarantees an immersive viewing experience. For users constantly on the move, it features a substantial 5000.0 cell. Operating on an efficient OS layer, this configuration positions the Huawei Mate XT 256GB as a highly capable daily driver.",,https://consumer.huawei.com/en/phones/mate-xt-ultimate-design/specs/; https://www.techspecs.info/huawei-mate-xt/,2599,USD,311880
Smartphone,Huawei,Mate XT 512GB,Kirin 9010,12,1024,,,,,5000,7.92,2232x3184,90,66,13MP,50MP + 12MP + 48MP,"For those seeking reliable technology, the Huawei Mate XT 512GB stands out as a premium and dependable choice. Under the hood, it is equipped with the Kirin 9010 processor, 12 of memory and a spacious 1024.0 of internal storage, ensuring brisk responsiveness. The device incorporates a 7.92-inch display featuring a crisp 2232x3184 resolution featuring an ultra-smooth 90.0 refresh rate, making it fantastic for media consumption and creative work. For users constantly on the move, it features a long-lasting 5000.0 battery. Running naturally on a modern operating system, the Huawei Mate XT 512GB is an outstanding technological investment.",,https://consumer.huawei.com/en/phones/mate-xt-ultimate-design/specs/; https://www.techspecs.info/huawei-mate-xt/,2799,USD,335880
Smartphone,Huawei,Nova 13 256GB,Kirin 9000S,8,512,,,0.17,,4600,6.7,1084x2412,120,100,50MP,50MP + 8MP,"For those seeking reliable technology, the Huawei Nova 13 256GB stands out as a sophisticated and dependable choice. The core of its performance lies in the Kirin 9000S processor, 8 of memory and a spacious 512.0 of internal storage, allowing users to navigate demanding workflows seamlessly. The device incorporates a 6.7-inch display featuring a crisp 1084x2412 resolution featuring an ultra-smooth 120.0 refresh rate, making it fantastic for media consumption and creative work. It integrates a long-lasting 4600.0 battery and an overall weight of just 0.17kg to maximize mobility without sacrificing runtime. Ultimately, with its native software at the helm, the Huawei Nova 13 256GB easily satisfies the rigorous demands of contemporary digital life.",,https://consumer.huawei.com/en/phones/nova13/specs/; https://www.techspecs.info/huawei-nova-13/,529,USD,63480
Smartphone,Huawei,Nova 13 512GB,Kirin 9000S,8,512,,,0.17,,4600,6.7,300x225,120,100,50MP,50MP + 8MP,"The Huawei Nova 13 512GB emerges as a versatile solution designed to elevate your digital experience. System operations are driven by the Kirin 9000S processor, 8 of memory and a spacious 512.0 of internal storage, providing the necessary bandwidth for intensive applications. The device incorporates a 6.7-inch display featuring a crisp 300x225 resolution featuring an ultra-smooth 120.0 refresh rate, making it fantastic for media consumption and creative work. For users constantly on the move, it features a substantial 4600.0 cell and an overall weight of just 0.17kg. Coupled with the intuitive pre-installed environment, the Huawei Nova 13 512GB hits all the right notes for its category.",,https://consumer.huawei.com/en/phones/nova13/specs/; https://www.pinoytechnoguide.com/smartphones/huawei-nova-13,599,USD,71880
Smartphone,Huawei,Nova 13 Pro 256GB,Kirin 9000S,8,512,,,0.19,,4600,6.78,1224x2776,120,100,60MP + 8MP,50MP + 8MP,"The Huawei Nova 13 Pro 256GB seamlessly blends aesthetics with performance, making it a dynamic companion for daily tasks. System operations are driven by the Kirin 9000S processor, 8 of memory and a spacious 512.0 of internal storage, providing the necessary bandwidth for intensive applications. The device incorporates a 6.78-inch display featuring a crisp 1224x2776 resolution featuring an ultra-smooth 120.0 refresh rate, making it fantastic for media consumption and creative work. Practicality is further enhanced by a substantial 4600.0 cell and an overall weight of just 0.19kg, offering an excellent balance of longevity and comfort. Ultimately, with its native software at the helm, the Huawei Nova 13 Pro 256GB easily satisfies the rigorous demands of contemporary digital life.",,https://consumer.huawei.com/en/phones/nova13-pro/specs/; https://phonesdata.com/en/smartphones/huawei/nova-13-pro-5465026/,649,USD,77880
Smartphone,Huawei,Nova 13 Pro 512GB,Kirin 9000S,8,512,,,0.19,,4600,6.78,1224x2776,120,100,60MP + 8MP,50MP + 8MP,"For those seeking reliable technology, the Huawei Nova 13 Pro 512GB stands out as a versatile and dependable choice. The core of its performance lies in the Kirin 9000S processor, 8 of memory and a spacious 512.0 of internal storage, allowing users to navigate demanding workflows seamlessly. Visuals are showcased on a 6.78-inch display featuring a crisp 1224x2776 resolution featuring an ultra-smooth 120.0 refresh rate, which guarantees an immersive viewing experience. For users constantly on the move, it features an endurance-focused 4600.0 battery and a portable chassis weighing 0.19kg. Running naturally on a modern operating system, the Huawei Nova 13 Pro 512GB is an outstanding technological investment.",,https://consumer.huawei.com/en/phones/nova13-pro/specs/; https://phonespecs.net/specs/huawei_nova_13_pro-13465.html,729,USD,87480
Smartphone,Nokia,G42 5G 128GB,Snapdragon 480+,4,128,,,0.193,,5000,6.56,720x1612,90,20,8MP,50MP,"The Nokia G42 5G 128GB emerges as a sophisticated solution designed to elevate your digital experience. System operations are engineered around the Snapdragon 480+ processor, 4 of memory and a spacious 128.0 of internal storage, providing the necessary bandwidth for intensive applications. Its front panel is dominated by a 6.56-inch display featuring a crisp 720x1612 resolution featuring an ultra-smooth 90.0 refresh rate, providing vibrant colors and sharp contrasts. It integrates a substantial 5000.0 cell and a portable chassis weighing 0.193kg to maximize mobility without sacrificing runtime. Coupled with the intuitive pre-installed environment, the Nokia G42 5G 128GB hits all the right notes for its category.",,https://phonesdata.com/en/smartphones/nokia/g42-5463649/; https://www.gadgets360.com/nokia-g42-5g-price-in-india-118414; https://www.techspecs.info/nokia-g42/,229,USD,27480
Smartphone,Nokia,G20 64GB,MediaTek G35,4,64,,,0.197,,5050,6.52,720x1600,60,10,8MP,48MP,"The Nokia G20 64GB emerges as a premium solution designed to elevate your digital experience. The core of its performance lies in the MediaTek G35 processor, 4 of memory and a spacious 64.0 of internal storage, allowing users to navigate demanding workflows seamlessly. Users will appreciate the visual fidelity offered by a 6.52-inch display featuring a crisp 720x1600 resolution featuring an ultra-smooth 60.0 refresh rate, perfect for streaming and reading. It integrates an endurance-focused 5050.0 battery and a surprisingly light 0.197kg frame to maximize mobility without sacrificing runtime. Ultimately, with its native software at the helm, the Nokia G20 64GB easily satisfies the rigorous demands of contemporary digital life.",,https://www.techspecs.info/nokia-g20/,169,USD,20280
Smartphone,Nokia,G20 128GB,MediaTek G35,4,64,,,0.197,,5050,6.52,720x1600,60,10,8MP,48MP,"For those seeking reliable technology, the Nokia G20 128GB stands out as a highly capable and dependable choice. It boasts an impressive architecture featuring the MediaTek G35 processor, 4 of memory and a spacious 64.0 of internal storage to comfortably manage multitasking without bottlenecks. Its front panel is dominated by a 6.52-inch display featuring a crisp 720x1600 resolution featuring an ultra-smooth 60.0 refresh rate, providing vibrant colors and sharp contrasts. Physical endurance is addressed by an endurance-focused 5050.0 battery and an overall weight of just 0.197kg, keeping you productive on the go. Coupled with the intuitive pre-installed environment, the Nokia G20 128GB hits all the right notes for its category.",,https://www.techspecs.info/nokia-g20/,189,USD,22680
Smartphone,Nokia,C32 64GB,Unisoc SC9863A,3,128,,,0.199,,5000,6.52,720x1600,60,10,8MP,50MP,"For those seeking reliable technology, the Nokia C32 64GB stands out as a highly capable and dependable choice. System operations are fueled by the Unisoc SC9863A processor, 3 of memory and a spacious 128.0 of internal storage, providing the necessary bandwidth for intensive applications. Users will appreciate the visual fidelity offered by a 6.52-inch display featuring a crisp 720x1600 resolution featuring an ultra-smooth 60.0 refresh rate, perfect for streaming and reading. For users constantly on the move, it features an endurance-focused 5000.0 battery and a portable chassis weighing 0.199kg. Ultimately, with its native software at the helm, the Nokia C32 64GB easily satisfies the rigorous demands of contemporary digital life.",,https://phonespecs.net/specs/nokia_c32-12139.html; https://www.mobiledokan.com.bd/nokia-c32/; https://specsinsight.com/nokia-c32/,139,USD,16680
Smartphone,Nokia,C32 128GB,Unisoc SC9863A,4,128,,,0.199,,5000,6.52,720x1600,,10,8MP,50MP,"For those seeking reliable technology, the Nokia C32 128GB stands out as a powerful and dependable choice. System operations are powered by the Unisoc SC9863A processor, 4 of memory and a spacious 128.0 of internal storage, providing the necessary bandwidth for intensive applications. Visuals are handled by a 6.52-inch display featuring a crisp 720x1600 resolution, which guarantees an immersive viewing experience. Practicality is further enhanced by a substantial 5000.0 cell and an overall weight of just 0.199kg, offering an excellent balance of longevity and comfort. Operating on an efficient OS layer, this configuration positions the Nokia C32 128GB as a highly capable daily driver.",,https://phonespecs.net/specs/nokia_c32-12139.html; https://specsinsight.com/nokia-c32/,159,USD,19080
Smartphone,Nokia,G21 64GB,Unisoc T606,4,64,,,0.19,,5050,6.5,720x1600,90,18,8MP,50MP,"The Nokia G21 64GB seamlessly blends aesthetics with performance, making it a powerful companion for daily tasks. Furthermore, it is driven by the Unisoc T606 processor, 4 of memory and a spacious 64.0 of internal storage, ensuring brisk responsiveness. Users will appreciate the visual fidelity offered by a 6.5-inch display featuring a crisp 720x1600 resolution featuring an ultra-smooth 90.0 refresh rate, perfect for streaming and reading. For users constantly on the move, it features a substantial 5050.0 cell and a surprisingly light 0.19kg frame. Coupled with the intuitive pre-installed environment, the Nokia G21 64GB hits all the right notes for its category.",,https://www.techspecs.info/nokia-g21/,169,USD,20280
Smartphone,Nokia,G21 128GB,Unisoc T606,6,64,,,0.19,,5050,6.5,720x1600,90,18,8MP,50MP,"The Nokia G21 128GB emerges as a modern solution designed to elevate your digital experience. It boasts an impressive architecture featuring the Unisoc T606 processor, 6 of memory and a spacious 64.0 of internal storage to comfortably manage multitasking without bottlenecks. Visuals are rendered on a 6.5-inch display featuring a crisp 720x1600 resolution featuring an ultra-smooth 90.0 refresh rate, which guarantees an immersive viewing experience. It integrates an endurance-focused 5050.0 battery and a surprisingly light 0.19kg frame to maximize mobility without sacrificing runtime. Coupled with the intuitive pre-installed environment, the Nokia G21 128GB hits all the right notes for its category.",,https://phonespecs.net/specs/nokia_g21-11356.html; https://www.techspecs.info/nokia-g21/,189,USD,22680
Smartphone,Nokia,C22 64GB,Unisoc SC9863A,2,64,,,0.19,,5000,6.5,720x1600,60,10,8MP,13MP,"The Nokia C22 64GB seamlessly blends aesthetics with performance, making it a powerful companion for daily tasks. Moving to performance, it is equipped with the Unisoc SC9863A processor, 2 of memory and a spacious 64.0 of internal storage, ensuring brisk responsiveness. The device incorporates a 6.5-inch display featuring a crisp 720x1600 resolution featuring an ultra-smooth 60.0 refresh rate, making it fantastic for media consumption and creative work. Practicality is further enhanced by a long-lasting 5000.0 battery and an overall weight of just 0.19kg, offering an excellent balance of longevity and comfort. Running naturally on a modern operating system, the Nokia C22 64GB is an outstanding technological investment.",,https://phonesdata.com/en/smartphones/nokia/c22-5463160/; https://www.techspecs.info/nokia-c22/,119,USD,14280
Smartphone,Nokia,C22 128GB,Unisoc SC9863A,3,64,,,0.19,,5000,6.5,720x1600,60,10,8MP,13MP,"The Nokia C22 128GB emerges as a reliable solution designed to elevate your digital experience. The core of its performance lies in the Unisoc SC9863A processor, 3 of memory and a spacious 64.0 of internal storage, allowing users to navigate demanding workflows seamlessly. The device incorporates a 6.5-inch display featuring a crisp 720x1600 resolution featuring an ultra-smooth 60.0 refresh rate, making it fantastic for media consumption and creative work. Physical endurance is addressed by a long-lasting 5000.0 battery and a portable chassis weighing 0.19kg, keeping you productive on the go. Running naturally on a modern operating system, the Nokia C22 128GB is an outstanding technological investment.",,https://www.techspecs.info/nokia-c22/,139,USD,16680
Smartphone,Nokia,G400 128GB,Snapdragon 480,6,64,,,0.198,,5000,6.58,1080x2408,120,20,16MP,48MP,"The Nokia G400 128GB seamlessly blends aesthetics with performance, making it a feature-rich companion for daily tasks. It boasts an impressive architecture featuring the Snapdragon 480 processor, 6 of memory and a spacious 64.0 of internal storage to comfortably manage multitasking without bottlenecks. Users will appreciate the visual fidelity offered by a 6.58-inch display featuring a crisp 1080x2408 resolution featuring an ultra-smooth 120.0 refresh rate, perfect for streaming and reading. For users constantly on the move, it features a substantial 5000.0 cell and a portable chassis weighing 0.198kg. Ultimately, with its native software at the helm, the Nokia G400 128GB easily satisfies the rigorous demands of contemporary digital life.",,https://phonespecs.net/specs/nokia_g400-11818.html; https://www.techspecs.info/nokia-g400-5g/,239,USD,28680
Smartphone,Sony,Xperia 1 IV 256GB,Snapdragon 8 Gen 1,12,512,,,,,5000,6.5,756x756,120,30,12MP,12MP,"The Sony Xperia 1 IV 256GB emerges as a dynamic solution designed to elevate your digital experience. Furthermore, it is fueled by the Snapdragon 8 Gen 1 processor, 12 of memory and a spacious 512.0 of internal storage, ensuring brisk responsiveness. Users will appreciate the visual fidelity offered by a 6.5-inch display featuring a crisp 756x756 resolution featuring an ultra-smooth 120.0 refresh rate, perfect for streaming and reading. It integrates a substantial 5000.0 cell to maximize mobility without sacrificing runtime. Ultimately, with its native software at the helm, the Sony Xperia 1 IV 256GB easily satisfies the rigorous demands of contemporary digital life.",,https://www.sony.com.hk/en/electronics/support/mobile-phones-tablets-mobile-phones/xperia-1-iv-256gb/specifications; https://www.mobosdata.com/phone/sony-xperia-1-iv/; https://www.phonemore.com/specs/sony/xperia-1-iv/256gb/,1599,USD,191880
Smartphone,Sony,Xperia 5 IV 128GB,Snapdragon 8 Gen 1,8,128,,,0.172,,5000,6.1,2520x1080,120,30,12MP,12MP,"Presenting the Sony Xperia 5 IV 128GB: a sophisticated device built for uncompromised productivity and entertainment. The core of its performance lies in the Snapdragon 8 Gen 1 processor, 8 of memory and a spacious 128.0 of internal storage, allowing users to navigate demanding workflows seamlessly. The device incorporates a 6.1-inch display featuring a crisp 2520x1080 resolution featuring an ultra-smooth 120.0 refresh rate, making it fantastic for media consumption and creative work. It integrates an endurance-focused 5000.0 battery and an overall weight of just 0.172kg to maximize mobility without sacrificing runtime. Ultimately, with its native software at the helm, the Sony Xperia 5 IV 128GB easily satisfies the rigorous demands of contemporary digital life.",,https://www.sony.com/electronics/support/mobile-phones-tablets-mobile-phones/xperia-5-iv-128gb/specifications; https://www.techspecs.info/sony-xperia-5-iv/,999,USD,119880
Smartphone,Sony,Xperia 10 IV 128GB,Snapdragon 695,6,,,,0.161,,5000,6,756x756,60,21,8MP,12MP,"Crafted to meet the demands of modern users, the Sony Xperia 10 IV 128GB is a premium piece of engineering. System operations are equipped with the Snapdragon 695 processor and 6 of memory, providing the necessary bandwidth for intensive applications. Users will appreciate the visual fidelity offered by a 6.0-inch display featuring a crisp 756x756 resolution featuring an ultra-smooth 60.0 refresh rate, perfect for streaming and reading. It integrates a substantial 5000.0 cell and an overall weight of just 0.161kg to maximize mobility without sacrificing runtime. Operating on an efficient OS layer, this configuration positions the Sony Xperia 10 IV 128GB as a highly capable daily driver.",,https://www.sony.com.hk/en/smartphones/products/xperia-10m4; https://phonespecs.net/specs/sony_xperia_10_iv-11522.html; https://www.gadgets360.com/sony-xperia-10-iv-price-in-india-108625,499,USD,59880
Smartphone,Sony,Xperia 1 V 256GB,Snapdragon 8 Gen 2,12,,,,0.187,,5000,6.5,3840x1644,120,,12MP,48MP,"The Sony Xperia 1 V 256GB emerges as a sophisticated solution designed to elevate your digital experience. System operations are powered by the Snapdragon 8 Gen 2 processor and 12 of memory, providing the necessary bandwidth for intensive applications. Visuals are delivered through a 6.5-inch display featuring a crisp 3840x1644 resolution featuring an ultra-smooth 120.0 refresh rate, which guarantees an immersive viewing experience. Practicality is further enhanced by a substantial 5000.0 cell and an overall weight of just 0.187kg, offering an excellent balance of longevity and comfort. Ultimately, with its native software at the helm, the Sony Xperia 1 V 256GB easily satisfies the rigorous demands of contemporary digital life.",,https://www.sony.com/electronics/support/mobile-phones-tablets-mobile-phones/xperia-1-v-256gb/specifications,1699,USD,203880
Smartphone,Sony,Xperia 5 V 128GB,Snapdragon 8 Gen 2,8,256,,,0.178,,5000,6.1,1080x2520,120,30,12MP,48MP,"Crafted to meet the demands of modern users, the Sony Xperia 5 V 128GB is a powerful piece of engineering. Additionally, it is engineered around the Snapdragon 8 Gen 2 processor, 8 of memory and a spacious 256.0 of internal storage, ensuring brisk responsiveness. Its front panel is dominated by a 6.1-inch display featuring a crisp 1080x2520 resolution featuring an ultra-smooth 120.0 refresh rate, providing vibrant colors and sharp contrasts. Practicality is further enhanced by a long-lasting 5000.0 battery and an overall weight of just 0.178kg, offering an excellent balance of longevity and comfort. Coupled with the intuitive pre-installed environment, the Sony Xperia 5 V 128GB hits all the right notes for its category.",,https://www.gsmarena.com.bd/sony-xperia-5-v/,1099,USD,131880
Smartphone,Sony,Xperia 10 V 128GB,Snapdragon 695,6,128,,,,,5000,6.1,1080x2520,60,30,8MP,48MP,"Presenting the Sony Xperia 10 V 128GB: a versatile device built for uncompromised productivity and entertainment. Under the hood, it is fueled by the Snapdragon 695 processor, 6 of memory and a spacious 128.0 of internal storage, ensuring brisk responsiveness. The device incorporates a 6.1-inch display featuring a crisp 1080x2520 resolution featuring an ultra-smooth 60.0 refresh rate, making it fantastic for media consumption and creative work. Practicality is further enhanced by a substantial 5000.0 cell, offering an excellent balance of longevity and comfort. Operating on an efficient OS layer, this configuration positions the Sony Xperia 10 V 128GB as a highly capable daily driver.",,https://phonesdata.com/en/smartphones/sony/xperia-10-v-5463530/; https://www.techspecs.info/sony-xperia-10-v/,599,USD,71880
Smartphone,Sony,Xperia 1 VI 256GB,Snapdragon 8 Gen 3,12,256,,,0.19,,5000,6.5,1080x2340,120,30,12MP,48MP,"The Sony Xperia 1 VI 256GB seamlessly blends aesthetics with performance, making it a versatile companion for daily tasks. It boasts an impressive architecture featuring the Snapdragon 8 Gen 3 processor, 12 of memory and a spacious 256.0 of internal storage to comfortably manage multitasking without bottlenecks. Visuals are presented via a 6.5-inch display featuring a crisp 1080x2340 resolution featuring an ultra-smooth 120.0 refresh rate, which guarantees an immersive viewing experience. It integrates an endurance-focused 5000.0 battery and a portable chassis weighing 0.19kg to maximize mobility without sacrificing runtime. Ultimately, with its native software at the helm, the Sony Xperia 1 VI 256GB easily satisfies the rigorous demands of contemporary digital life.",,https://www.techspecs.info/sony-xperia-1-vi/,1799,USD,215880
Smartphone,Sony,Xperia 5 VI 128GB,Snapdragon 8 Gen 3,8,,,,0.18,,5000,6.1,1080x2520,120,,12MP,48MP,"The Sony Xperia 5 VI 128GB emerges as a modern solution designed to elevate your digital experience. It boasts an impressive architecture featuring the Snapdragon 8 Gen 3 processor and 8 of memory to comfortably manage multitasking without bottlenecks. Visuals are delivered through a 6.1-inch display featuring a crisp 1080x2520 resolution featuring an ultra-smooth 120.0 refresh rate, which guarantees an immersive viewing experience. Practicality is further enhanced by an endurance-focused 5000.0 battery and an overall weight of just 0.18kg, offering an excellent balance of longevity and comfort. Coupled with the intuitive pre-installed environment, the Sony Xperia 5 VI 128GB hits all the right notes for its category.",,https://www.sony.com/electronics/support/mobile-phones-tablets-mobile-phones/xperia-5/specifications; https://www.sony.com/electronics/support/mobile-phones-tablets-mobile-phones/xperia-5-iv-128gb/specifications,1199,USD,143880
Smartphone,Sony,Xperia 10 VI 128GB,Snapdragon 7 Gen 1,6,,,,0.167,,5000,6.1,756x756,60,,8MP,48MP,"Presenting the Sony Xperia 10 VI 128GB: a versatile device built for uncompromised productivity and entertainment. It boasts an impressive architecture featuring the Snapdragon 7 Gen 1 processor and 6 of memory to comfortably manage multitasking without bottlenecks. Its front panel is dominated by a 6.1-inch display featuring a crisp 756x756 resolution featuring an ultra-smooth 60.0 refresh rate, providing vibrant colors and sharp contrasts. Practicality is further enhanced by an endurance-focused 5000.0 battery and a portable chassis weighing 0.167kg, offering an excellent balance of longevity and comfort. Coupled with the intuitive pre-installed environment, the Sony Xperia 10 VI 128GB hits all the right notes for its category.",,https://www.sony.com.hk/en/smartphones/products/xperia-10m6; https://phonespecs.net/specs/sony_xperia_10_vi-13002.html; https://www.gadgets360.com/sony-xperia-10-vi-price-in-india-125933,699,USD,83880
Smartphone,Nokia,T21,Unisoc T612,4,128,,,0.466,,8200,,1200x2000,,18,8MP,8MP,"The Nokia T21 emerges as a dynamic solution designed to elevate your digital experience. It boasts an impressive architecture featuring the Unisoc T612 processor, 4 of memory and a spacious 128.0 of internal storage to comfortably manage multitasking without bottlenecks. Visuals are handled by a crisp 1200x2000 resolution, which guarantees an immersive viewing experience. For users constantly on the move, it features a substantial 8200.0 cell and a portable chassis weighing 0.466kg. Ultimately, with its native software at the helm, the Nokia T21 easily satisfies the rigorous demands of contemporary digital life.",,https://phonespecs.net/specs/nokia_t21-11823.html; https://www.mobosdata.com/phone/nokia-t21/,39622,USD,4754640
Smartphone,Huawei,MatePad Pro 12.2 512GB,Kirin 9000S,12,512,,,0.508,,10100,,1192x800,165,100,16MP,"13MP (f/1.8, AF)","Presenting the Huawei MatePad Pro 12.2 512GB: a feature-rich device built for uncompromised productivity and entertainment. System operations are engineered around the Kirin 9000S processor, 12 of memory and a spacious 512.0 of internal storage, providing the necessary bandwidth for intensive applications. Its front panel is dominated by a crisp 1192x800 resolution featuring an ultra-smooth 165.0 refresh rate, providing vibrant colors and sharp contrasts. Physical endurance is addressed by a long-lasting 10100.0 battery and a surprisingly light 0.508kg frame, keeping you productive on the go. Running naturally on a modern operating system, the Huawei MatePad Pro 12.2 512GB is an outstanding technological investment.",,https://consumer.huawei.com/en/tablets/matepad-pro-12-2/; https://www.gadgets360.com/huawei-matepad-pro-12-2-2025-price-in-india-132153; https://phonespecs.net/specs/huawei_matepad_pro_12_2_(2025)-13870.html; https://www.spec411.com/phones/huawei/huawei_matepad_pro_12.2_(2025),999,USD,119880
Smartphone,Huawei,MatePad Pro 13.2 512GB,Kirin 9000S,12,12,,,0.58,,10100,,1176x800,165,88,16MP,"13MP (f/1.8, AF)","For those seeking reliable technology, the Huawei MatePad Pro 13.2 512GB stands out as a premium and dependable choice. The core of its performance lies in the Kirin 9000S processor, 12 of memory and a spacious 12.0 of internal storage, allowing users to navigate demanding workflows seamlessly. Visuals are delivered through a crisp 1176x800 resolution featuring an ultra-smooth 165.0 refresh rate, which guarantees an immersive viewing experience. It integrates a long-lasting 10100.0 battery and an overall weight of just 0.58kg to maximize mobility without sacrificing runtime. Ultimately, with its native software at the helm, the Huawei MatePad Pro 13.2 512GB easily satisfies the rigorous demands of contemporary digital life.",,https://consumer.huawei.com/sg/tablets/matepad-pro-13-2/specs/; https://www.gadgets360.com/huawei-matepad-pro-13-2-inch-price-in-india-121650; https://specsinsight.com/huawei-matepad-pro-13-2/,877,USD,105240
Smartphone,Google,Pixel 3a 64GB,Snapdragon 670,4,64,,,0.147,,3000,5.6,1080x2220,165,18,8MP,12.2MP,"For those seeking reliable technology, the Google Pixel 3a 64GB stands out as a versatile and dependable choice. System operations are equipped with the Snapdragon 670 processor, 4 of memory and a spacious 64.0 of internal storage, providing the necessary bandwidth for intensive applications. Its front panel is dominated by a 5.6-inch display featuring a crisp 1080x2220 resolution featuring an ultra-smooth 165.0 refresh rate, providing vibrant colors and sharp contrasts. Physical endurance is addressed by an endurance-focused 3000.0 battery and a portable chassis weighing 0.147kg, keeping you productive on the go. Operating on an efficient OS layer, this configuration positions the Google Pixel 3a 64GB as a highly capable daily driver.",,https://phonespecs.net/specs/google_pixel_3a-9408.html; https://www.gadgets360.com/google-pixel-3a-5748; https://www.techspecs.info/google-pixel-3a/,399,USD,47880
Smartphone,Google,Pixel 3a XL 64GB,Snapdragon 670,4,64,,,0.167,,3700,6,1080x2160,165,18,8MP,12.2MP,"Crafted to meet the demands of modern users, the Google Pixel 3a XL 64GB is a highly capable piece of engineering. Additionally, it is driven by the Snapdragon 670 processor, 4 of memory and a spacious 64.0 of internal storage, ensuring brisk responsiveness. Visuals are showcased on a 6.0-inch display featuring a crisp 1080x2160 resolution featuring an ultra-smooth 165.0 refresh rate, which guarantees an immersive viewing experience. For users constantly on the move, it features a substantial 3700.0 cell and an overall weight of just 0.167kg. Running naturally on a modern operating system, the Google Pixel 3a XL 64GB is an outstanding technological investment.",,https://phonespecs.net/specs/google_pixel_3a_xl-9690.html; https://www.gadgets360.com/google-pixel-3a-xl-price-in-india-13003; https://www.techspecs.info/google-pixel-3a-xl/,479,USD,57480
Smartphone,Google,Pixel 4 64GB,Snapdragon 855,6,128,,,0.162,,2800,5.7,1080x2280,90,18,8MP,12.2MP,"The Google Pixel 4 64GB seamlessly blends aesthetics with performance, making it a sophisticated companion for daily tasks. It boasts an impressive architecture featuring the Snapdragon 855 processor, 6 of memory and a spacious 128.0 of internal storage to comfortably manage multitasking without bottlenecks. Its front panel is dominated by a 5.7-inch display featuring a crisp 1080x2280 resolution featuring an ultra-smooth 90.0 refresh rate, providing vibrant colors and sharp contrasts. For users constantly on the move, it features a long-lasting 2800.0 battery and a surprisingly light 0.162kg frame. Ultimately, with its native software at the helm, the Google Pixel 4 64GB easily satisfies the rigorous demands of contemporary digital life.",,https://phonesdata.com/en/smartphones/google/pixel-4-5458376/; https://specsinsight.com/google-pixel-4/,799,USD,95880
Smartphone,Google,Pixel 4 XL 64GB,Snapdragon 855,6,64,,,0.193,,3700,6.3,1440x3040,90,18,8MP,12.2MP,"For those seeking reliable technology, the Google Pixel 4 XL 64GB stands out as a dynamic and dependable choice. System operations are fueled by the Snapdragon 855 processor, 6 of memory and a spacious 64.0 of internal storage, providing the necessary bandwidth for intensive applications. Visuals are handled by a 6.3-inch display featuring a crisp 1440x3040 resolution featuring an ultra-smooth 90.0 refresh rate, which guarantees an immersive viewing experience. It integrates an endurance-focused 3700.0 battery and a portable chassis weighing 0.193kg to maximize mobility without sacrificing runtime. Coupled with the intuitive pre-installed environment, the Google Pixel 4 XL 64GB hits all the right notes for its category.",,https://phonespecs.net/specs/google_pixel_4_xl-9895.html; https://www.techspecs.info/google-pixel-4-xl/,899,USD,107880
Smartphone,Google,Pixel 4a 128GB,Snapdragon 730G,6,128,,,0.143,,3140,5.8,1080x2340,60,18,8MP,12.2MP,"The Google Pixel 4a 128GB seamlessly blends aesthetics with performance, making it a dynamic companion for daily tasks. System operations are driven by the Snapdragon 730G processor, 6 of memory and a spacious 128.0 of internal storage, providing the necessary bandwidth for intensive applications. Users will appreciate the visual fidelity offered by a 5.8-inch display featuring a crisp 1080x2340 resolution featuring an ultra-smooth 60.0 refresh rate, perfect for streaming and reading. Practicality is further enhanced by an endurance-focused 3140.0 battery and a portable chassis weighing 0.143kg, offering an excellent balance of longevity and comfort. Ultimately, with its native software at the helm, the Google Pixel 4a 128GB easily satisfies the rigorous demands of contemporary digital life.",,https://phonespecs.net/specs/google_pixel_4a-10123.html; https://www.techspecs.info/google-pixel-4a/,349,USD,41880
Smartphone,Google,Pixel 4a 5G 128GB,Snapdragon 765G,6,128,,,0.168,,3885,6.2,1080x2340,90,18,8MP,12.2MP,"Presenting the Google Pixel 4a 5G 128GB: a premium device built for uncompromised productivity and entertainment. As for its internals, it is powered by the Snapdragon 765G processor, 6 of memory and a spacious 128.0 of internal storage, ensuring brisk responsiveness. Its front panel is dominated by a 6.2-inch display featuring a crisp 1080x2340 resolution featuring an ultra-smooth 90.0 refresh rate, providing vibrant colors and sharp contrasts. It integrates a long-lasting 3885.0 battery and a portable chassis weighing 0.168kg to maximize mobility without sacrificing runtime. Operating on an efficient OS layer, this configuration positions the Google Pixel 4a 5G 128GB as a highly capable daily driver.",,https://phonespecs.net/specs/google_pixel_4a_5g-10385.html; https://www.techspecs.info/google-pixel-4a-5g/,499,USD,59880
Smartphone,Google,Pixel 5 128GB,Snapdragon 765G,8,128,,,0.151,,4080,6,1080x2340,90,18,8MP,12.2MP,"For those seeking reliable technology, the Google Pixel 5 128GB stands out as a versatile and dependable choice. The core of its performance lies in the Snapdragon 765G processor, 8 of memory and a spacious 128.0 of internal storage, allowing users to navigate demanding workflows seamlessly. Visuals are handled by a 6.0-inch display featuring a crisp 1080x2340 resolution featuring an ultra-smooth 90.0 refresh rate, which guarantees an immersive viewing experience. For users constantly on the move, it features an endurance-focused 4080.0 battery and a portable chassis weighing 0.151kg. Running naturally on a modern operating system, the Google Pixel 5 128GB is an outstanding technological investment.",,https://phonespecs.net/specs/google_pixel_5-10386.html; https://www.techspecs.info/google-pixel-5/,699,USD,83880
Smartphone,Google,Pixel 5a 128GB,Snapdragon 765G,6,128,,,0.183,,4680,6.34,1080x2400,60,18,8MP,12.2MP,"The Google Pixel 5a 128GB emerges as a sophisticated solution designed to elevate your digital experience. It boasts an impressive architecture featuring the Snapdragon 765G processor, 6 of memory and a spacious 128.0 of internal storage to comfortably manage multitasking without bottlenecks. Users will appreciate the visual fidelity offered by a 6.34-inch display featuring a crisp 1080x2400 resolution featuring an ultra-smooth 60.0 refresh rate, perfect for streaming and reading. For users constantly on the move, it features an endurance-focused 4680.0 battery and an overall weight of just 0.183kg. Operating on an efficient OS layer, this configuration positions the Google Pixel 5a 128GB as a highly capable daily driver.",,https://phonespecs.net/specs/google_pixel_5a_5g-11059.html; https://specsinsight.com/google-pixel-5a-5g/; https://hmc-tech.com/smartphones/google-pixel-5a,449,USD,53880
Smartphone,Google,Pixel 6 128GB,Google Tensor,8,128,,,0.207,,4614,6.4,1080x2400,90,21,8MP,50MP,"For those seeking reliable technology, the Google Pixel 6 128GB stands out as a premium and dependable choice. System operations are equipped with the Google Tensor processor, 8 of memory and a spacious 128.0 of internal storage, providing the necessary bandwidth for intensive applications. Its front panel is dominated by a 6.4-inch display featuring a crisp 1080x2400 resolution featuring an ultra-smooth 90.0 refresh rate, providing vibrant colors and sharp contrasts. Physical endurance is addressed by a substantial 4614.0 cell and an overall weight of just 0.207kg, keeping you productive on the go. Running naturally on a modern operating system, the Google Pixel 6 128GB is an outstanding technological investment.",,https://www.techspecs.info/google-pixel-6/,699,USD,83880
Smartphone,Google,Pixel 6 Pro 256GB,Google Tensor,12,128,,,0.21,,5003,6.71,380x800,120,23,11.1MP,50MP,"The Google Pixel 6 Pro 256GB seamlessly blends aesthetics with performance, making it a sophisticated companion for daily tasks. System operations are driven by the Google Tensor processor, 12 of memory and a spacious 128.0 of internal storage, providing the necessary bandwidth for intensive applications. Its front panel is dominated by a 6.71-inch display featuring a crisp 380x800 resolution featuring an ultra-smooth 120.0 refresh rate, providing vibrant colors and sharp contrasts. Practicality is further enhanced by a long-lasting 5003.0 battery and an overall weight of just 0.21kg, offering an excellent balance of longevity and comfort. Operating on an efficient OS layer, this configuration positions the Google Pixel 6 Pro 256GB as a highly capable daily driver.",,https://www.gadgets360.com/google-pixel-6-pro-price-in-india-102544; https://phonespecs.net/specs/google_pixel_6_pro-10918.html,899,USD,107880
Smartphone,Google,Pixel 6a 128GB,Google Tensor,6,128,,,0.178,,4410,6.1,1080x2400,,18,8MP,12.2MP,"The Google Pixel 6a 128GB emerges as a premium solution designed to elevate your digital experience. System operations are engineered around the Google Tensor processor, 6 of memory and a spacious 128.0 of internal storage, providing the necessary bandwidth for intensive applications. Its front panel is dominated by a 6.1-inch display featuring a crisp 1080x2400 resolution, providing vibrant colors and sharp contrasts. For users constantly on the move, it features an endurance-focused 4410.0 battery and a surprisingly light 0.178kg frame. Ultimately, with its native software at the helm, the Google Pixel 6a 128GB easily satisfies the rigorous demands of contemporary digital life.",,https://phonespecs.net/specs/google_pixel_6a-11229.html; https://www.mobosdata.com/phone/google-pixel-6a/,449,USD,53880
Smartphone,Google,Pixel 7 128GB,Google Tensor G2,8,,,,0.197,,4355,6.3,1080x2400,90,20,10.8MP,50MP,"Crafted to meet the demands of modern users, the Google Pixel 7 128GB is a highly capable piece of engineering. System operations are fueled by the Google Tensor G2 processor and 8 of memory, providing the necessary bandwidth for intensive applications. The device incorporates a 6.3-inch display featuring a crisp 1080x2400 resolution featuring an ultra-smooth 90.0 refresh rate, making it fantastic for media consumption and creative work. Practicality is further enhanced by an endurance-focused 4355.0 battery and a surprisingly light 0.197kg frame, offering an excellent balance of longevity and comfort. Ultimately, with its native software at the helm, the Google Pixel 7 128GB easily satisfies the rigorous demands of contemporary digital life.",,https://phonesdata.com/en/smartphones/google/pixel-7-5462830/; https://www.phonemore.com/specs/google/pixel-7/gvu6c-128gb/,599,USD,71880
Smartphone,Google,Pixel 7 Pro 256GB,Google Tensor G2,12,128,,,0.212,,5000,6.7,1440x3120,120,23,10.8MP,50MP,"The Google Pixel 7 Pro 256GB seamlessly blends aesthetics with performance, making it a powerful companion for daily tasks. Additionally, it is driven by the Google Tensor G2 processor, 12 of memory and a spacious 128.0 of internal storage, ensuring brisk responsiveness. Visuals are rendered on a 6.7-inch display featuring a crisp 1440x3120 resolution featuring an ultra-smooth 120.0 refresh rate, which guarantees an immersive viewing experience. It integrates an endurance-focused 5000.0 battery and a portable chassis weighing 0.212kg to maximize mobility without sacrificing runtime. Operating on an efficient OS layer, this configuration positions the Google Pixel 7 Pro 256GB as a highly capable daily driver.",,https://www.techspecs.info/google-pixel-7-pro/,899,USD,107880
Smartphone,Google,Pixel 7a 128GB,Google Tensor G2,8,,,,0.193,,4385,6.1,1080x2400,90,18,10.8MP,64MP,"For those seeking reliable technology, the Google Pixel 7a 128GB stands out as a highly capable and dependable choice. Moving to performance, it is equipped with the Google Tensor G2 processor and 8 of memory, ensuring brisk responsiveness. Its front panel is dominated by a 6.1-inch display featuring a crisp 1080x2400 resolution featuring an ultra-smooth 90.0 refresh rate, providing vibrant colors and sharp contrasts. Physical endurance is addressed by an endurance-focused 4385.0 battery and a portable chassis weighing 0.193kg, keeping you productive on the go. Running naturally on a modern operating system, the Google Pixel 7a 128GB is an outstanding technological investment.",,https://www.gsmspecs.com/google/google_pixel_7a-91775,499,USD,59880
Smartphone,Google,Pixel 8 128GB,Google Tensor G3,8,128,,,0.187,,4575,6.2,377x800,120,27,10.5MP,50MP,"The Google Pixel 8 128GB emerges as a feature-rich solution designed to elevate your digital experience. System operations are equipped with the Google Tensor G3 processor, 8 of memory and a spacious 128.0 of internal storage, providing the necessary bandwidth for intensive applications. Users will appreciate the visual fidelity offered by a 6.2-inch display featuring a crisp 377x800 resolution featuring an ultra-smooth 120.0 refresh rate, perfect for streaming and reading. Physical endurance is addressed by a substantial 4575.0 cell and a portable chassis weighing 0.187kg, keeping you productive on the go. Ultimately, with its native software at the helm, the Google Pixel 8 128GB easily satisfies the rigorous demands of contemporary digital life.",,https://www.gadgets360.com/google-pixel-8-price-in-india-120540; https://phonesdata.com/en/smartphones/google/pixel-8-5464969/,699,USD,83880
Smartphone,Google,Pixel 8 Pro 256GB,Google Tensor G3,12,128,,,0.213,,5050,6.7,374x800,120,,10.5MP,50MP,"For those seeking reliable technology, the Google Pixel 8 Pro 256GB stands out as a premium and dependable choice. The core of its performance lies in the Google Tensor G3 processor, 12 of memory and a spacious 128.0 of internal storage, allowing users to navigate demanding workflows seamlessly. Users will appreciate the visual fidelity offered by a 6.7-inch display featuring a crisp 374x800 resolution featuring an ultra-smooth 120.0 refresh rate, perfect for streaming and reading. For users constantly on the move, it features a long-lasting 5050.0 battery and a surprisingly light 0.213kg frame. Ultimately, with its native software at the helm, the Google Pixel 8 Pro 256GB easily satisfies the rigorous demands of contemporary digital life.",,https://www.gadgets360.com/google-pixel-8-pro-price-in-india-120544,999,USD,119880
Smartphone,Google,Pixel 8a 128GB,Google Tensor G3,8,128,,,,,4385,6.1,1080x2400,120,18,10.5MP,64MP,"For those seeking reliable technology, the Google Pixel 8a 128GB stands out as a versatile and dependable choice. Additionally, it is powered by the Google Tensor G3 processor, 8 of memory and a spacious 128.0 of internal storage, ensuring brisk responsiveness. The device incorporates a 6.1-inch display featuring a crisp 1080x2400 resolution featuring an ultra-smooth 120.0 refresh rate, making it fantastic for media consumption and creative work. It integrates an endurance-focused 4385.0 battery to maximize mobility without sacrificing runtime. Operating on an efficient OS layer, this configuration positions the Google Pixel 8a 128GB as a highly capable daily driver.",,https://phonespecs.net/specs/google_pixel_8a-12937.html; https://www.gadgets360.com/google-pixel-8a-price-in-india-124161,549,USD,65880
Smartphone,Google,Pixel 9 128GB,Google Tensor G4,8,,,,,,4600,6.3,1080x2424,120,27,10.8MP,50MP,"For those seeking reliable technology, the Google Pixel 9 128GB stands out as a sophisticated and dependable choice. Moving to performance, it is fueled by the Google Tensor G4 processor and 8 of memory, ensuring brisk responsiveness. Users will appreciate the visual fidelity offered by a 6.3-inch display featuring a crisp 1080x2424 resolution featuring an ultra-smooth 120.0 refresh rate, perfect for streaming and reading. For users constantly on the move, it features an endurance-focused 4600.0 battery. Coupled with the intuitive pre-installed environment, the Google Pixel 9 128GB hits all the right notes for its category.",,https://phonesdata.com/en/smartphones/google/pixel-9-5464957/,799,USD,95880
Smartphone,Google,Pixel 9 Pro 256GB,Google Tensor G4,12,256,,,0.216,,5050,6.7,1280x2856,120,45,10.8MP,50MP,"The Google Pixel 9 Pro 256GB emerges as a reliable solution designed to elevate your digital experience. It boasts an impressive architecture featuring the Google Tensor G4 processor, 12 of memory and a spacious 256.0 of internal storage to comfortably manage multitasking without bottlenecks. Its front panel is dominated by a 6.7-inch display featuring a crisp 1280x2856 resolution featuring an ultra-smooth 120.0 refresh rate, providing vibrant colors and sharp contrasts. It integrates a substantial 5050.0 cell and a portable chassis weighing 0.216kg to maximize mobility without sacrificing runtime. Ultimately, with its native software at the helm, the Google Pixel 9 Pro 256GB easily satisfies the rigorous demands of contemporary digital life.",,https://www.techspecs.info/google-pixel-9-pro/,1099,USD,131880
Smartphone,Google,Pixel 9 Pro XL 512GB,Google Tensor G4,16,1024,,,0.222,,5250,6.8,1280x2856,120,37,10.8MP,50MP,"Presenting the Google Pixel 9 Pro XL 512GB: a feature-rich device built for uncompromised productivity and entertainment. It boasts an impressive architecture featuring the Google Tensor G4 processor, 16 of memory and a spacious 1024.0 of internal storage to comfortably manage multitasking without bottlenecks. Visuals are showcased on a 6.8-inch display featuring a crisp 1280x2856 resolution featuring an ultra-smooth 120.0 refresh rate, which guarantees an immersive viewing experience. Physical endurance is addressed by a long-lasting 5250.0 battery and an overall weight of just 0.222kg, keeping you productive on the go. Operating on an efficient OS layer, this configuration positions the Google Pixel 9 Pro XL 512GB as a highly capable daily driver.",,https://store.google.com/product/pixel_9_pro_specs?hl=en-US; https://store.google.com/us/product/pixel_9_pro?hl=en-US; https://fi.google.com/about/phones/pixel-9-pro-specs; https://specsinsight.com/google-pixel-9-pro-xl/,1299,USD,155880
Smartphone,Google,Pixel 9 Pro Fold 512GB,Google Tensor G4,16,,,,0.25,,5500,7.6,300x300,120,21,10.8MP,50MP,"Crafted to meet the demands of modern users, the Google Pixel 9 Pro Fold 512GB is a dynamic piece of engineering. Additionally, it is driven by the Google Tensor G4 processor and 16 of memory, ensuring brisk responsiveness. Users will appreciate the visual fidelity offered by a 7.6-inch display featuring a crisp 300x300 resolution featuring an ultra-smooth 120.0 refresh rate, perfect for streaming and reading. It integrates a long-lasting 5500.0 battery and an overall weight of just 0.25kg to maximize mobility without sacrificing runtime. Ultimately, with its native software at the helm, the Google Pixel 9 Pro Fold 512GB easily satisfies the rigorous demands of contemporary digital life.",,https://blog.google/products-and-platforms/devices/pixel/google-pixel-9-pro-fold/; https://www.phonemore.com/specs/google/pixel-9-pro-fold/ggh2x-512gb/,1799,USD,215880
Smartphone,Tecno,Spark Go 1S 64GB,MediaTek Helio A22,4,64,,,0.19,,5000,6.6,720x1600,90,15,8MP,13MP,"The Tecno Spark Go 1S 64GB seamlessly blends aesthetics with performance, making it a dynamic companion for daily tasks. System operations are powered by the MediaTek Helio A22 processor, 4 of memory and a spacious 64.0 of internal storage, providing the necessary bandwidth for intensive applications. The device incorporates a 6.6-inch display featuring a crisp 720x1600 resolution featuring an ultra-smooth 90.0 refresh rate, making it fantastic for media consumption and creative work. It integrates a long-lasting 5000.0 battery and a surprisingly light 0.19kg frame to maximize mobility without sacrificing runtime. Operating on an efficient OS layer, this configuration positions the Tecno Spark Go 1S 64GB as a highly capable daily driver.",,https://www.tecno-mobile.com/phones/tech-specs/techspecs/spark-go-1s/,129,USD,15480
Smartphone,Tecno,Megapad 11 256GB,MediaTek G99,8,128,,,0.45,,8000,,1200x1920,90,18,13MP,50MP,"The Tecno Megapad 11 256GB seamlessly blends aesthetics with performance, making it a premium companion for daily tasks. Under the hood, it is engineered around the MediaTek G99 processor, 8 of memory and a spacious 128.0 of internal storage, ensuring brisk responsiveness. Its front panel is dominated by a crisp 1200x1920 resolution featuring an ultra-smooth 90.0 refresh rate, providing vibrant colors and sharp contrasts. Practicality is further enhanced by a long-lasting 8000.0 battery and a surprisingly light 0.45kg frame, offering an excellent balance of longevity and comfort. Operating on an efficient OS layer, this configuration positions the Tecno Megapad 11 256GB as a highly capable daily driver.",,https://www.tecno-mobile.com/laptops/tech-specs/techspecs/megapad-11/,349,USD,41880
Smartphone,Tecno,Pop 9 4G 64GB,Unisoc SC9863A,3,64,,,,,5000,6.52,720x1600,120,15,5MP,8MP,"The Tecno Pop 9 4G 64GB seamlessly blends aesthetics with performance, making it a premium companion for daily tasks. System operations are engineered around the Unisoc SC9863A processor, 3 of memory and a spacious 64.0 of internal storage, providing the necessary bandwidth for intensive applications. Its front panel is dominated by a 6.52-inch display featuring a crisp 720x1600 resolution featuring an ultra-smooth 120.0 refresh rate, providing vibrant colors and sharp contrasts. Physical endurance is addressed by an endurance-focused 5000.0 battery, keeping you productive on the go. Ultimately, with its native software at the helm, the Tecno Pop 9 4G 64GB easily satisfies the rigorous demands of contemporary digital life.",,https://www.tecno-mobile.com/nga/phones/tech-specs/techspecs/pop-9/; https://www.techspecs.info/tecno-pop-9/,99,USD,11880
Smartphone,Tecno,Megapad 128GB,MediaTek Helio G80,6,128,,,0.42,,7500,,1200x1920,90,18,12MP,50MP,"For those seeking reliable technology, the Tecno Megapad 128GB stands out as a reliable and dependable choice. Under the hood, it is driven by the MediaTek Helio G80 processor, 6 of memory and a spacious 128.0 of internal storage, ensuring brisk responsiveness. Its front panel is dominated by a crisp 1200x1920 resolution featuring an ultra-smooth 90.0 refresh rate, providing vibrant colors and sharp contrasts. It integrates an endurance-focused 7500.0 battery and a portable chassis weighing 0.42kg to maximize mobility without sacrificing runtime. Ultimately, with its native software at the helm, the Tecno Megapad 128GB easily satisfies the rigorous demands of contemporary digital life.",,https://www.tecno-mobile.com/laptops/tech-specs/techspecs/megapad-11/,299,USD,35880
Smartphone,Tecno,Camon 30S 256GB,MediaTek Dimensity 810,8,128,,,0.198,,5200,6.8,1080x2436,120,33,32MP,50MP,"Presenting the Tecno Camon 30S 256GB: a premium device built for uncompromised productivity and entertainment. The core of its performance lies in the MediaTek Dimensity 810 processor, 8 of memory and a spacious 128.0 of internal storage, allowing users to navigate demanding workflows seamlessly. Visuals are presented via a 6.8-inch display featuring a crisp 1080x2436 resolution featuring an ultra-smooth 120.0 refresh rate, which guarantees an immersive viewing experience. Physical endurance is addressed by a substantial 5200.0 cell and a portable chassis weighing 0.198kg, keeping you productive on the go. Running naturally on a modern operating system, the Tecno Camon 30S 256GB is an outstanding technological investment.",,https://www.tecno-mobile.com/phones/tech-specs/techspecs/camon-30s/; https://www.techspecs.info/tecno-camon-30s/,499,USD,59880
Smartphone,Tecno,Spark 30C 5G 128GB,MediaTek Dimensity 6100+,6,64,,,0.2,,5000,6.6,720x1600,120,18,16MP,50MP,"Crafted to meet the demands of modern users, the Tecno Spark 30C 5G 128GB is a versatile piece of engineering. Furthermore, it is engineered around the MediaTek Dimensity 6100+ processor, 6 of memory and a spacious 64.0 of internal storage, ensuring brisk responsiveness. Users will appreciate the visual fidelity offered by a 6.6-inch display featuring a crisp 720x1600 resolution featuring an ultra-smooth 120.0 refresh rate, perfect for streaming and reading. Practicality is further enhanced by an endurance-focused 5000.0 battery and an overall weight of just 0.2kg, offering an excellent balance of longevity and comfort. Coupled with the intuitive pre-installed environment, the Tecno Spark 30C 5G 128GB hits all the right notes for its category.",,https://www.tecno-mobile.com/phones/tech-specs/techspecs/spark-30c-5g/; https://www.techspecs.info/tecno-spark-30c-5g/,199,USD,23880
Smartphone,Tecno,Spark 30 5G 128GB,MediaTek Dimensity 6020,6,128,,,,,5000,6.6,720x1600,120,18,16MP,50MP,"For those seeking reliable technology, the Tecno Spark 30 5G 128GB stands out as a sophisticated and dependable choice. Additionally, it is engineered around the MediaTek Dimensity 6020 processor, 6 of memory and a spacious 128.0 of internal storage, ensuring brisk responsiveness. The device incorporates a 6.6-inch display featuring a crisp 720x1600 resolution featuring an ultra-smooth 120.0 refresh rate, making it fantastic for media consumption and creative work. Practicality is further enhanced by an endurance-focused 5000.0 battery, offering an excellent balance of longevity and comfort. Ultimately, with its native software at the helm, the Tecno Spark 30 5G 128GB easily satisfies the rigorous demands of contemporary digital life.",,https://www.tecno-mobile.com/phones/tech-specs/techspecs/spark-30-5g/; https://www.techspecs.info/tecno-spark-30-5g/,229,USD,27480
Smartphone,Tecno,Pop 9 64GB,Unisoc SC9832E,3,64,,,0.19,,5000,6.52,720x1600,120,18,5MP,8MP,"The Tecno Pop 9 64GB seamlessly blends aesthetics with performance, making it a modern companion for daily tasks. It boasts an impressive architecture featuring the Unisoc SC9832E processor, 3 of memory and a spacious 64.0 of internal storage to comfortably manage multitasking without bottlenecks. Users will appreciate the visual fidelity offered by a 6.52-inch display featuring a crisp 720x1600 resolution featuring an ultra-smooth 120.0 refresh rate, perfect for streaming and reading. For users constantly on the move, it features an endurance-focused 5000.0 battery and a surprisingly light 0.19kg frame. Running naturally on a modern operating system, the Tecno Pop 9 64GB is an outstanding technological investment.",,https://www.tecno-mobile.com/nga/phones/tech-specs/techspecs/pop-9/; https://phonesdata.com/en/smartphones/tecno/pop-9-5464975/,89,USD,10680
Smartphone,Tecno,Spark 30 Pro 256GB,MediaTek Helio G99,8,128,,,,,5200,6.8,1080x2436,120,33,32MP,50MP,"The Tecno Spark 30 Pro 256GB seamlessly blends aesthetics with performance, making it a premium companion for daily tasks. As for its internals, it is engineered around the MediaTek Helio G99 processor, 8 of memory and a spacious 128.0 of internal storage, ensuring brisk responsiveness. Visuals are rendered on a 6.8-inch display featuring a crisp 1080x2436 resolution featuring an ultra-smooth 120.0 refresh rate, which guarantees an immersive viewing experience. Practicality is further enhanced by a long-lasting 5200.0 battery, offering an excellent balance of longevity and comfort. Coupled with the intuitive pre-installed environment, the Tecno Spark 30 Pro 256GB hits all the right notes for its category.",,https://www.tecno-mobile.com/phones/tech-specs/techspecs/spark-30-pro/; https://www.techspecs.info/tecno-spark-30-pro/,269,USD,32280
Smartphone,Tecno,Spark 30 128GB,MediaTek Helio G85,4,128,,,0.192,,5000,6.6,1080x2460,90,18,16MP,50MP,"The Tecno Spark 30 128GB seamlessly blends aesthetics with performance, making it a modern companion for daily tasks. The core of its performance lies in the MediaTek Helio G85 processor, 4 of memory and a spacious 128.0 of internal storage, allowing users to navigate demanding workflows seamlessly. Its front panel is dominated by a 6.6-inch display featuring a crisp 1080x2460 resolution featuring an ultra-smooth 90.0 refresh rate, providing vibrant colors and sharp contrasts. It integrates a long-lasting 5000.0 battery and a surprisingly light 0.192kg frame to maximize mobility without sacrificing runtime. Coupled with the intuitive pre-installed environment, the Tecno Spark 30 128GB hits all the right notes for its category.",,https://www.tecno-mobile.com/phones/tech-specs/techspecs/spark-30/; https://phonesdata.com/en/smartphones/tecno/spark-30-5464975/,179,USD,21480
Smartphone,Tecno,Phantom V Fold2 512GB,MediaTek Dimensity 9200+,12,512,,,0.28,,5500,7.85,2296x2000,120,15,32MP,64MP,"For those seeking reliable technology, the Tecno Phantom V Fold2 512GB stands out as a feature-rich and dependable choice. It boasts an impressive architecture featuring the MediaTek Dimensity 9200+ processor, 12 of memory and a spacious 512.0 of internal storage to comfortably manage multitasking without bottlenecks. Its front panel is dominated by a 7.85-inch display featuring a crisp 2296x2000 resolution featuring an ultra-smooth 120.0 refresh rate, providing vibrant colors and sharp contrasts. It integrates a substantial 5500.0 cell and an overall weight of just 0.28kg to maximize mobility without sacrificing runtime. Ultimately, with its native software at the helm, the Tecno Phantom V Fold2 512GB easily satisfies the rigorous demands of contemporary digital life.",,https://www.tecno-mobile.com/phones/tech-specs/techspecs/phantom-v-fold2-5g/; https://www.tecno-mobile.com/phones/product-detail/product/phantom-v-fold2-5g/; https://www.techspecs.info/tecno-phantom-v-fold-2/,1799,USD,215880
Smartphone,Tecno,Phantom V Flip2 256GB,MediaTek Dimensity 8050,8,256,,,,,4300,6.9,1080x2640,120,70,32MP,50MP,"For those seeking reliable technology, the Tecno Phantom V Flip2 256GB stands out as a premium and dependable choice. It boasts an impressive architecture featuring the MediaTek Dimensity 8050 processor, 8 of memory and a spacious 256.0 of internal storage to comfortably manage multitasking without bottlenecks. Visuals are delivered through a 6.9-inch display featuring a crisp 1080x2640 resolution featuring an ultra-smooth 120.0 refresh rate, which guarantees an immersive viewing experience. Physical endurance is addressed by an endurance-focused 4300.0 battery, keeping you productive on the go. Operating on an efficient OS layer, this configuration positions the Tecno Phantom V Flip2 256GB as a highly capable daily driver.",,https://www.tecno-mobile.com/phones/tech-specs/techspecs/phantom-v-flip2-5g/; https://phonespecs.net/specs/tecno_phantom_v_flip2-13335.html,999,USD,119880
Smartphone,Tecno,Pova 6 Neo 5G 256GB,MediaTek Dimensity 810,8,256,,,,,6000,6.8,1080x2460,120,18,16MP,50MP,"The Tecno Pova 6 Neo 5G 256GB emerges as a dynamic solution designed to elevate your digital experience. System operations are powered by the MediaTek Dimensity 810 processor, 8 of memory and a spacious 256.0 of internal storage, providing the necessary bandwidth for intensive applications. Users will appreciate the visual fidelity offered by a 6.8-inch display featuring a crisp 1080x2460 resolution featuring an ultra-smooth 120.0 refresh rate, perfect for streaming and reading. Physical endurance is addressed by an endurance-focused 6000.0 battery, keeping you productive on the go. Running naturally on a modern operating system, the Tecno Pova 6 Neo 5G 256GB is an outstanding technological investment.",,https://www.tecno-mobile.com/phones/tech-specs/techspecs/pova-6-neo/; https://www.gadgets360.com/tecno-pova-6-neo-5g-price-in-india-128281; https://www.techspecs.info/tecno-pova-6-neo/,349,USD,41880
Smartphone,Tecno,Spark 30C 128GB,MediaTek Helio G85,4,128,,,0.19,,5000,6.6,720x1600,120,18,16MP,50MP,"The Tecno Spark 30C 128GB seamlessly blends aesthetics with performance, making it a powerful companion for daily tasks. Additionally, it is engineered around the MediaTek Helio G85 processor, 4 of memory and a spacious 128.0 of internal storage, ensuring brisk responsiveness. Its front panel is dominated by a 6.6-inch display featuring a crisp 720x1600 resolution featuring an ultra-smooth 120.0 refresh rate, providing vibrant colors and sharp contrasts. Physical endurance is addressed by a long-lasting 5000.0 battery and an overall weight of just 0.19kg, keeping you productive on the go. Operating on an efficient OS layer, this configuration positions the Tecno Spark 30C 128GB as a highly capable daily driver.",,https://www.tecno-mobile.com/phones/tech-specs/techspecs/spark-30c/; https://www.techspecs.info/tecno-spark-30c/,149,USD,17880
Smartphone,Tecno,Spark Go 1 64GB,Unisoc SC9863A,3,64,,,,,5000,6.52,720x1600,120,15,5MP,8MP,"The Tecno Spark Go 1 64GB seamlessly blends aesthetics with performance, making it a reliable companion for daily tasks. System operations are engineered around the Unisoc SC9863A processor, 3 of memory and a spacious 64.0 of internal storage, providing the necessary bandwidth for intensive applications. Visuals are showcased on a 6.52-inch display featuring a crisp 720x1600 resolution featuring an ultra-smooth 120.0 refresh rate, which guarantees an immersive viewing experience. For users constantly on the move, it features an endurance-focused 5000.0 battery. Running naturally on a modern operating system, the Tecno Spark Go 1 64GB is an outstanding technological investment.",,https://www.tecno-mobile.com/phones/tech-specs/techspecs/spark-go-1/; https://phonesdata.com/en/smartphones/tecno/spark-go-1-5464794/,99,USD,11880
Smartphone,Tecno,Camon 30S Pro 512GB,MediaTek Dimensity 9200,12,256,,,0.202,,5200,6.9,1080x2436,120,45,50MP,108MP,"For those seeking reliable technology, the Tecno Camon 30S Pro 512GB stands out as a powerful and dependable choice. It boasts an impressive architecture featuring the MediaTek Dimensity 9200 processor, 12 of memory and a spacious 256.0 of internal storage to comfortably manage multitasking without bottlenecks. Its front panel is dominated by a 6.9-inch display featuring a crisp 1080x2436 resolution featuring an ultra-smooth 120.0 refresh rate, providing vibrant colors and sharp contrasts. Physical endurance is addressed by a long-lasting 5200.0 battery and a portable chassis weighing 0.202kg, keeping you productive on the go. Ultimately, with its native software at the helm, the Tecno Camon 30S Pro 512GB easily satisfies the rigorous demands of contemporary digital life.",,https://www.tecno-mobile.com/phones/tech-specs/techspecs/camon-30s-pro/; https://phonesdata.com/en/smartphones/tecno/camon-30s-pro-5464945/,1099,USD,131880
Smartphone,Tecno,Spark 20P 128GB,MediaTek Helio G85,4,256,,,,,5000,6.6,720x1612,90,18,16MP,50MP,"Presenting the Tecno Spark 20P 128GB: a premium device built for uncompromised productivity and entertainment. System operations are engineered around the MediaTek Helio G85 processor, 4 of memory and a spacious 256.0 of internal storage, providing the necessary bandwidth for intensive applications. Its front panel is dominated by a 6.6-inch display featuring a crisp 720x1612 resolution featuring an ultra-smooth 90.0 refresh rate, providing vibrant colors and sharp contrasts. Practicality is further enhanced by a substantial 5000.0 cell, offering an excellent balance of longevity and comfort. Running naturally on a modern operating system, the Tecno Spark 20P 128GB is an outstanding technological investment.",,https://www.tecno-mobile.com/za/phones/tech-specs/techspecs/spark-20p/; https://www.tecno-mobile.com/za/phones/product-detail/product/spark-20p/; https://www.techspecs.info/tecno-spark-20p/,179,USD,21480
Smartphone,Tecno,Spark 20 Pro 5G 256GB,MediaTek Dimensity 810,8,256,,,0.21,,5200,6.8,1080x2460,120,33,32MP,50MP,"The Tecno Spark 20 Pro 5G 256GB emerges as a dynamic solution designed to elevate your digital experience. The core of its performance lies in the MediaTek Dimensity 810 processor, 8 of memory and a spacious 256.0 of internal storage, allowing users to navigate demanding workflows seamlessly. Users will appreciate the visual fidelity offered by a 6.8-inch display featuring a crisp 1080x2460 resolution featuring an ultra-smooth 120.0 refresh rate, perfect for streaming and reading. Physical endurance is addressed by a long-lasting 5200.0 battery and a surprisingly light 0.21kg frame, keeping you productive on the go. Operating on an efficient OS layer, this configuration positions the Tecno Spark 20 Pro 5G 256GB as a highly capable daily driver.",,https://www.tecno-mobile.com/za/phones/tech-specs/techspecs/spark-20-pro-5g/; https://www.gadgets360.com/tecno-spark-20-pro-5g-price-in-india-126661,329,USD,39480
Smartphone,Tecno,Pova 6 Neo 256GB,MediaTek Helio G99,8,256,,,0.23,,6000,6.8,1080x2460,120,33,16MP,50MP,"Presenting the Tecno Pova 6 Neo 256GB: a reliable device built for uncompromised productivity and entertainment. It boasts an impressive architecture featuring the MediaTek Helio G99 processor, 8 of memory and a spacious 256.0 of internal storage to comfortably manage multitasking without bottlenecks. The device incorporates a 6.8-inch display featuring a crisp 1080x2460 resolution featuring an ultra-smooth 120.0 refresh rate, making it fantastic for media consumption and creative work. Physical endurance is addressed by a substantial 6000.0 cell and a portable chassis weighing 0.23kg, keeping you productive on the go. Operating on an efficient OS layer, this configuration positions the Tecno Pova 6 Neo 256GB as a highly capable daily driver.",,https://www.tecno-mobile.com/phones/tech-specs/techspecs/pova-6-neo/; https://www.tecno-mobile.com/phones/product-detail/product/pova-6-neo/; https://phonespecs.net/specs/tecno_pova_6_neo-12911.html,299,USD,35880
Smartphone,Tecno,Camon 30 Premier 512GB,MediaTek Dimensity 9200,12,512,,,0.21,,5200,6.9,1264x2780,120,70,50MP,108MP,"Presenting the Tecno Camon 30 Premier 512GB: a sophisticated device built for uncompromised productivity and entertainment. System operations are powered by the MediaTek Dimensity 9200 processor, 12 of memory and a spacious 512.0 of internal storage, providing the necessary bandwidth for intensive applications. Its front panel is dominated by a 6.9-inch display featuring a crisp 1264x2780 resolution featuring an ultra-smooth 120.0 refresh rate, providing vibrant colors and sharp contrasts. Physical endurance is addressed by a long-lasting 5200.0 battery and a portable chassis weighing 0.21kg, keeping you productive on the go. Coupled with the intuitive pre-installed environment, the Tecno Camon 30 Premier 512GB hits all the right notes for its category.",,https://www.tecno-mobile.com/phones/tech-specs/techspecs/camon-30-premier-5g/; https://www.gadgets360.com/tecno-camon-30-premier-5g-price-in-india-125480,1199,USD,143880
Smartphone,Tecno,Camon 30 Pro 512GB,MediaTek Dimensity 8200,12,512,,,,,5200,6.8,1080x2436,144,70,50MP,64MP,"The Tecno Camon 30 Pro 512GB emerges as a dynamic solution designed to elevate your digital experience. It boasts an impressive architecture featuring the MediaTek Dimensity 8200 processor, 12 of memory and a spacious 512.0 of internal storage to comfortably manage multitasking without bottlenecks. The device incorporates a 6.8-inch display featuring a crisp 1080x2436 resolution featuring an ultra-smooth 144.0 refresh rate, making it fantastic for media consumption and creative work. Practicality is further enhanced by a long-lasting 5200.0 battery, offering an excellent balance of longevity and comfort. Coupled with the intuitive pre-installed environment, the Tecno Camon 30 Pro 512GB hits all the right notes for its category.",,https://www.tecno-mobile.com/phones/tech-specs/techspecs/camon-30-pro-5g/; https://phonesdata.com/en/smartphones/tecno/camon-30-pro-5464989/,899,USD,107880
Smartphone,Tecno,Camon 30 5G 256GB,MediaTek Dimensity 810,8,256,,,0.198,,5000,6.7,1080x2436,120,70,32MP,50MP,"Crafted to meet the demands of modern users, the Tecno Camon 30 5G 256GB is a modern piece of engineering. It boasts an impressive architecture featuring the MediaTek Dimensity 810 processor, 8 of memory and a spacious 256.0 of internal storage to comfortably manage multitasking without bottlenecks. Users will appreciate the visual fidelity offered by a 6.7-inch display featuring a crisp 1080x2436 resolution featuring an ultra-smooth 120.0 refresh rate, perfect for streaming and reading. Practicality is further enhanced by a substantial 5000.0 cell and a surprisingly light 0.198kg frame, offering an excellent balance of longevity and comfort. Operating on an efficient OS layer, this configuration positions the Tecno Camon 30 5G 256GB as a highly capable daily driver.",,https://www.tecno-mobile.com/phones/tech-specs/techspecs/camon-30-5g/; https://www.techspecs.info/tecno-camon-30-5g/,499,USD,59880
Smartphone,Tecno,Camon 30 128GB,MediaTek Helio G99,6,256,,,,,5000,6.7,1080x2436,120,70,32MP,50MP,"Presenting the Tecno Camon 30 128GB: a modern device built for uncompromised productivity and entertainment. The core of its performance lies in the MediaTek Helio G99 processor, 6 of memory and a spacious 256.0 of internal storage, allowing users to navigate demanding workflows seamlessly. Visuals are handled by a 6.7-inch display featuring a crisp 1080x2436 resolution featuring an ultra-smooth 120.0 refresh rate, which guarantees an immersive viewing experience. For users constantly on the move, it features an endurance-focused 5000.0 battery. Running naturally on a modern operating system, the Tecno Camon 30 128GB is an outstanding technological investment.",,https://www.tecno-mobile.com/phones/tech-specs/techspecs/camon-30/; https://www.tecno-mobile.com/phones/product-detail/product/camon-30/; https://www.techspecs.info/tecno-camon-30/,349,USD,41880
Smartphone,Tecno,Pova 6 Pro 512GB,MediaTek Dimensity 8100,12,24,,,0.23,,6000,6.9,1080x2436,120,70,32MP,64MP,"For those seeking reliable technology, the Tecno Pova 6 Pro 512GB stands out as a versatile and dependable choice. The core of its performance lies in the MediaTek Dimensity 8100 processor, 12 of memory and a spacious 24.0 of internal storage, allowing users to navigate demanding workflows seamlessly. Its front panel is dominated by a 6.9-inch display featuring a crisp 1080x2436 resolution featuring an ultra-smooth 120.0 refresh rate, providing vibrant colors and sharp contrasts. It integrates a long-lasting 6000.0 battery and a surprisingly light 0.23kg frame to maximize mobility without sacrificing runtime. Coupled with the intuitive pre-installed environment, the Tecno Pova 6 Pro 512GB hits all the right notes for its category.",,https://www.tecno-mobile.com/phones/tech-specs/techspecs/pova-6-pro-5g/; https://www.tecno-mobile.com/phones/product-detail/product/pova-6-pro-5g/; https://phonesdata.com/en/smartphones/tecno/pova-6-pro-5464850/,1099,USD,131880
Smartphone,Tecno,Spark 20 Pro+ 256GB,MediaTek Helio G99,8,256,,,0.21,,5200,6.8,1080x2436,120,18,32MP,50MP,"Crafted to meet the demands of modern users, the Tecno Spark 20 Pro+ 256GB is a feature-rich piece of engineering. The core of its performance lies in the MediaTek Helio G99 processor, 8 of memory and a spacious 256.0 of internal storage, allowing users to navigate demanding workflows seamlessly. The device incorporates a 6.8-inch display featuring a crisp 1080x2436 resolution featuring an ultra-smooth 120.0 refresh rate, making it fantastic for media consumption and creative work. It integrates an endurance-focused 5200.0 battery and a portable chassis weighing 0.21kg to maximize mobility without sacrificing runtime. Running naturally on a modern operating system, the Tecno Spark 20 Pro+ 256GB is an outstanding technological investment.",,https://www.tecno-mobile.com/nga/phones/product-detail/product/spark-20-pro-+/; https://www.tecno-mobile.com/lb-en/phones/product-detail/product/spark-20-pro-+/; https://phonespecs.net/specs/tecno_spark_20_pro+-12770.html,269,USD,32280
Smartphone,Tecno,Spark 20 Pro 128GB,MediaTek Helio G85,6,256,,,,,5000,6.6,1080x2460,120,33,16MP,50MP,"The Tecno Spark 20 Pro 128GB emerges as a reliable solution designed to elevate your digital experience. It boasts an impressive architecture featuring the MediaTek Helio G85 processor, 6 of memory and a spacious 256.0 of internal storage to comfortably manage multitasking without bottlenecks. The device incorporates a 6.6-inch display featuring a crisp 1080x2460 resolution featuring an ultra-smooth 120.0 refresh rate, making it fantastic for media consumption and creative work. Physical endurance is addressed by a substantial 5000.0 cell, keeping you productive on the go. Running naturally on a modern operating system, the Tecno Spark 20 Pro 128GB is an outstanding technological investment.",,https://www.tecno-mobile.com/nga/phones/product-detail/product/spark-20-pro/; https://www.tecno-mobile.com/lb-en/phones/tech-specs/techspecs/spark-20-pro/,199,USD,23880
Smartphone,Tecno,Spark 20 128GB,MediaTek Helio G85,4,256,,,0.192,,5000,6.6,720x1612,90,18,16MP,50MP,"For those seeking reliable technology, the Tecno Spark 20 128GB stands out as a feature-rich and dependable choice. Under the hood, it is driven by the MediaTek Helio G85 processor, 4 of memory and a spacious 256.0 of internal storage, ensuring brisk responsiveness. Users will appreciate the visual fidelity offered by a 6.6-inch display featuring a crisp 720x1612 resolution featuring an ultra-smooth 90.0 refresh rate, perfect for streaming and reading. For users constantly on the move, it features a long-lasting 5000.0 battery and a surprisingly light 0.192kg frame. Coupled with the intuitive pre-installed environment, the Tecno Spark 20 128GB hits all the right notes for its category.",,https://www.tecno-mobile.com/ph/phones/tech-specs/techspecs/spark-20/; https://phonesdata.com/en/smartphones/tecno/spark-20-5464850/,179,USD,21480
Smartphone,Tecno,Spark 20C 128GB,MediaTek Helio G85,4,128,,,0.19,,5000,6.6,720x1612,90,18,16MP,50MP,"Presenting the Tecno Spark 20C 128GB: a feature-rich device built for uncompromised productivity and entertainment. System operations are powered by the MediaTek Helio G85 processor, 4 of memory and a spacious 128.0 of internal storage, providing the necessary bandwidth for intensive applications. Its front panel is dominated by a 6.6-inch display featuring a crisp 720x1612 resolution featuring an ultra-smooth 90.0 refresh rate, providing vibrant colors and sharp contrasts. It integrates a long-lasting 5000.0 battery and an overall weight of just 0.19kg to maximize mobility without sacrificing runtime. Ultimately, with its native software at the helm, the Tecno Spark 20C 128GB easily satisfies the rigorous demands of contemporary digital life.",,https://www.tecno-mobile.com/ph/phones/tech-specs/techspecs/spark-20c/; https://phonesdata.com/en/smartphones/tecno/spark-20c-5464850/,149,USD,17880
Smartphone,Tecno,Spark Go 2024 64GB,Unisoc SC9863A,3,64,,,,,5000,6.52,720x1612,90,10,5MP,8MP,"Presenting the Tecno Spark Go 2024 64GB: a feature-rich device built for uncompromised productivity and entertainment. The core of its performance lies in the Unisoc SC9863A processor, 3 of memory and a spacious 64.0 of internal storage, allowing users to navigate demanding workflows seamlessly. Visuals are showcased on a 6.52-inch display featuring a crisp 720x1612 resolution featuring an ultra-smooth 90.0 refresh rate, which guarantees an immersive viewing experience. Physical endurance is addressed by a substantial 5000.0 cell, keeping you productive on the go. Coupled with the intuitive pre-installed environment, the Tecno Spark Go 2024 64GB hits all the right notes for its category.",,https://www.tecno-mobile.com/lb-en/phones/tech-specs/techspecs/spark-go-2024/; https://phonesdata.com/en/smartphones/tecno/spark-go-2024-5464144/,99,USD,11880
Smartphone,Tecno,Pop 8 64GB,Unisoc SC9832E,3,64,,,,,5000,6.52,720x1612,90,10,5MP,8MP,"For those seeking reliable technology, the Tecno Pop 8 64GB stands out as a highly capable and dependable choice. As for its internals, it is engineered around the Unisoc SC9832E processor, 3 of memory and a spacious 64.0 of internal storage, ensuring brisk responsiveness. Visuals are showcased on a 6.52-inch display featuring a crisp 720x1612 resolution featuring an ultra-smooth 90.0 refresh rate, which guarantees an immersive viewing experience. Physical endurance is addressed by a long-lasting 5000.0 battery, keeping you productive on the go. Running naturally on a modern operating system, the Tecno Pop 8 64GB is an outstanding technological investment.",,https://www.tecno-mobile.com/phones/tech-specs/techspecs/pop-8/; https://www.tecno-mobile.com/phones/product-detail/product/pop-8/; https://www.techspecs.info/tecno-pop-8/,89,USD,10680
Smartphone,Tecno,Camon 20s Pro 5G 512GB,MediaTek Dimensity 9200,12,256,,,0.202,,5200,6.9,1080x2400,120,33,50MP,108MP,"Crafted to meet the demands of modern users, the Tecno Camon 20s Pro 5G 512GB is a reliable piece of engineering. System operations are engineered around the MediaTek Dimensity 9200 processor, 12 of memory and a spacious 256.0 of internal storage, providing the necessary bandwidth for intensive applications. The device incorporates a 6.9-inch display featuring a crisp 1080x2400 resolution featuring an ultra-smooth 120.0 refresh rate, making it fantastic for media consumption and creative work. It integrates a substantial 5200.0 cell and a surprisingly light 0.202kg frame to maximize mobility without sacrificing runtime. Running naturally on a modern operating system, the Tecno Camon 20s Pro 5G 512GB is an outstanding technological investment.",,https://phonespecs.net/specs/tecno_camon_20s_pro_5g-12933.html; https://gsmfind.com/tecno-camon-20s-pro-5g.html,1099,USD,131880
Smartphone,Tecno,Camon 20s Pro 256GB,MediaTek Dimensity 810,12,256,,,0.202,,5200,6.9,1080x2400,120,33,50MP,108MP,"Presenting the Tecno Camon 20s Pro 256GB: a versatile device built for uncompromised productivity and entertainment. System operations are engineered around the MediaTek Dimensity 810 processor, 12 of memory and a spacious 256.0 of internal storage, providing the necessary bandwidth for intensive applications. Users will appreciate the visual fidelity offered by a 6.9-inch display featuring a crisp 1080x2400 resolution featuring an ultra-smooth 120.0 refresh rate, perfect for streaming and reading. For users constantly on the move, it features an endurance-focused 5200.0 battery and a surprisingly light 0.202kg frame. Ultimately, with its native software at the helm, the Tecno Camon 20s Pro 256GB easily satisfies the rigorous demands of contemporary digital life.",,https://phonesdata.com/en/smartphones/tecno/camon-20s-pro-5g-5464984/; https://specsinsight.com/tecno-camon-20s-pro-5g/,899,USD,107880
Smartphone,Tecno,Camon 20s 256GB,MediaTek Helio G99,8,256,,,0.2,,5000,6.7,1080x2400,920,33,32MP,50MP,"Crafted to meet the demands of modern users, the Tecno Camon 20s 256GB is a highly capable piece of engineering. Additionally, it is equipped with the MediaTek Helio G99 processor, 8 of memory and a spacious 256.0 of internal storage, ensuring brisk responsiveness. Users will appreciate the visual fidelity offered by a 6.7-inch display featuring a crisp 1080x2400 resolution featuring an ultra-smooth 920.0 refresh rate, perfect for streaming and reading. Practicality is further enhanced by an endurance-focused 5000.0 battery and a portable chassis weighing 0.2kg, offering an excellent balance of longevity and comfort. Operating on an efficient OS layer, this configuration positions the Tecno Camon 20s 256GB as a highly capable daily driver.",,https://www.tecno-mobile.com/nga/phones/tech-specs/techspecs/camon-20/; https://www.tecno-mobile.com/nga/phones/product-detail/product/camon-20/; https://www.techspecs.info/tecno-camon-20/,449,USD,53880
Smartphone,Tecno,Camon 20 Premier 512GB,MediaTek Dimensity 8200,12,512,,,,,5200,6.8,1080x2400,120,45,50MP,108MP,"Presenting the Tecno Camon 20 Premier 512GB: a powerful device built for uncompromised productivity and entertainment. System operations are powered by the MediaTek Dimensity 8200 processor, 12 of memory and a spacious 512.0 of internal storage, providing the necessary bandwidth for intensive applications. Visuals are presented via a 6.8-inch display featuring a crisp 1080x2400 resolution featuring an ultra-smooth 120.0 refresh rate, which guarantees an immersive viewing experience. It integrates a long-lasting 5200.0 battery to maximize mobility without sacrificing runtime. Operating on an efficient OS layer, this configuration positions the Tecno Camon 20 Premier 512GB as a highly capable daily driver.",,https://www.tecno-mobile.com/et-en/phones/product-detail/product/camon-20-premier-5g/; https://www.tecno-mobile.com/et-en/phones/tech-specs/techspecs/camon-20-premier-5g/; https://phonesdata.com/en/smartphones/tecno/camon-20-premier-5464960/,1049,USD,125880
Smartphone,Tecno,Camon 20 Pro 5G 256GB,MediaTek Dimensity 810,8,256,,,0.2,,5000,6.7,1080x2400,120,33,32MP,50MP,"The Tecno Camon 20 Pro 5G 256GB emerges as a feature-rich solution designed to elevate your digital experience. The core of its performance lies in the MediaTek Dimensity 810 processor, 8 of memory and a spacious 256.0 of internal storage, allowing users to navigate demanding workflows seamlessly. Users will appreciate the visual fidelity offered by a 6.7-inch display featuring a crisp 1080x2400 resolution featuring an ultra-smooth 120.0 refresh rate, perfect for streaming and reading. Practicality is further enhanced by an endurance-focused 5000.0 battery and an overall weight of just 0.2kg, offering an excellent balance of longevity and comfort. Running naturally on a modern operating system, the Tecno Camon 20 Pro 5G 256GB is an outstanding technological investment.",,https://www.tecno-mobile.com/ph/phones/tech-specs/techspecs/camon-20-pro-5g-10/; https://www.techspecs.info/tecno-camon-20-pro-5g/,499,USD,59880
Smartphone,Tecno,Camon 20 Pro 128GB,MediaTek Helio G99,6,256,,,0.198,,5000,6.7,1080x1920,120,33,32MP,50MP,"The Tecno Camon 20 Pro 128GB emerges as a modern solution designed to elevate your digital experience. System operations are driven by the MediaTek Helio G99 processor, 6 of memory and a spacious 256.0 of internal storage, providing the necessary bandwidth for intensive applications. The device incorporates a 6.7-inch display featuring a crisp 1080x1920 resolution featuring an ultra-smooth 120.0 refresh rate, making it fantastic for media consumption and creative work. For users constantly on the move, it features an endurance-focused 5000.0 battery and a portable chassis weighing 0.198kg. Running naturally on a modern operating system, the Tecno Camon 20 Pro 128GB is an outstanding technological investment.",,https://www.tecno-mobile.com/ph/phones/product-detail/product/camon-20-pro-5g-17/; https://phonesdata.com/en/smartphones/tecno/camon-20-pro-5464960/,349,USD,41880
Smartphone,Tecno,Camon 20 128GB,MediaTek Helio G99,6,256,,,,,5000,6.7,1080x2400,920,33,32MP,50MP,"The Tecno Camon 20 128GB emerges as a highly capable solution designed to elevate your digital experience. Additionally, it is powered by the MediaTek Helio G99 processor, 6 of memory and a spacious 256.0 of internal storage, ensuring brisk responsiveness. Users will appreciate the visual fidelity offered by a 6.7-inch display featuring a crisp 1080x2400 resolution featuring an ultra-smooth 920.0 refresh rate, perfect for streaming and reading. For users constantly on the move, it features an endurance-focused 5000.0 battery. Operating on an efficient OS layer, this configuration positions the Tecno Camon 20 128GB as a highly capable daily driver.",,https://www.tecno-mobile.com/nga/phones/product-detail/product/camon-20/; https://www.tecno-mobile.com/nga/phones/tech-specs/techspecs/camon-20/; https://www.techspecs.info/tecno-camon-20/,349,USD,41880
Smartphone,Tecno,Pova 5G 512GB,MediaTek Dimensity 900,8,256,,,0.24,,6000,6.9,1224x2720,144,45,32MP,50MP,"For those seeking reliable technology, the Tecno Pova 5G 512GB stands out as a versatile and dependable choice. The core of its performance lies in the MediaTek Dimensity 900 processor, 8 of memory and a spacious 256.0 of internal storage, allowing users to navigate demanding workflows seamlessly. Visuals are rendered on a 6.9-inch display featuring a crisp 1224x2720 resolution featuring an ultra-smooth 144.0 refresh rate, which guarantees an immersive viewing experience. For users constantly on the move, it features a long-lasting 6000.0 battery and an overall weight of just 0.24kg. Ultimately, with its native software at the helm, the Tecno Pova 5G 512GB easily satisfies the rigorous demands of contemporary digital life.",,https://www.tecno-mobile.com/phones/tech-specs/techspecs/pova-slim-5g/; https://www.tecno-mobile.com/phones/tech-specs/techspecs/pova-8-5g/; https://www.gadgets360.com/tecno-pova-slim-5g-price-in-india-134383,699,USD,83880
Smartphone,Tecno,Pova 5 256GB,MediaTek Helio G99,8,128,,,0.23,,6000,6.8,1080x2460,120,45,16MP,50MP,"The Tecno Pova 5 256GB emerges as a feature-rich solution designed to elevate your digital experience. Additionally, it is engineered around the MediaTek Helio G99 processor, 8 of memory and a spacious 128.0 of internal storage, ensuring brisk responsiveness. Its front panel is dominated by a 6.8-inch display featuring a crisp 1080x2460 resolution featuring an ultra-smooth 120.0 refresh rate, providing vibrant colors and sharp contrasts. It integrates a substantial 6000.0 cell and a portable chassis weighing 0.23kg to maximize mobility without sacrificing runtime. Running naturally on a modern operating system, the Tecno Pova 5 256GB is an outstanding technological investment.",,https://www.tecno-mobile.com/dr/phones/tech-specs/techspecs/pova-5/; https://www.tecno-mobile.com/phones/tech-specs/techspecs/pova-8-5g/; https://phonesdata.com/en/smartphones/tecno/pova-5-5464850/,329,USD,39480
Smartphone,Infinix,Xpad,MediaTek Helio G99,6,,,,0.45,,7000,,1200x1920,90,18,8MP,13MP,"The Infinix Xpad emerges as a feature-rich solution designed to elevate your digital experience. It boasts an impressive architecture featuring the MediaTek Helio G99 processor and 6 of memory to comfortably manage multitasking without bottlenecks. Visuals are delivered through a crisp 1200x1920 resolution featuring an ultra-smooth 90.0 refresh rate, which guarantees an immersive viewing experience. It integrates a substantial 7000.0 cell and a portable chassis weighing 0.45kg to maximize mobility without sacrificing runtime. Ultimately, with its native software at the helm, the Infinix Xpad easily satisfies the rigorous demands of contemporary digital life.",,https://www.infinixmobility.com/specs/xpad; https://bd.infinixmobility.com/specs/xpad-20; https://phonespecs.net/specs/infinix_xpad-13263.html,299,USD,35880
Smartphone,Infinix,Xpad 5G,MediaTek Dimensity 810,8,,,,0.47,,8000,,1200x1920,90,18,16MP,50MP,"The Infinix Xpad 5G seamlessly blends aesthetics with performance, making it a versatile companion for daily tasks. Furthermore, it is powered by the MediaTek Dimensity 810 processor and 8 of memory, ensuring brisk responsiveness. Its front panel is dominated by a crisp 1200x1920 resolution featuring an ultra-smooth 90.0 refresh rate, providing vibrant colors and sharp contrasts. Practicality is further enhanced by a substantial 8000.0 cell and a portable chassis weighing 0.47kg, offering an excellent balance of longevity and comfort. Coupled with the intuitive pre-installed environment, the Infinix Xpad 5G hits all the right notes for its category.",,https://www.infinixmobility.com/specs/xpad; https://phonespecs.net/specs/infinix_xpad-13263.html,399,USD,47880
Smartphone,Infinix,Xpad Lite,Unisoc T606,4,,,,0.42,,6000,9.7,1200x1920,90,18,5MP,8MP,"Crafted to meet the demands of modern users, the Infinix Xpad Lite is a reliable piece of engineering. The core of its performance lies in the Unisoc T606 processor and 4 of memory, allowing users to navigate demanding workflows seamlessly. Visuals are rendered on a 9.7-inch display featuring a crisp 1200x1920 resolution featuring an ultra-smooth 90.0 refresh rate, which guarantees an immersive viewing experience. For users constantly on the move, it features a long-lasting 6000.0 battery and an overall weight of just 0.42kg. Coupled with the intuitive pre-installed environment, the Infinix Xpad Lite hits all the right notes for its category.",,https://www.infinixmobility.com/specs/xpad; https://phonespecs.net/specs/infinix_xpad-13263.html,219,USD,26280
Smartphone,Infinix,Xpad Pro,MediaTek Dimensity 9200,12,,,,0.48,,9000,,1200x2000,90,18,32MP,50MP,"The Infinix Xpad Pro seamlessly blends aesthetics with performance, making it a premium companion for daily tasks. System operations are engineered around the MediaTek Dimensity 9200 processor and 12 of memory, providing the necessary bandwidth for intensive applications. Users will appreciate the visual fidelity offered by a crisp 1200x2000 resolution featuring an ultra-smooth 90.0 refresh rate, perfect for streaming and reading. It integrates a long-lasting 9000.0 battery and a portable chassis weighing 0.48kg to maximize mobility without sacrificing runtime. Coupled with the intuitive pre-installed environment, the Infinix Xpad Pro hits all the right notes for its category.",,https://www.infinixmobility.com/specs/xpad-20-pro; https://phonesdata.com/en/smartphones/infinix/xpad-20-pro-5465484/,549,USD,65880
Smartphone,Infinix,Hot 50,MediaTek Helio G85,6,128,,,0.192,,5000,6.78,1080x2460,120,18,8MP,50MP,"Presenting the Infinix Hot 50: a sophisticated device built for uncompromised productivity and entertainment. System operations are powered by the MediaTek Helio G85 processor, 6 of memory and a spacious 128.0 of internal storage, providing the necessary bandwidth for intensive applications. Visuals are handled by a 6.78-inch display featuring a crisp 1080x2460 resolution featuring an ultra-smooth 120.0 refresh rate, which guarantees an immersive viewing experience. It integrates a substantial 5000.0 cell and a surprisingly light 0.192kg frame to maximize mobility without sacrificing runtime. Operating on an efficient OS layer, this configuration positions the Infinix Hot 50 as a highly capable daily driver.",,https://www.infinixmobility.com/specs/hot-50; https://www.infinixmobility.com/HOT-50; https://www.techspecs.info/infinix-hot-50/,219,USD,26280
Smartphone,Infinix,Hot 50i,Unisoc T606,4,128,,,0.19,,5000,6.6,720x1600,120,18,8MP,50MP,"For those seeking reliable technology, the Infinix Hot 50i stands out as a versatile and dependable choice. As for its internals, it is driven by the Unisoc T606 processor, 4 of memory and a spacious 128.0 of internal storage, ensuring brisk responsiveness. Visuals are showcased on a 6.6-inch display featuring a crisp 720x1600 resolution featuring an ultra-smooth 120.0 refresh rate, which guarantees an immersive viewing experience. Practicality is further enhanced by a long-lasting 5000.0 battery and a surprisingly light 0.19kg frame, offering an excellent balance of longevity and comfort. Operating on an efficient OS layer, this configuration positions the Infinix Hot 50i as a highly capable daily driver.",,https://www.infinixmobility.com/HOT-50i; https://www.techspecs.info/infinix-hot-50i/,179,USD,21480
Smartphone,Infinix,Hot 50 5G,MediaTek Dimensity 810,8,128,,,,,5200,6.78,1080x2460,120,,16MP,50MP,"The Infinix Hot 50 5G seamlessly blends aesthetics with performance, making it a feature-rich companion for daily tasks. Additionally, it is driven by the MediaTek Dimensity 810 processor, 8 of memory and a spacious 128.0 of internal storage, ensuring brisk responsiveness. Its front panel is dominated by a 6.78-inch display featuring a crisp 1080x2460 resolution featuring an ultra-smooth 120.0 refresh rate, providing vibrant colors and sharp contrasts. For users constantly on the move, it features an endurance-focused 5200.0 battery. Running naturally on a modern operating system, the Infinix Hot 50 5G is an outstanding technological investment.",,https://www.infinixmobility.com/specs/hot-50-5g; https://www.infinixmobility.com/specs/hot-50; https://www.gadgets360.com/infinix-hot-50-5g-price-in-india-128128,289,USD,34680
Smartphone,Infinix,Hot 50 Pro,MediaTek Helio G99,8,128,,,,,5000,6.8,1080x2436,120,33,16MP,50MP,"The Infinix Hot 50 Pro seamlessly blends aesthetics with performance, making it a premium companion for daily tasks. It boasts an impressive architecture featuring the MediaTek Helio G99 processor, 8 of memory and a spacious 128.0 of internal storage to comfortably manage multitasking without bottlenecks. Visuals are showcased on a 6.8-inch display featuring a crisp 1080x2436 resolution featuring an ultra-smooth 120.0 refresh rate, which guarantees an immersive viewing experience. For users constantly on the move, it features an endurance-focused 5000.0 battery. Ultimately, with its native software at the helm, the Infinix Hot 50 Pro easily satisfies the rigorous demands of contemporary digital life.",,https://www.infinixmobility.com/specs/hot-50-pro%2b; https://www.techspecs.info/infinix-hot-50-pro/,269,USD,32280
Smartphone,Infinix,Hot 50 Pro+,MediaTek Dimensity 9200,12,128,,,0.196,,5300,6.9,1080x2436,120,,32MP,108MP,"The Infinix Hot 50 Pro+ seamlessly blends aesthetics with performance, making it a highly capable companion for daily tasks. As for its internals, it is driven by the MediaTek Dimensity 9200 processor, 12 of memory and a spacious 128.0 of internal storage, ensuring brisk responsiveness. The device incorporates a 6.9-inch display featuring a crisp 1080x2436 resolution featuring an ultra-smooth 120.0 refresh rate, making it fantastic for media consumption and creative work. It integrates an endurance-focused 5300.0 battery and an overall weight of just 0.196kg to maximize mobility without sacrificing runtime. Ultimately, with its native software at the helm, the Infinix Hot 50 Pro+ easily satisfies the rigorous demands of contemporary digital life.",,https://www.infinixmobility.com/specs/hot-50-pro%2b,379,USD,45480
Smartphone,Infinix,GT 20 Pro,MediaTek Dimensity 8200,12,256,,,0.198,,5500,6.9,709x800,165,45,32MP,108MP,"Crafted to meet the demands of modern users, the Infinix GT 20 Pro is a sophisticated piece of engineering. It boasts an impressive architecture featuring the MediaTek Dimensity 8200 processor, 12 of memory and a spacious 256.0 of internal storage to comfortably manage multitasking without bottlenecks. Visuals are showcased on a 6.9-inch display featuring a crisp 709x800 resolution featuring an ultra-smooth 165.0 refresh rate, which guarantees an immersive viewing experience. Physical endurance is addressed by a long-lasting 5500.0 battery and a surprisingly light 0.198kg frame, keeping you productive on the go. Coupled with the intuitive pre-installed environment, the Infinix GT 20 Pro hits all the right notes for its category.",,https://www.infinixmobility.com/gt-20-pro; https://www.gadgets360.com/infinix-gt-20-pro-price-in-india-125669,449,USD,53880
Smartphone,Infinix,Note 40X 5G,MediaTek Dimensity 7200,8,256,,,0.198,,5200,6.8,1080x2460,120,18,32MP,108MP,"For those seeking reliable technology, the Infinix Note 40X 5G stands out as a dynamic and dependable choice. It boasts an impressive architecture featuring the MediaTek Dimensity 7200 processor, 8 of memory and a spacious 256.0 of internal storage to comfortably manage multitasking without bottlenecks. Users will appreciate the visual fidelity offered by a 6.8-inch display featuring a crisp 1080x2460 resolution featuring an ultra-smooth 120.0 refresh rate, perfect for streaming and reading. For users constantly on the move, it features a long-lasting 5200.0 battery and an overall weight of just 0.198kg. Coupled with the intuitive pre-installed environment, the Infinix Note 40X 5G hits all the right notes for its category.",,https://www.infinixmobility.com/specs/note-40x-5g; https://phonespecs.net/specs/infinix_note_40x_5g-13246.html; https://www.techspecs.info/infinix-note-40x-5g/,349,USD,41880
Smartphone,Infinix,Note 40S,MediaTek Helio G99,8,256,,,0.196,,5000,6.78,1080x2436,120,20,32MP,50MP,"Presenting the Infinix Note 40S: a dynamic device built for uncompromised productivity and entertainment. System operations are fueled by the MediaTek Helio G99 processor, 8 of memory and a spacious 256.0 of internal storage, providing the necessary bandwidth for intensive applications. The device incorporates a 6.78-inch display featuring a crisp 1080x2436 resolution featuring an ultra-smooth 120.0 refresh rate, making it fantastic for media consumption and creative work. For users constantly on the move, it features an endurance-focused 5000.0 battery and an overall weight of just 0.196kg. Ultimately, with its native software at the helm, the Infinix Note 40S easily satisfies the rigorous demands of contemporary digital life.",,https://www.infinixmobility.com/specs/note-40s; https://www.techspecs.info/infinix-note-40-s/,279,USD,33480
Smartphone,Infinix,Note 40 5G,MediaTek Dimensity 8100,8,512,,,,,5200,6.8,1080x2436,120,20,32MP,108MP,"The Infinix Note 40 5G seamlessly blends aesthetics with performance, making it a versatile companion for daily tasks. It boasts an impressive architecture featuring the MediaTek Dimensity 8100 processor, 8 of memory and a spacious 512.0 of internal storage to comfortably manage multitasking without bottlenecks. Its front panel is dominated by a 6.8-inch display featuring a crisp 1080x2436 resolution featuring an ultra-smooth 120.0 refresh rate, providing vibrant colors and sharp contrasts. Practicality is further enhanced by a long-lasting 5200.0 battery, offering an excellent balance of longevity and comfort. Ultimately, with its native software at the helm, the Infinix Note 40 5G easily satisfies the rigorous demands of contemporary digital life.",,https://www.infinixmobility.com/specs/note-40-5g; https://www.techspecs.info/infinix-note-40-5g/,319,USD,38280
Smartphone,Infinix,Note 40 Pro 5G,MediaTek Dimensity 9000,12,256,,,,,5300,6.8,1080x2436,120,20,32MP,108MP,"The Infinix Note 40 Pro 5G emerges as a powerful solution designed to elevate your digital experience. The core of its performance lies in the MediaTek Dimensity 9000 processor, 12 of memory and a spacious 256.0 of internal storage, allowing users to navigate demanding workflows seamlessly. The device incorporates a 6.8-inch display featuring a crisp 1080x2436 resolution featuring an ultra-smooth 120.0 refresh rate, making it fantastic for media consumption and creative work. It integrates an endurance-focused 5300.0 battery to maximize mobility without sacrificing runtime. Operating on an efficient OS layer, this configuration positions the Infinix Note 40 Pro 5G as a highly capable daily driver.",,https://www.infinixmobility.com/note-40-pro-5g; https://www.infinixmobility.com/specs/note-40-pro-5g; https://www.techspecs.info/infinix-note-40-pro/,399,USD,47880
Smartphone,Infinix,Note 40 Racing Edition,MediaTek Dimensity 9200,12,256,,,0.196,,5500,6.9,1080x2436,120,20,32MP,108MP,"The Infinix Note 40 Racing Edition emerges as a feature-rich solution designed to elevate your digital experience. The core of its performance lies in the MediaTek Dimensity 9200 processor, 12 of memory and a spacious 256.0 of internal storage, allowing users to navigate demanding workflows seamlessly. Users will appreciate the visual fidelity offered by a 6.9-inch display featuring a crisp 1080x2436 resolution featuring an ultra-smooth 120.0 refresh rate, perfect for streaming and reading. Practicality is further enhanced by an endurance-focused 5500.0 battery and an overall weight of just 0.196kg, offering an excellent balance of longevity and comfort. Coupled with the intuitive pre-installed environment, the Infinix Note 40 Racing Edition hits all the right notes for its category.",,https://activity.infinixmobility.com/specs/note-40-racing-edition; https://www.infinixmobility.com/specs/note-40-pro%20-5g-racing-edition; https://www.analyticsinsight.net/review/infinix-note-40-racing-edition-design-features-and-pricing-explained,449,USD,53880
Smartphone,Infinix,Hot 40,MediaTek Helio G88,8,,,,0.196,,5000,6.78,1080x2460,90,33,32MP,50MP,"The Infinix Hot 40 emerges as a reliable solution designed to elevate your digital experience. As for its internals, it is engineered around the MediaTek Helio G88 processor and 8 of memory, ensuring brisk responsiveness. Users will appreciate the visual fidelity offered by a 6.78-inch display featuring a crisp 1080x2460 resolution featuring an ultra-smooth 90.0 refresh rate, perfect for streaming and reading. Practicality is further enhanced by a long-lasting 5000.0 battery and a portable chassis weighing 0.196kg, offering an excellent balance of longevity and comfort. Ultimately, with its native software at the helm, the Infinix Hot 40 easily satisfies the rigorous demands of contemporary digital life.",,https://www.infinixmobility.com/specs/hot-40; https://www.infinixmobility.com/hot-40; https://phonespecs.net/specs/infinix_hot_40-12732.html,199,USD,23880
Smartphone,Infinix,Hot 40i,Unisoc T606,4,128,,,,,5000,6.6,720x1612,90,18,8MP,13MP,"Presenting the Infinix Hot 40i: a feature-rich device built for uncompromised productivity and entertainment. The core of its performance lies in the Unisoc T606 processor, 4 of memory and a spacious 128.0 of internal storage, allowing users to navigate demanding workflows seamlessly. Its front panel is dominated by a 6.6-inch display featuring a crisp 720x1612 resolution featuring an ultra-smooth 90.0 refresh rate, providing vibrant colors and sharp contrasts. Practicality is further enhanced by an endurance-focused 5000.0 battery, offering an excellent balance of longevity and comfort. Coupled with the intuitive pre-installed environment, the Infinix Hot 40i hits all the right notes for its category.",,https://www.infinixmobility.com/specs/hot-40i; https://www.techspecs.info/infinix-hot-40i/,159,USD,19080
Smartphone,Infinix,Hot 40 Pro,MediaTek Helio G99,8,128,,,,,5000,6.78,1080x2460,120,33,32MP,108MP,"The Infinix Hot 40 Pro seamlessly blends aesthetics with performance, making it a powerful companion for daily tasks. The core of its performance lies in the MediaTek Helio G99 processor, 8 of memory and a spacious 128.0 of internal storage, allowing users to navigate demanding workflows seamlessly. Users will appreciate the visual fidelity offered by a 6.78-inch display featuring a crisp 1080x2460 resolution featuring an ultra-smooth 120.0 refresh rate, perfect for streaming and reading. Physical endurance is addressed by a long-lasting 5000.0 battery, keeping you productive on the go. Ultimately, with its native software at the helm, the Infinix Hot 40 Pro easily satisfies the rigorous demands of contemporary digital life.",,https://www.infinixmobility.com/specs/hot-40-pro; https://www.techspecs.info/infinix-hot-40-pro/,229,USD,27480
Smartphone,Infinix,Zero 40,MediaTek Dimensity 8200,12,256,,,,,5000,6.78,1080x2460,120,20,50MP,108MP,"Crafted to meet the demands of modern users, the Infinix Zero 40 is a feature-rich piece of engineering. Moving to performance, it is fueled by the MediaTek Dimensity 8200 processor, 12 of memory and a spacious 256.0 of internal storage, ensuring brisk responsiveness. The device incorporates a 6.78-inch display featuring a crisp 1080x2460 resolution featuring an ultra-smooth 120.0 refresh rate, making it fantastic for media consumption and creative work. Practicality is further enhanced by a substantial 5000.0 cell, offering an excellent balance of longevity and comfort. Running naturally on a modern operating system, the Infinix Zero 40 is an outstanding technological investment.",,https://www.infinixmobility.com/specs/zero-40; https://www.techspecs.info/infinix-zero-40/,349,USD,41880
Smartphone,Infinix,Zero 40 5G,MediaTek Dimensity 8200,12,256,,,,,5000,6.78,1080x2460,120,45,50MP,108MP,"The Infinix Zero 40 5G emerges as a feature-rich solution designed to elevate your digital experience. System operations are equipped with the MediaTek Dimensity 8200 processor, 12 of memory and a spacious 256.0 of internal storage, providing the necessary bandwidth for intensive applications. Visuals are handled by a 6.78-inch display featuring a crisp 1080x2460 resolution featuring an ultra-smooth 120.0 refresh rate, which guarantees an immersive viewing experience. For users constantly on the move, it features a substantial 5000.0 cell. Ultimately, with its native software at the helm, the Infinix Zero 40 5G easily satisfies the rigorous demands of contemporary digital life.",,https://www.infinixmobility.com/specs/zero-40-5g; https://www.gadgets360.com/infinix-zero-40-5g-price-in-india-127969,379,USD,45480
Smartphone,Infinix,Zero Flip,Qualcomm Snapdragon 778G,8,128,,,0.19,,4500,6.7,1080x2460,120,70,32MP,108MP,"Presenting the Infinix Zero Flip: a highly capable device built for uncompromised productivity and entertainment. The core of its performance lies in the Qualcomm Snapdragon 778G processor, 8 of memory and a spacious 128.0 of internal storage, allowing users to navigate demanding workflows seamlessly. The device incorporates a 6.7-inch display featuring a crisp 1080x2460 resolution featuring an ultra-smooth 120.0 refresh rate, making it fantastic for media consumption and creative work. Physical endurance is addressed by a long-lasting 4500.0 battery and a surprisingly light 0.19kg frame, keeping you productive on the go. Coupled with the intuitive pre-installed environment, the Infinix Zero Flip hits all the right notes for its category.",,https://www.infinixmobility.com/ZERO-FLIP; https://www.infinixmobility.com/specs/zero-flip; https://phonespecs.net/specs/infinix_zero_flip-13347.html; https://www.techspecs.info/infinix-zero-flip/,399,USD,47880
Smartphone,Infinix,Note 40,MediaTek Helio G99,8,256,,,0.19,,5000,6.78,1080x2436,120,20,32MP,108MP,"Presenting the Infinix Note 40: a feature-rich device built for uncompromised productivity and entertainment. The core of its performance lies in the MediaTek Helio G99 processor, 8 of memory and a spacious 256.0 of internal storage, allowing users to navigate demanding workflows seamlessly. Visuals are presented via a 6.78-inch display featuring a crisp 1080x2436 resolution featuring an ultra-smooth 120.0 refresh rate, which guarantees an immersive viewing experience. For users constantly on the move, it features a substantial 5000.0 cell and a surprisingly light 0.19kg frame. Coupled with the intuitive pre-installed environment, the Infinix Note 40 hits all the right notes for its category.",,https://www.infinixmobility.com/specs/note-40; https://www.techspecs.info/infinix-note-40/,279,USD,33480
Smartphone,Infinix,Note 40 Pro,MediaTek Dimensity 8100,12,256,,,0.19,,5000,6.78,1080x2436,120,20,32MP,108MP,"For those seeking reliable technology, the Infinix Note 40 Pro stands out as a premium and dependable choice. It boasts an impressive architecture featuring the MediaTek Dimensity 8100 processor, 12 of memory and a spacious 256.0 of internal storage to comfortably manage multitasking without bottlenecks. The device incorporates a 6.78-inch display featuring a crisp 1080x2436 resolution featuring an ultra-smooth 120.0 refresh rate, making it fantastic for media consumption and creative work. Physical endurance is addressed by a substantial 5000.0 cell and a surprisingly light 0.19kg frame, keeping you productive on the go. Operating on an efficient OS layer, this configuration positions the Infinix Note 40 Pro as a highly capable daily driver.",,https://www.infinixmobility.com/note-40-pro; https://www.infinixmobility.com/specs/note-40-pro; https://www.techspecs.info/infinix-note-40-pro/,329,USD,39480
Smartphone,Infinix,Hot 30 128GB,MediaTek Helio G88,8,256,,,0.196,,5000,6.78,1080x2436,120,20,8MP,50MP,"The Infinix Hot 30 128GB seamlessly blends aesthetics with performance, making it a versatile companion for daily tasks. System operations are engineered around the MediaTek Helio G88 processor, 8 of memory and a spacious 256.0 of internal storage, providing the necessary bandwidth for intensive applications. Its front panel is dominated by a 6.78-inch display featuring a crisp 1080x2436 resolution featuring an ultra-smooth 120.0 refresh rate, providing vibrant colors and sharp contrasts. It integrates a substantial 5000.0 cell and a surprisingly light 0.196kg frame to maximize mobility without sacrificing runtime. Running naturally on a modern operating system, the Infinix Hot 30 128GB is an outstanding technological investment.",,https://www.infinixmobility.com/specs/hot-30-5g; https://www.techspecs.info/infinix-hot-30/,199,USD,23880
Smartphone,Infinix,Hot 30i 128GB,Unisoc T606,4,128,,,0.191,,5000,6.6,1080x2460,90,18,8MP,13MP,"Presenting the Infinix Hot 30i 128GB: a sophisticated device built for uncompromised productivity and entertainment. The core of its performance lies in the Unisoc T606 processor, 4 of memory and a spacious 128.0 of internal storage, allowing users to navigate demanding workflows seamlessly. The device incorporates a 6.6-inch display featuring a crisp 1080x2460 resolution featuring an ultra-smooth 90.0 refresh rate, making it fantastic for media consumption and creative work. For users constantly on the move, it features a long-lasting 5000.0 battery and an overall weight of just 0.191kg. Ultimately, with its native software at the helm, the Infinix Hot 30i 128GB easily satisfies the rigorous demands of contemporary digital life.",,https://www.infinixmobility.com/specs/hot-30i; https://bd.infinixmobility.com/specs/hot-30i-x669c; https://phonesdata.com/en/smartphones/infinix/infinix-hot-30i-5463441/,159,USD,19080
Smartphone,Infinix,Hot 30i NFC 128GB,Unisoc T606,4,128,,,0.191,,5000,6.6,720x1612,90,18,8MP,13MP,"For those seeking reliable technology, the Infinix Hot 30i NFC 128GB stands out as a powerful and dependable choice. Moving to performance, it is powered by the Unisoc T606 processor, 4 of memory and a spacious 128.0 of internal storage, ensuring brisk responsiveness. Its front panel is dominated by a 6.6-inch display featuring a crisp 720x1612 resolution featuring an ultra-smooth 90.0 refresh rate, providing vibrant colors and sharp contrasts. It integrates an endurance-focused 5000.0 battery and an overall weight of just 0.191kg to maximize mobility without sacrificing runtime. Coupled with the intuitive pre-installed environment, the Infinix Hot 30i NFC 128GB hits all the right notes for its category.",,https://www.infinixmobility.com/specs/hot-30i-nfc; https://phonesdata.com/en/smartphones/infinix/infinix-hot-30i-5463441/,159,USD,19080
Smartphone,Infinix,Hot 30 Play 128GB,MediaTek Helio G37,4,128,,,,,6000,6.82,720x1612,90,18,8MP,16MP,"The Infinix Hot 30 Play 128GB emerges as a highly capable solution designed to elevate your digital experience. The core of its performance lies in the MediaTek Helio G37 processor, 4 of memory and a spacious 128.0 of internal storage, allowing users to navigate demanding workflows seamlessly. Visuals are rendered on a 6.82-inch display featuring a crisp 720x1612 resolution featuring an ultra-smooth 90.0 refresh rate, which guarantees an immersive viewing experience. It integrates an endurance-focused 6000.0 battery to maximize mobility without sacrificing runtime. Operating on an efficient OS layer, this configuration positions the Infinix Hot 30 Play 128GB as a highly capable daily driver.",,https://www.infinixmobility.com/specs/hot-30-play-nfc; https://www.techspecs.info/infinix-hot-30-play-nfc/,179,USD,21480
Smartphone,Infinix,Hot 30 5G 128GB,MediaTek Dimensity 810,8,128,,,0.202,,5000,6.78,720x1612,90,18,8MP,50MP,"Crafted to meet the demands of modern users, the Infinix Hot 30 5G 128GB is a premium piece of engineering. The core of its performance lies in the MediaTek Dimensity 810 processor, 8 of memory and a spacious 128.0 of internal storage, allowing users to navigate demanding workflows seamlessly. Its front panel is dominated by a 6.78-inch display featuring a crisp 720x1612 resolution featuring an ultra-smooth 90.0 refresh rate, providing vibrant colors and sharp contrasts. Practicality is further enhanced by an endurance-focused 5000.0 battery and an overall weight of just 0.202kg, offering an excellent balance of longevity and comfort. Running naturally on a modern operating system, the Infinix Hot 30 5G 128GB is an outstanding technological investment.",,https://www.infinixmobility.com/specs/hot-30-5g; https://www.techspecs.info/infinix-hot-30-5g/,239,USD,28680
Smartphone,Infinix,Zero 30 256GB,MediaTek Dimensity 8020,8,256,,,,,5000,6.78,1080x2400,144,68,50MP,108MP,"Presenting the Infinix Zero 30 256GB: a versatile device built for uncompromised productivity and entertainment. It boasts an impressive architecture featuring the MediaTek Dimensity 8020 processor, 8 of memory and a spacious 256.0 of internal storage to comfortably manage multitasking without bottlenecks. Visuals are rendered on a 6.78-inch display featuring a crisp 1080x2400 resolution featuring an ultra-smooth 144.0 refresh rate, which guarantees an immersive viewing experience. For users constantly on the move, it features a long-lasting 5000.0 battery. Coupled with the intuitive pre-installed environment, the Infinix Zero 30 256GB hits all the right notes for its category.",,https://www.infinixmobility.com/zero-30; https://phonesdata.com/en/smartphones/infinix/zero-30-5463929/; https://www.techspecs.info/infinix-zero-30/,349,USD,41880
Smartphone,Infinix,Zero 30 5G 256GB,MediaTek Dimensity 8020,12,,,,,,5000,6.78,1080x2460,90,68,50MP,108MP,"For those seeking reliable technology, the Infinix Zero 30 5G 256GB stands out as a highly capable and dependable choice. The core of its performance lies in the MediaTek Dimensity 8020 processor and 12 of memory, allowing users to navigate demanding workflows seamlessly. Users will appreciate the visual fidelity offered by a 6.78-inch display featuring a crisp 1080x2460 resolution featuring an ultra-smooth 90.0 refresh rate, perfect for streaming and reading. Practicality is further enhanced by a substantial 5000.0 cell, offering an excellent balance of longevity and comfort. Running naturally on a modern operating system, the Infinix Zero 30 5G 256GB is an outstanding technological investment.",,https://www.infinixmobility.com/ZERO-30-5G; https://www.infinixmobility.com/specs/zero-30-5g; https://phonesdata.com/en/smartphones/infinix/zero-30-5463929/,379,USD,45480
Smartphone,Infinix,GT 10 Pro 256GB,MediaTek Dimensity 8050,8,256,,,0.187,,5000,6.67,1080x2460,90,45,32MP,108MP,"For those seeking reliable technology, the Infinix GT 10 Pro 256GB stands out as a versatile and dependable choice. It boasts an impressive architecture featuring the MediaTek Dimensity 8050 processor, 8 of memory and a spacious 256.0 of internal storage to comfortably manage multitasking without bottlenecks. Its front panel is dominated by a 6.67-inch display featuring a crisp 1080x2460 resolution featuring an ultra-smooth 90.0 refresh rate, providing vibrant colors and sharp contrasts. Practicality is further enhanced by a substantial 5000.0 cell and a surprisingly light 0.187kg frame, offering an excellent balance of longevity and comfort. Coupled with the intuitive pre-installed environment, the Infinix GT 10 Pro 256GB hits all the right notes for its category.",,https://www.infinixmobility.com/GT-10-PRO; https://www.infinixmobility.com/specs/gt-10-pro; https://www.techspecs.info/infinix-gt-10-pro/,399,USD,47880
Smartphone,Infinix,Hot 12 128GB,MediaTek Helio G85,6,128,,,,,5000,6.82,3264x2448,90,18,8MP,13MP,"Presenting the Infinix Hot 12 128GB: a sophisticated device built for uncompromised productivity and entertainment. It boasts an impressive architecture featuring the MediaTek Helio G85 processor, 6 of memory and a spacious 128.0 of internal storage to comfortably manage multitasking without bottlenecks. The device incorporates a 6.82-inch display featuring a crisp 3264x2448 resolution featuring an ultra-smooth 90.0 refresh rate, making it fantastic for media consumption and creative work. For users constantly on the move, it features a long-lasting 5000.0 battery. Running naturally on a modern operating system, the Infinix Hot 12 128GB is an outstanding technological investment.",,https://www.infinixmobility.com/specs/hot-12; https://www.techspecs.info/infinix-hot-12/,179,USD,21480
Smartphone,Infinix,Hot 12 Play 128GB,Unisoc T610,4,,,,0.209,,6000,6.82,,,,8MP,13MP,"The Infinix Hot 12 Play 128GB seamlessly blends aesthetics with performance, making it a modern companion for daily tasks. System operations are driven by the Unisoc T610 processor and 4 of memory, providing the necessary bandwidth for intensive applications. Visuals are showcased on a 6.82-inch display, which guarantees an immersive viewing experience. It integrates an endurance-focused 6000.0 battery and a portable chassis weighing 0.209kg to maximize mobility without sacrificing runtime. Running naturally on a modern operating system, the Infinix Hot 12 Play 128GB is an outstanding technological investment.",,,159,USD,19080
Smartphone,Infinix,Hot 12 Pro 128GB,Unisoc T616,8,128,,,0.191,,5000,6.6,720x1612,90,18,8MP,50MP,"Crafted to meet the demands of modern users, the Infinix Hot 12 Pro 128GB is a premium piece of engineering. The core of its performance lies in the Unisoc T616 processor, 8 of memory and a spacious 128.0 of internal storage, allowing users to navigate demanding workflows seamlessly. The device incorporates a 6.6-inch display featuring a crisp 720x1612 resolution featuring an ultra-smooth 90.0 refresh rate, making it fantastic for media consumption and creative work. Practicality is further enhanced by a substantial 5000.0 cell and a surprisingly light 0.191kg frame, offering an excellent balance of longevity and comfort. Coupled with the intuitive pre-installed environment, the Infinix Hot 12 Pro 128GB hits all the right notes for its category.",,https://activity.infinixmobility.com/specs/hot-12-pro; https://phonesdata.com/en/smartphones/infinix/hot-12-pro-5462689/; https://www.techspecs.info/infinix-hot-12-pro/,199,USD,23880
Smartphone,Infinix,Hot 12i 64GB,MediaTek Helio A22,4,64,,,0.19,,5000,6.6,3264x2448,60,10,8MP,13MP,"For those seeking reliable technology, the Infinix Hot 12i 64GB stands out as a sophisticated and dependable choice. The core of its performance lies in the MediaTek Helio A22 processor, 4 of memory and a spacious 64.0 of internal storage, allowing users to navigate demanding workflows seamlessly. Its front panel is dominated by a 6.6-inch display featuring a crisp 3264x2448 resolution featuring an ultra-smooth 60.0 refresh rate, providing vibrant colors and sharp contrasts. For users constantly on the move, it features an endurance-focused 5000.0 battery and an overall weight of just 0.19kg. Coupled with the intuitive pre-installed environment, the Infinix Hot 12i 64GB hits all the right notes for its category.",,https://activity.infinixmobility.com/specs/hot-12i; https://bd.infinixmobility.com/specs/hot-12i; https://phonespecs.net/specs/infinix_hot_12i-11473.html; https://www.techspecs.info/infinix-hot-12i/,139,USD,16680
Smartphone,Infinix,Hot 20 128GB,MediaTek Helio G85,6,64,,,0.198,,5000,6.82,3264x2448,120,18,8MP,50MP,"Crafted to meet the demands of modern users, the Infinix Hot 20 128GB is a highly capable piece of engineering. The core of its performance lies in the MediaTek Helio G85 processor, 6 of memory and a spacious 64.0 of internal storage, allowing users to navigate demanding workflows seamlessly. Visuals are rendered on a 6.82-inch display featuring a crisp 3264x2448 resolution featuring an ultra-smooth 120.0 refresh rate, which guarantees an immersive viewing experience. For users constantly on the move, it features a long-lasting 5000.0 battery and a surprisingly light 0.198kg frame. Coupled with the intuitive pre-installed environment, the Infinix Hot 20 128GB hits all the right notes for its category.",,https://www.infinixmobility.com/specs/hot-20; https://phonesdata.com/en/smartphones/infinix/hot-20-5462858/; https://www.techspecs.info/infinix-hot-20/,199,USD,23880
Smartphone,Infinix,Hot 20 Play 128GB,MediaTek Helio G37,4,128,,,0.209,,6000,6.82,720x1640,90,18,8MP,13MP,"The Infinix Hot 20 Play 128GB seamlessly blends aesthetics with performance, making it a feature-rich companion for daily tasks. It boasts an impressive architecture featuring the MediaTek Helio G37 processor, 4 of memory and a spacious 128.0 of internal storage to comfortably manage multitasking without bottlenecks. Its front panel is dominated by a 6.82-inch display featuring a crisp 720x1640 resolution featuring an ultra-smooth 90.0 refresh rate, providing vibrant colors and sharp contrasts. For users constantly on the move, it features an endurance-focused 6000.0 battery and an overall weight of just 0.209kg. Coupled with the intuitive pre-installed environment, the Infinix Hot 20 Play 128GB hits all the right notes for its category.",,https://www.infinixmobility.com/specs/hot-20-play; https://phonesdata.com/en/smartphones/infinix/hot-20-play-5462867/; https://www.mobosdata.com/phone/infinix-hot-20-play/; https://www.cellsarena.com/phones/infinix/infinix-hot-20-play,159,USD,19080
Smartphone,Infinix,Hot 20s 128GB,MediaTek Helio G96,8,128,,,0.202,,5000,6.78,3264x2448,120,,8MP,50MP,"The Infinix Hot 20s 128GB seamlessly blends aesthetics with performance, making it a versatile companion for daily tasks. It boasts an impressive architecture featuring the MediaTek Helio G96 processor, 8 of memory and a spacious 128.0 of internal storage to comfortably manage multitasking without bottlenecks. Users will appreciate the visual fidelity offered by a 6.78-inch display featuring a crisp 3264x2448 resolution featuring an ultra-smooth 120.0 refresh rate, perfect for streaming and reading. It integrates a long-lasting 5000.0 battery and a portable chassis weighing 0.202kg to maximize mobility without sacrificing runtime. Coupled with the intuitive pre-installed environment, the Infinix Hot 20s 128GB hits all the right notes for its category.",,https://wap.infinixmobility.com/specs/hot-20s,219,USD,26280
Smartphone,Infinix,Hot 20 5G 128GB,MediaTek Dimensity 810,6,128,,,,,5000,6.6,3264x2448,120,18,8MP,50MP,"Presenting the Infinix Hot 20 5G 128GB: a versatile device built for uncompromised productivity and entertainment. It boasts an impressive architecture featuring the MediaTek Dimensity 810 processor, 6 of memory and a spacious 128.0 of internal storage to comfortably manage multitasking without bottlenecks. The device incorporates a 6.6-inch display featuring a crisp 3264x2448 resolution featuring an ultra-smooth 120.0 refresh rate, making it fantastic for media consumption and creative work. Physical endurance is addressed by a long-lasting 5000.0 battery, keeping you productive on the go. Operating on an efficient OS layer, this configuration positions the Infinix Hot 20 5G 128GB as a highly capable daily driver.",,https://www.infinixmobility.com/specs/hot-20-5g-nfc; https://www.techspecs.info/infinix-hot-20-5g/,239,USD,28680
Smartphone,Infinix,Hot 20i 64GB,MediaTek Helio G25,4,64,,,,,5000,6.6,720x1612,60,10,8MP,13MP,"The Infinix Hot 20i 64GB emerges as a powerful solution designed to elevate your digital experience. System operations are driven by the MediaTek Helio G25 processor, 4 of memory and a spacious 64.0 of internal storage, providing the necessary bandwidth for intensive applications. Users will appreciate the visual fidelity offered by a 6.6-inch display featuring a crisp 720x1612 resolution featuring an ultra-smooth 60.0 refresh rate, perfect for streaming and reading. It integrates an endurance-focused 5000.0 battery to maximize mobility without sacrificing runtime. Operating on an efficient OS layer, this configuration positions the Infinix Hot 20i 64GB as a highly capable daily driver.",,https://www.infinixmobility.com/specs/hot-20i; https://phonespecs.net/specs/infinix_hot_20i-11924.html; https://www.techspecs.info/infinix-hot-20i/,139,USD,16680
Smartphone,Infinix,Hot 10T 128GB,MediaTek Helio G70,4,64,,,,,5000,6.82,720x1640,165,,8MP,48MP,"The Infinix Hot 10T 128GB emerges as a highly capable solution designed to elevate your digital experience. It boasts an impressive architecture featuring the MediaTek Helio G70 processor, 4 of memory and a spacious 64.0 of internal storage to comfortably manage multitasking without bottlenecks. Its front panel is dominated by a 6.82-inch display featuring a crisp 720x1640 resolution featuring an ultra-smooth 165.0 refresh rate, providing vibrant colors and sharp contrasts. For users constantly on the move, it features a long-lasting 5000.0 battery. Running naturally on a modern operating system, the Infinix Hot 10T 128GB is an outstanding technological investment.",,https://phonesdata.com/en/smartphones/infinix/hot-10t-5459309/; https://www.gadgets360.com/infinix-hot-10t-price-in-india-102421,149,USD,17880
Smartphone,Infinix,Hot 10S 128GB,MediaTek Helio G85,6,128,,,0.211,,6000,6.82,720x1640,90,,8MP,48MP,"The Infinix Hot 10S 128GB seamlessly blends aesthetics with performance, making it a reliable companion for daily tasks. It boasts an impressive architecture featuring the MediaTek Helio G85 processor, 6 of memory and a spacious 128.0 of internal storage to comfortably manage multitasking without bottlenecks. Visuals are rendered on a 6.82-inch display featuring a crisp 720x1640 resolution featuring an ultra-smooth 90.0 refresh rate, which guarantees an immersive viewing experience. Physical endurance is addressed by a long-lasting 6000.0 battery and an overall weight of just 0.211kg, keeping you productive on the go. Coupled with the intuitive pre-installed environment, the Infinix Hot 10S 128GB hits all the right notes for its category.",,https://phonespecs.net/specs/infinix_hot_10s-10868.html; https://www.cellsarena.com/phones/infinix/infinix-hot-10s/specs,169,USD,20280
Smartphone,Infinix,Hot 10S NFC 128GB,MediaTek Helio G85,6,64,,,0.211,,6000,6.82,600x800,165,,8MP,48MP,"Crafted to meet the demands of modern users, the Infinix Hot 10S NFC 128GB is a versatile piece of engineering. As for its internals, it is fueled by the MediaTek Helio G85 processor, 6 of memory and a spacious 64.0 of internal storage, ensuring brisk responsiveness. Users will appreciate the visual fidelity offered by a 6.82-inch display featuring a crisp 600x800 resolution featuring an ultra-smooth 165.0 refresh rate, perfect for streaming and reading. For users constantly on the move, it features an endurance-focused 6000.0 battery and an overall weight of just 0.211kg. Running naturally on a modern operating system, the Infinix Hot 10S NFC 128GB is an outstanding technological investment.",,https://www.gadgets360.com/infinix-hot-10s-nfc-price-in-india-101441,179,USD,21480
Smartphone,Infinix,Hot 10 Lite 64GB,MediaTek Helio A25,3,32,,,,,5000,6.6,720x1600,120,10,8MP,13MP,"Presenting the Infinix Hot 10 Lite 64GB: a sophisticated device built for uncompromised productivity and entertainment. System operations are powered by the MediaTek Helio A25 processor, 3 of memory and a spacious 32.0 of internal storage, providing the necessary bandwidth for intensive applications. Its front panel is dominated by a 6.6-inch display featuring a crisp 720x1600 resolution featuring an ultra-smooth 120.0 refresh rate, providing vibrant colors and sharp contrasts. Physical endurance is addressed by a substantial 5000.0 cell, keeping you productive on the go. Ultimately, with its native software at the helm, the Infinix Hot 10 Lite 64GB easily satisfies the rigorous demands of contemporary digital life.",,https://phonespecs.net/specs/infinix_hot_10_lite-10516.html; https://www.techspecs.info/infinix-hot-10-lite/,109,USD,13080
Smartphone,Infinix,Hot 10 Play 64GB,MediaTek Helio G25,4,32,,,0.207,,6000,6.82,720x1640,120,10,8MP,13MP,"Crafted to meet the demands of modern users, the Infinix Hot 10 Play 64GB is a highly capable piece of engineering. The core of its performance lies in the MediaTek Helio G25 processor, 4 of memory and a spacious 32.0 of internal storage, allowing users to navigate demanding workflows seamlessly. Visuals are showcased on a 6.82-inch display featuring a crisp 720x1640 resolution featuring an ultra-smooth 120.0 refresh rate, which guarantees an immersive viewing experience. For users constantly on the move, it features a long-lasting 6000.0 battery and a surprisingly light 0.207kg frame. Ultimately, with its native software at the helm, the Infinix Hot 10 Play 64GB easily satisfies the rigorous demands of contemporary digital life.",,https://www.techspecs.info/infinix-hot-10-play/,139,USD,16680
Smartphone,Infinix,Hot 11 128GB,MediaTek Helio G70,4,64,,,0.201,,5200,6.6,1080x2408,165,,8MP,13MP,"Crafted to meet the demands of modern users, the Infinix Hot 11 128GB is a powerful piece of engineering. System operations are engineered around the MediaTek Helio G70 processor, 4 of memory and a spacious 64.0 of internal storage, providing the necessary bandwidth for intensive applications. Users will appreciate the visual fidelity offered by a 6.6-inch display featuring a crisp 1080x2408 resolution featuring an ultra-smooth 165.0 refresh rate, perfect for streaming and reading. Physical endurance is addressed by an endurance-focused 5200.0 battery and a portable chassis weighing 0.201kg, keeping you productive on the go. Ultimately, with its native software at the helm, the Infinix Hot 11 128GB easily satisfies the rigorous demands of contemporary digital life.",,https://phonesdata.com/en/smartphones/infinix/infinix-hot-11-5461673/; https://www.gadgets360.com/infinix-hot-11-price-in-india-104095,159,USD,19080
Smartphone,Infinix,Hot 11 Play 128GB,MediaTek Helio G35,4,128,,,0.209,,6000,6.82,720x1640,60,10,8MP,13MP,"Presenting the Infinix Hot 11 Play 128GB: a premium device built for uncompromised productivity and entertainment. System operations are fueled by the MediaTek Helio G35 processor, 4 of memory and a spacious 128.0 of internal storage, providing the necessary bandwidth for intensive applications. Its front panel is dominated by a 6.82-inch display featuring a crisp 720x1640 resolution featuring an ultra-smooth 60.0 refresh rate, providing vibrant colors and sharp contrasts. Practicality is further enhanced by an endurance-focused 6000.0 battery and a surprisingly light 0.209kg frame, offering an excellent balance of longevity and comfort. Running naturally on a modern operating system, the Infinix Hot 11 Play 128GB is an outstanding technological investment.",,https://www.gsmarena.com.bd/infinix-hot-11-play/; https://gsmchina.com/smartphones/infinix-hot-11-play/; https://www.mobiledokan.com/mobile/infinix-hot-11-play,169,USD,20280
Smartphone,Infinix,Hot 11s 128GB,MediaTek Helio G88,6,64,,,,,5000,6.78,1080x2480,90,,8MP,50MP,"Presenting the Infinix Hot 11s 128GB: a reliable device built for uncompromised productivity and entertainment. The core of its performance lies in the MediaTek Helio G88 processor, 6 of memory and a spacious 64.0 of internal storage, allowing users to navigate demanding workflows seamlessly. Users will appreciate the visual fidelity offered by a 6.78-inch display featuring a crisp 1080x2480 resolution featuring an ultra-smooth 90.0 refresh rate, perfect for streaming and reading. It integrates a substantial 5000.0 cell to maximize mobility without sacrificing runtime. Coupled with the intuitive pre-installed environment, the Infinix Hot 11s 128GB hits all the right notes for its category.",,https://phonespecs.net/specs/infinix_hot_11s-11162.html; https://www.gadgets360.com/infinix-hot-11s-price-in-india-104070,189,USD,22680
Smartphone,Infinix,Smart HD 32GB,MediaTek Helio A20,2,32,,,,,5000,6.1,720x1560,90,10,5MP,8MP,"The Infinix Smart HD 32GB emerges as a powerful solution designed to elevate your digital experience. Furthermore, it is fueled by the MediaTek Helio A20 processor, 2 of memory and a spacious 32.0 of internal storage, ensuring brisk responsiveness. Its front panel is dominated by a 6.1-inch display featuring a crisp 720x1560 resolution featuring an ultra-smooth 90.0 refresh rate, providing vibrant colors and sharp contrasts. It integrates a substantial 5000.0 cell to maximize mobility without sacrificing runtime. Operating on an efficient OS layer, this configuration positions the Infinix Smart HD 32GB as a highly capable daily driver.",,https://www.techspecs.info/infinix-smart-hd-2021/,79,USD,9480
Smartphone,Infinix,Note 8i 128GB,MediaTek Helio G80,6,64,,,0.21,,5200,6.78,720x1640,60,18,8MP,48MP,"The Infinix Note 8i 128GB emerges as a reliable solution designed to elevate your digital experience. It boasts an impressive architecture featuring the MediaTek Helio G80 processor, 6 of memory and a spacious 64.0 of internal storage to comfortably manage multitasking without bottlenecks. Users will appreciate the visual fidelity offered by a 6.78-inch display featuring a crisp 720x1640 resolution featuring an ultra-smooth 60.0 refresh rate, perfect for streaming and reading. For users constantly on the move, it features a substantial 5200.0 cell and a surprisingly light 0.21kg frame. Coupled with the intuitive pre-installed environment, the Infinix Note 8i 128GB hits all the right notes for its category.",,https://phonespecs.net/specs/infinix_note_8i-10515.html; https://www.techspecs.info/infinix-note-8i/,199,USD,23880
Smartphone,Infinix,Note 8 128GB,MediaTek Helio G80,6,128,,,0.21,,5200,6.95,720x1640,60,18,16MP,64MP,"Presenting the Infinix Note 8 128GB: a modern device built for uncompromised productivity and entertainment. It boasts an impressive architecture featuring the MediaTek Helio G80 processor, 6 of memory and a spacious 128.0 of internal storage to comfortably manage multitasking without bottlenecks. Visuals are showcased on a 6.95-inch display featuring a crisp 720x1640 resolution featuring an ultra-smooth 60.0 refresh rate, which guarantees an immersive viewing experience. Physical endurance is addressed by a long-lasting 5200.0 battery and an overall weight of just 0.21kg, keeping you productive on the go. Operating on an efficient OS layer, this configuration positions the Infinix Note 8 128GB as a highly capable daily driver.",,https://phonesdata.com/en/smartphones/infinix/note-8-5458957/; https://www.techspecs.info/infinix-note-8/,229,USD,27480
Smartphone,Infinix,Zero 8i 128GB,MediaTek Helio G90T,8,128,,,0.21,,4500,6.85,1080x2460,90,33,16MP,48MP,"For those seeking reliable technology, the Infinix Zero 8i 128GB stands out as a sophisticated and dependable choice. System operations are powered by the MediaTek Helio G90T processor, 8 of memory and a spacious 128.0 of internal storage, providing the necessary bandwidth for intensive applications. Visuals are handled by a 6.85-inch display featuring a crisp 1080x2460 resolution featuring an ultra-smooth 90.0 refresh rate, which guarantees an immersive viewing experience. It integrates a long-lasting 4500.0 battery and an overall weight of just 0.21kg to maximize mobility without sacrificing runtime. Coupled with the intuitive pre-installed environment, the Infinix Zero 8i 128GB hits all the right notes for its category.",,https://phonesdata.com/en/smartphones/infinix/zero-8i-5459055/; https://phonespecs.net/specs/infinix_zero_8i-10622.html; https://www.mobosdata.com/phone/infinix-zero-8i/,249,USD,29880
Smartphone,Infinix,Hot 10 128GB,MediaTek Helio G70,4,64,,,,,5200,6.78,720x1640,60,18,8MP,16MP,"Presenting the Infinix Hot 10 128GB: a versatile device built for uncompromised productivity and entertainment. System operations are driven by the MediaTek Helio G70 processor, 4 of memory and a spacious 64.0 of internal storage, providing the necessary bandwidth for intensive applications. Its front panel is dominated by a 6.78-inch display featuring a crisp 720x1640 resolution featuring an ultra-smooth 60.0 refresh rate, providing vibrant colors and sharp contrasts. Physical endurance is addressed by a long-lasting 5200.0 battery, keeping you productive on the go. Coupled with the intuitive pre-installed environment, the Infinix Hot 10 128GB hits all the right notes for its category.",,https://www.techspecs.info/infinix-hot-10/,159,USD,19080
Smartphone,Infinix,Zero 8 128GB,MediaTek Helio G90T,8,128,,,,,4500,6.85,1080x2460,90,33,48MP,64MP,"Crafted to meet the demands of modern users, the Infinix Zero 8 128GB is a premium piece of engineering. It boasts an impressive architecture featuring the MediaTek Helio G90T processor, 8 of memory and a spacious 128.0 of internal storage to comfortably manage multitasking without bottlenecks. Its front panel is dominated by a 6.85-inch display featuring a crisp 1080x2460 resolution featuring an ultra-smooth 90.0 refresh rate, providing vibrant colors and sharp contrasts. Physical endurance is addressed by a long-lasting 4500.0 battery, keeping you productive on the go. Ultimately, with its native software at the helm, the Infinix Zero 8 128GB easily satisfies the rigorous demands of contemporary digital life.",,https://phonesdata.com/en/smartphones/infinix/zero-8-5458847/; https://www.techspecs.info/infinix-zero-8/,279,USD,33480
Smartphone,Infinix,Smart 5 64GB,MediaTek Helio A20,3,32,,,,,5000,6.6,720x1600,90,10,8MP,13MP,"The Infinix Smart 5 64GB emerges as a highly capable solution designed to elevate your digital experience. The core of its performance lies in the MediaTek Helio A20 processor, 3 of memory and a spacious 32.0 of internal storage, allowing users to navigate demanding workflows seamlessly. The device incorporates a 6.6-inch display featuring a crisp 720x1600 resolution featuring an ultra-smooth 90.0 refresh rate, making it fantastic for media consumption and creative work. For users constantly on the move, it features a long-lasting 5000.0 battery. Running naturally on a modern operating system, the Infinix Smart 5 64GB is an outstanding technological investment.",,https://www.techspecs.info/infinix-smart-5/,99,USD,11880
Smartphone,Honor,9X Lite,Kirin 710F,4,128,,,,,3750,6.5,1080x2340,60,10,8MP,48MP,"Crafted to meet the demands of modern users, the Honor 9X Lite is a reliable piece of engineering. System operations are equipped with the Kirin 710F processor, 4 of memory and a spacious 128.0 of internal storage, providing the necessary bandwidth for intensive applications. Users will appreciate the visual fidelity offered by a 6.5-inch display featuring a crisp 1080x2340 resolution featuring an ultra-smooth 60.0 refresh rate, perfect for streaming and reading. Physical endurance is addressed by a substantial 3750.0 cell, keeping you productive on the go. Running naturally on a modern operating system, the Honor 9X Lite is an outstanding technological investment.",,https://phonespecs.net/specs/honor_9x_lite-10085.html; https://www.mobosdata.com/phone/honor-9x-lite/; https://gsmchina.com/smartphones/honor-9x-lite/,219,USD,26280
Smartphone,Honor,30,Kirin 985 5G,8,256,,,,,4000,6.53,1080x2400,90,40,32MP,40MP,"For those seeking reliable technology, the Honor 30 stands out as a sophisticated and dependable choice. It boasts an impressive architecture featuring the Kirin 985 5G processor, 8 of memory and a spacious 256.0 of internal storage to comfortably manage multitasking without bottlenecks. Users will appreciate the visual fidelity offered by a 6.53-inch display featuring a crisp 1080x2400 resolution featuring an ultra-smooth 90.0 refresh rate, perfect for streaming and reading. It integrates a substantial 4000.0 cell to maximize mobility without sacrificing runtime. Running naturally on a modern operating system, the Honor 30 is an outstanding technological investment.",,https://phonesdata.com/en/smartphones/honor/30-5458645/; https://en.wikipedia.org/wiki/Honor_30; https://www.cellsarena.com/phones/honor/honor-30,449,USD,53880
Smartphone,Honor,30 Pro,Kirin 990 5G,8,256,,,0.19,,4000,6.57,1080x2340,165,40,32MP,50MP,"The Honor 30 Pro seamlessly blends aesthetics with performance, making it a reliable companion for daily tasks. System operations are driven by the Kirin 990 5G processor, 8 of memory and a spacious 256.0 of internal storage, providing the necessary bandwidth for intensive applications. The device incorporates a 6.57-inch display featuring a crisp 1080x2340 resolution featuring an ultra-smooth 165.0 refresh rate, making it fantastic for media consumption and creative work. Physical endurance is addressed by a substantial 4000.0 cell and a surprisingly light 0.19kg frame, keeping you productive on the go. Ultimately, with its native software at the helm, the Honor 30 Pro easily satisfies the rigorous demands of contemporary digital life.",,https://phonespecs.net/specs/honor_30_pro-10181.html; https://www.gadgets360.com/honor-30-pro-price-in-india-92051; https://www.cellsarena.com/phones/honor/honor-30-pro/specs,599,USD,71880
Smartphone,Honor,30 Pro+,Kirin 990 5G,12,256,,,0.192,,4000,6.57,1080x2340,90,40,32MP,50MP,"The Honor 30 Pro+ emerges as a dynamic solution designed to elevate your digital experience. It boasts an impressive architecture featuring the Kirin 990 5G processor, 12 of memory and a spacious 256.0 of internal storage to comfortably manage multitasking without bottlenecks. Its front panel is dominated by a 6.57-inch display featuring a crisp 1080x2340 resolution featuring an ultra-smooth 90.0 refresh rate, providing vibrant colors and sharp contrasts. For users constantly on the move, it features a substantial 4000.0 cell and a surprisingly light 0.192kg frame. Coupled with the intuitive pre-installed environment, the Honor 30 Pro+ hits all the right notes for its category.",,https://phonesdata.com/en/smartphones/honor/30-pro-5458643/; https://phonespecs.net/specs/honor_30_pro+-10187.html; https://www.mobosdata.com/phone/honor-30-pro/,699,USD,83880
Smartphone,Honor,30S,Kirin 820 5G,6,256,,,0.19,,4000,6.5,1080x2400,165,40,16MP,64MP,"Crafted to meet the demands of modern users, the Honor 30S is a modern piece of engineering. System operations are engineered around the Kirin 820 5G processor, 6 of memory and a spacious 256.0 of internal storage, providing the necessary bandwidth for intensive applications. The device incorporates a 6.5-inch display featuring a crisp 1080x2400 resolution featuring an ultra-smooth 165.0 refresh rate, making it fantastic for media consumption and creative work. For users constantly on the move, it features an endurance-focused 4000.0 battery and a portable chassis weighing 0.19kg. Running naturally on a modern operating system, the Honor 30S is an outstanding technological investment.",,https://phonespecs.net/specs/honor_30s-10162.html; https://www.gadgets360.com/honor-30s-price-in-india-91862; https://www.mobosdata.com/phone/honor-30s/,349,USD,41880
Smartphone,Honor,X10,Kirin 820 5G,6,128,,,0.203,,4300,6.63,1080x2400,90,5,16MP,40MP,"Presenting the Honor X10: a reliable device built for uncompromised productivity and entertainment. Furthermore, it is driven by the Kirin 820 5G processor, 6 of memory and a spacious 128.0 of internal storage, ensuring brisk responsiveness. Visuals are handled by a 6.63-inch display featuring a crisp 1080x2400 resolution featuring an ultra-smooth 90.0 refresh rate, which guarantees an immersive viewing experience. Physical endurance is addressed by a substantial 4300.0 cell and a portable chassis weighing 0.203kg, keeping you productive on the go. Coupled with the intuitive pre-installed environment, the Honor X10 hits all the right notes for its category.",,https://en.wikipedia.org/wiki/Honor_X10; https://gsmchina.com/smartphones/honor-x10/,319,USD,38280
Smartphone,Honor,X10 Max,MediaTek Dimensity 800,8,64,,,0.227,,5000,7.09,1080x2280,60,5,8MP,48MP,"Crafted to meet the demands of modern users, the Honor X10 Max is a reliable piece of engineering. It boasts an impressive architecture featuring the MediaTek Dimensity 800 processor, 8 of memory and a spacious 64.0 of internal storage to comfortably manage multitasking without bottlenecks. The device incorporates a 7.09-inch display featuring a crisp 1080x2280 resolution featuring an ultra-smooth 60.0 refresh rate, making it fantastic for media consumption and creative work. For users constantly on the move, it features an endurance-focused 5000.0 battery and a portable chassis weighing 0.227kg. Running naturally on a modern operating system, the Honor X10 Max is an outstanding technological investment.",,https://phonespecs.net/specs/honor_x10_max_5g-10306.html; https://www.techspecs.info/honor-x10-max-5g/,379,USD,45480
Smartphone,Honor,Play 4,MediaTek Dimensity 800,6,128,,,0.213,,4300,6.81,1080x2400,90,5,16MP,64MP,"Presenting the Honor Play 4: a dynamic device built for uncompromised productivity and entertainment. System operations are engineered around the MediaTek Dimensity 800 processor, 6 of memory and a spacious 128.0 of internal storage, providing the necessary bandwidth for intensive applications. Its front panel is dominated by a 6.81-inch display featuring a crisp 1080x2400 resolution featuring an ultra-smooth 90.0 refresh rate, providing vibrant colors and sharp contrasts. For users constantly on the move, it features a long-lasting 4300.0 battery and an overall weight of just 0.213kg. Coupled with the intuitive pre-installed environment, the Honor Play 4 hits all the right notes for its category.",,https://www.techspecs.info/honor-play4/,349,USD,41880
Smartphone,Honor,Play 4 Pro,Kirin 990 5G,8,128,,,0.213,,4200,6.57,380x800,165,40,32MP,40MP,"Presenting the Honor Play 4 Pro: a reliable device built for uncompromised productivity and entertainment. System operations are equipped with the Kirin 990 5G processor, 8 of memory and a spacious 128.0 of internal storage, providing the necessary bandwidth for intensive applications. The device incorporates a 6.57-inch display featuring a crisp 380x800 resolution featuring an ultra-smooth 165.0 refresh rate, making it fantastic for media consumption and creative work. For users constantly on the move, it features an endurance-focused 4200.0 battery and an overall weight of just 0.213kg. Operating on an efficient OS layer, this configuration positions the Honor Play 4 Pro as a highly capable daily driver.",,https://www.gadgets360.com/honor-play-4-pro-price-in-india-94094; https://www.gsmarena.com.bd/honor-play-4-pro/; https://www.mobiledokan.com/mobile/honor-play4-pro/specification,549,USD,65880
Smartphone,Honor,10X Lite,Kirin 710A,4,128,,,0.206,,5000,6.67,1080x2400,60,5,8MP,48MP,"Crafted to meet the demands of modern users, the Honor 10X Lite is a reliable piece of engineering. It boasts an impressive architecture featuring the Kirin 710A processor, 4 of memory and a spacious 128.0 of internal storage to comfortably manage multitasking without bottlenecks. The device incorporates a 6.67-inch display featuring a crisp 1080x2400 resolution featuring an ultra-smooth 60.0 refresh rate, making it fantastic for media consumption and creative work. For users constantly on the move, it features an endurance-focused 5000.0 battery and a surprisingly light 0.206kg frame. Running naturally on a modern operating system, the Honor 10X Lite is an outstanding technological investment.",,https://www.techspecs.info/honor-10x-lite/,229,USD,27480
Smartphone,Honor,V40,MediaTek Dimensity 1000+,8,256,,,0.189,,4000,6.72,200x300,120,50,16MP,50MP,"Crafted to meet the demands of modern users, the Honor V40 is a dynamic piece of engineering. System operations are engineered around the MediaTek Dimensity 1000+ processor, 8 of memory and a spacious 256.0 of internal storage, providing the necessary bandwidth for intensive applications. Visuals are rendered on a 6.72-inch display featuring a crisp 200x300 resolution featuring an ultra-smooth 120.0 refresh rate, which guarantees an immersive viewing experience. It integrates a substantial 4000.0 cell and a portable chassis weighing 0.189kg to maximize mobility without sacrificing runtime. Coupled with the intuitive pre-installed environment, the Honor V40 hits all the right notes for its category.",,https://www.mobosdata.com/phone/honor-v40-5g/; https://www.speceagle.com/phones/honor-v40,599,USD,71880
Smartphone,Honor,50,Qualcomm Snapdragon 778G,8,128,,,,,4300,6.57,1080x2340,120,66,32MP,108MP,"Presenting the Honor 50: a modern device built for uncompromised productivity and entertainment. The core of its performance lies in the Qualcomm Snapdragon 778G processor, 8 of memory and a spacious 128.0 of internal storage, allowing users to navigate demanding workflows seamlessly. Users will appreciate the visual fidelity offered by a 6.57-inch display featuring a crisp 1080x2340 resolution featuring an ultra-smooth 120.0 refresh rate, perfect for streaming and reading. Practicality is further enhanced by an endurance-focused 4300.0 battery, offering an excellent balance of longevity and comfort. Coupled with the intuitive pre-installed environment, the Honor 50 hits all the right notes for its category.",,https://www.techspecs.info/honor-50/,549,USD,65880
Smartphone,Honor,50 Pro,Qualcomm Snapdragon 778G,8,256,,,0.187,,4000,6.72,1236x2676,120,100,32MP,108MP,"Presenting the Honor 50 Pro: a reliable device built for uncompromised productivity and entertainment. Moving to performance, it is equipped with the Qualcomm Snapdragon 778G processor, 8 of memory and a spacious 256.0 of internal storage, ensuring brisk responsiveness. Its front panel is dominated by a 6.72-inch display featuring a crisp 1236x2676 resolution featuring an ultra-smooth 120.0 refresh rate, providing vibrant colors and sharp contrasts. It integrates an endurance-focused 4000.0 battery and a surprisingly light 0.187kg frame to maximize mobility without sacrificing runtime. Ultimately, with its native software at the helm, the Honor 50 Pro easily satisfies the rigorous demands of contemporary digital life.",,https://phonesdata.com/en/smartphones/honor/50-pro-5459358/; https://www.techspecs.info/honor-50-pro/,649,USD,77880
Smartphone,Honor,50 SE,MediaTek Dimensity 900,8,256,,,0.191,,4000,6.78,1080x2388,120,66,16MP,108MP,"Presenting the Honor 50 SE: a powerful device built for uncompromised productivity and entertainment. System operations are powered by the MediaTek Dimensity 900 processor, 8 of memory and a spacious 256.0 of internal storage, providing the necessary bandwidth for intensive applications. Users will appreciate the visual fidelity offered by a 6.78-inch display featuring a crisp 1080x2388 resolution featuring an ultra-smooth 120.0 refresh rate, perfect for streaming and reading. Practicality is further enhanced by a long-lasting 4000.0 battery and an overall weight of just 0.191kg, offering an excellent balance of longevity and comfort. Running naturally on a modern operating system, the Honor 50 SE is an outstanding technological investment.",,https://phonesdata.com/en/smartphones/honor/50-se-5459359/; https://www.mobosdata.com/phone/honor-50-se/; https://www.honor.com/global/phones/honor-50/spec/,449,USD,53880
Smartphone,Honor,X20,MediaTek Dimensity 900,6,128,,,0.192,,4300,6.67,1080x2376,391,66,16MP,64MP,"Crafted to meet the demands of modern users, the Honor X20 is a feature-rich piece of engineering. It boasts an impressive architecture featuring the MediaTek Dimensity 900 processor, 6 of memory and a spacious 128.0 of internal storage to comfortably manage multitasking without bottlenecks. Its front panel is dominated by a 6.67-inch display featuring a crisp 1080x2376 resolution featuring an ultra-smooth 391.0 refresh rate, providing vibrant colors and sharp contrasts. Practicality is further enhanced by a substantial 4300.0 cell and an overall weight of just 0.192kg, offering an excellent balance of longevity and comfort. Running naturally on a modern operating system, the Honor X20 is an outstanding technological investment.",,https://phonesdata.com/en/smartphones/honor/x20-5461183/; https://www.techspecs.info/honor-x20/,379,USD,45480
Smartphone,Honor,X20 SE,MediaTek Dimensity 700,6,128,,,0.179,,4000,6.6,1080x2400,120,5,16MP,64MP,"Crafted to meet the demands of modern users, the Honor X20 SE is a modern piece of engineering. The core of its performance lies in the MediaTek Dimensity 700 processor, 6 of memory and a spacious 128.0 of internal storage, allowing users to navigate demanding workflows seamlessly. The device incorporates a 6.6-inch display featuring a crisp 1080x2400 resolution featuring an ultra-smooth 120.0 refresh rate, making it fantastic for media consumption and creative work. It integrates a substantial 4000.0 cell and a surprisingly light 0.179kg frame to maximize mobility without sacrificing runtime. Running naturally on a modern operating system, the Honor X20 SE is an outstanding technological investment.",,https://phonesdata.com/en/smartphones/honor/x20-se-5459379/; https://www.techspecs.info/honor-x20-se/,299,USD,35880
Smartphone,Honor,Play 5,MediaTek Dimensity 800U,8,128,,,0.179,,3800,6.53,1080x2400,90,66,16MP,64MP,"Presenting the Honor Play 5: a feature-rich device built for uncompromised productivity and entertainment. System operations are equipped with the MediaTek Dimensity 800U processor, 8 of memory and a spacious 128.0 of internal storage, providing the necessary bandwidth for intensive applications. Its front panel is dominated by a 6.53-inch display featuring a crisp 1080x2400 resolution featuring an ultra-smooth 90.0 refresh rate, providing vibrant colors and sharp contrasts. It integrates an endurance-focused 3800.0 battery and a surprisingly light 0.179kg frame to maximize mobility without sacrificing runtime. Coupled with the intuitive pre-installed environment, the Honor Play 5 hits all the right notes for its category.",,https://www.techspecs.info/honor-play5-5g/,319,USD,38280
Smartphone,Honor,Play 5T,Unisoc T610,6,128,,,0.191,,5000,6.5,200x300,,,8MP,13MP,"The Honor Play 5T emerges as a premium solution designed to elevate your digital experience. The core of its performance lies in the Unisoc T610 processor, 6 of memory and a spacious 128.0 of internal storage, allowing users to navigate demanding workflows seamlessly. Its front panel is dominated by a 6.5-inch display featuring a crisp 200x300 resolution, providing vibrant colors and sharp contrasts. Practicality is further enhanced by a substantial 5000.0 cell and a surprisingly light 0.191kg frame, offering an excellent balance of longevity and comfort. Coupled with the intuitive pre-installed environment, the Honor Play 5T hits all the right notes for its category.",,https://www.mobosdata.com/phone/honor-play-5t/,219,USD,26280
Smartphone,Honor,Magic3,Qualcomm Snapdragon 888,8,256,,,0.202,,4600,6.76,1344x2772,120,66,13MP,50MP,"The Honor Magic3 emerges as a premium solution designed to elevate your digital experience. The core of its performance lies in the Qualcomm Snapdragon 888 processor, 8 of memory and a spacious 256.0 of internal storage, allowing users to navigate demanding workflows seamlessly. Visuals are presented via a 6.76-inch display featuring a crisp 1344x2772 resolution featuring an ultra-smooth 120.0 refresh rate, which guarantees an immersive viewing experience. For users constantly on the move, it features an endurance-focused 4600.0 battery and an overall weight of just 0.202kg. Operating on an efficient OS layer, this configuration positions the Honor Magic3 as a highly capable daily driver.",,https://phonespecs.net/specs/honor_magic3-11049.html; https://www.mobosdata.com/phone/honor-magic3/,899,USD,107880
Smartphone,Honor,Magic3 Pro,Qualcomm Snapdragon 888+,8,256,,,0.213,,4600,6.76,375x800,165,66,13MP,50MP,"Presenting the Honor Magic3 Pro: a versatile device built for uncompromised productivity and entertainment. The core of its performance lies in the Qualcomm Snapdragon 888+ processor, 8 of memory and a spacious 256.0 of internal storage, allowing users to navigate demanding workflows seamlessly. Visuals are handled by a 6.76-inch display featuring a crisp 375x800 resolution featuring an ultra-smooth 165.0 refresh rate, which guarantees an immersive viewing experience. Physical endurance is addressed by a substantial 4600.0 cell and a surprisingly light 0.213kg frame, keeping you productive on the go. Operating on an efficient OS layer, this configuration positions the Honor Magic3 Pro as a highly capable daily driver.",,https://www.gadgets360.com/honor-magic-3-pro-price-in-india-103924; https://phonespecs.net/specs/honor_magic3_pro-11050.html,1099,USD,131880
Smartphone,Honor,Magic3 Pro+,Qualcomm Snapdragon 888+,12,,,,0.236,,4600,6.76,1344x2772,120,66,13MP,50MP,"The Honor Magic3 Pro+ seamlessly blends aesthetics with performance, making it a feature-rich companion for daily tasks. It boasts an impressive architecture featuring the Qualcomm Snapdragon 888+ processor and 12 of memory to comfortably manage multitasking without bottlenecks. Its front panel is dominated by a 6.76-inch display featuring a crisp 1344x2772 resolution featuring an ultra-smooth 120.0 refresh rate, providing vibrant colors and sharp contrasts. For users constantly on the move, it features a long-lasting 4600.0 battery and a surprisingly light 0.236kg frame. Ultimately, with its native software at the helm, the Honor Magic3 Pro+ easily satisfies the rigorous demands of contemporary digital life.",,https://phonespecs.net/specs/honor_magic3_pro+-11051.html,1299,USD,155880
Smartphone,Honor,60,Qualcomm Snapdragon 778G,8,128,,,0.179,,4800,6.67,1080x2400,120,66,32MP,108MP,"Crafted to meet the demands of modern users, the Honor 60 is a dynamic piece of engineering. The core of its performance lies in the Qualcomm Snapdragon 778G processor, 8 of memory and a spacious 128.0 of internal storage, allowing users to navigate demanding workflows seamlessly. Its front panel is dominated by a 6.67-inch display featuring a crisp 1080x2400 resolution featuring an ultra-smooth 120.0 refresh rate, providing vibrant colors and sharp contrasts. For users constantly on the move, it features an endurance-focused 4800.0 battery and a portable chassis weighing 0.179kg. Ultimately, with its native software at the helm, the Honor 60 easily satisfies the rigorous demands of contemporary digital life.",,https://www.techspecs.info/honor-60/,549,USD,65880
Smartphone,Honor,60 Pro,Qualcomm Snapdragon 778G+,8,256,,,0.192,,4800,6.78,1200x2652,120,66,50MP,108MP,"Crafted to meet the demands of modern users, the Honor 60 Pro is a feature-rich piece of engineering. System operations are equipped with the Qualcomm Snapdragon 778G+ processor, 8 of memory and a spacious 256.0 of internal storage, providing the necessary bandwidth for intensive applications. Its front panel is dominated by a 6.78-inch display featuring a crisp 1200x2652 resolution featuring an ultra-smooth 120.0 refresh rate, providing vibrant colors and sharp contrasts. Practicality is further enhanced by a substantial 4800.0 cell and a surprisingly light 0.192kg frame, offering an excellent balance of longevity and comfort. Running naturally on a modern operating system, the Honor 60 Pro is an outstanding technological investment.",,https://phonespecs.net/specs/honor_60_pro-11248.html; https://www.techspecs.info/honor-60-pro/,649,USD,77880
Smartphone,Honor,60 SE,MediaTek Dimensity 900,8,128,,,0.191,,4300,6.67,1080x2400,120,66,16MP,64MP,"Presenting the Honor 60 SE: a feature-rich device built for uncompromised productivity and entertainment. System operations are equipped with the MediaTek Dimensity 900 processor, 8 of memory and a spacious 128.0 of internal storage, providing the necessary bandwidth for intensive applications. Visuals are presented via a 6.67-inch display featuring a crisp 1080x2400 resolution featuring an ultra-smooth 120.0 refresh rate, which guarantees an immersive viewing experience. Physical endurance is addressed by an endurance-focused 4300.0 battery and a surprisingly light 0.191kg frame, keeping you productive on the go. Operating on an efficient OS layer, this configuration positions the Honor 60 SE as a highly capable daily driver.",,https://phonesdata.com/en/smartphones/honor/60-se-5462073/; https://www.techspecs.info/honor-60-se/,449,USD,53880
Smartphone,Honor,X30,Qualcomm Snapdragon 695,6,128,,,0.189,,4800,6.81,1080x2388,120,66,16MP,48MP,"Crafted to meet the demands of modern users, the Honor X30 is a versatile piece of engineering. Additionally, it is fueled by the Qualcomm Snapdragon 695 processor, 6 of memory and a spacious 128.0 of internal storage, ensuring brisk responsiveness. Its front panel is dominated by a 6.81-inch display featuring a crisp 1080x2388 resolution featuring an ultra-smooth 120.0 refresh rate, providing vibrant colors and sharp contrasts. Practicality is further enhanced by a long-lasting 4800.0 battery and an overall weight of just 0.189kg, offering an excellent balance of longevity and comfort. Ultimately, with its native software at the helm, the Honor X30 easily satisfies the rigorous demands of contemporary digital life.",,https://phonespecs.net/specs/honor_x30-11270.html; https://www.techspecs.info/honor-x30/,379,USD,45480
Smartphone,Honor,X30i,MediaTek Dimensity 810,6,128,,,,,4000,6.7,1080x2388,90,5,16MP,48MP,"Crafted to meet the demands of modern users, the Honor X30i is a powerful piece of engineering. The core of its performance lies in the MediaTek Dimensity 810 processor, 6 of memory and a spacious 128.0 of internal storage, allowing users to navigate demanding workflows seamlessly. Its front panel is dominated by a 6.7-inch display featuring a crisp 1080x2388 resolution featuring an ultra-smooth 90.0 refresh rate, providing vibrant colors and sharp contrasts. For users constantly on the move, it features a substantial 4000.0 cell. Operating on an efficient OS layer, this configuration positions the Honor X30i as a highly capable daily driver.",,https://phonesdata.com/en/smartphones/honor/x30i-5461780/; https://www.techspecs.info/honor-x30i/,299,USD,35880
Smartphone,Honor,X30 Max,MediaTek Dimensity 900,8,128,,,0.228,,5000,7.09,1080x2280,144,5,8MP,64MP,"Presenting the Honor X30 Max: a premium device built for uncompromised productivity and entertainment. In terms of hardware, it is powered by the MediaTek Dimensity 900 processor, 8 of memory and a spacious 128.0 of internal storage, ensuring brisk responsiveness. The device incorporates a 7.09-inch display featuring a crisp 1080x2280 resolution featuring an ultra-smooth 144.0 refresh rate, making it fantastic for media consumption and creative work. It integrates a long-lasting 5000.0 battery and a surprisingly light 0.228kg frame to maximize mobility without sacrificing runtime. Running naturally on a modern operating system, the Honor X30 Max is an outstanding technological investment.",,https://phonespecs.net/specs/honor_x30_max-11178.html; https://www.techspecs.info/honor-x30-max/,499,USD,59880
Smartphone,Honor,Play 6,MediaTek MT6762G Helio G25,6,64,,,0.19,,5000,6.52,720x1280,165,,5MP,13MP,"For those seeking reliable technology, the Honor Play 6 stands out as a feature-rich and dependable choice. The core of its performance lies in the MediaTek MT6762G Helio G25 processor, 6 of memory and a spacious 64.0 of internal storage, allowing users to navigate demanding workflows seamlessly. Its front panel is dominated by a 6.52-inch display featuring a crisp 720x1280 resolution featuring an ultra-smooth 165.0 refresh rate, providing vibrant colors and sharp contrasts. Physical endurance is addressed by a substantial 5000.0 cell and a portable chassis weighing 0.19kg, keeping you productive on the go. Running naturally on a modern operating system, the Honor Play 6 is an outstanding technological investment.",,https://www.gadgets360.com/honor-6-play-4393; https://www.gadgets360.com/honor-play-5504,179,USD,21480
Smartphone,Honor,Play 6T,MediaTek Dimensity 700,6,128,,,0.198,,5000,6.74,720x1600,90,5,5MP,13MP,"The Honor Play 6T seamlessly blends aesthetics with performance, making it a feature-rich companion for daily tasks. It boasts an impressive architecture featuring the MediaTek Dimensity 700 processor, 6 of memory and a spacious 128.0 of internal storage to comfortably manage multitasking without bottlenecks. Its front panel is dominated by a 6.74-inch display featuring a crisp 720x1600 resolution featuring an ultra-smooth 90.0 refresh rate, providing vibrant colors and sharp contrasts. It integrates an endurance-focused 5000.0 battery and a surprisingly light 0.198kg frame to maximize mobility without sacrificing runtime. Running naturally on a modern operating system, the Honor Play 6T is an outstanding technological investment.",,https://www.techspecs.info/honor-play6t/,229,USD,27480
Smartphone,Honor,Magic4,Qualcomm Snapdragon 8 Gen 1,8,128,,,0.199,,4800,6.81,1224x2664,120,66,12MP,50MP,"Crafted to meet the demands of modern users, the Honor Magic4 is a sophisticated piece of engineering. The core of its performance lies in the Qualcomm Snapdragon 8 Gen 1 processor, 8 of memory and a spacious 128.0 of internal storage, allowing users to navigate demanding workflows seamlessly. The device incorporates a 6.81-inch display featuring a crisp 1224x2664 resolution featuring an ultra-smooth 120.0 refresh rate, making it fantastic for media consumption and creative work. It integrates an endurance-focused 4800.0 battery and an overall weight of just 0.199kg to maximize mobility without sacrificing runtime. Running naturally on a modern operating system, the Honor Magic4 is an outstanding technological investment.",,https://phonesdata.com/en/smartphones/honor/magic4-5462183/; https://www.techspecs.info/honor-magic4/,899,USD,107880
Smartphone,Honor,Magic4 Pro,Qualcomm Snapdragon 8 Gen 1,8,512,,,,,4600,6.81,1312x2848,120,100,12MP,50MP,"For those seeking reliable technology, the Honor Magic4 Pro stands out as a versatile and dependable choice. System operations are engineered around the Qualcomm Snapdragon 8 Gen 1 processor, 8 of memory and a spacious 512.0 of internal storage, providing the necessary bandwidth for intensive applications. Visuals are handled by a 6.81-inch display featuring a crisp 1312x2848 resolution featuring an ultra-smooth 120.0 refresh rate, which guarantees an immersive viewing experience. Practicality is further enhanced by a long-lasting 4600.0 battery, offering an excellent balance of longevity and comfort. Operating on an efficient OS layer, this configuration positions the Honor Magic4 Pro as a highly capable daily driver.",,https://phonespecs.net/specs/honor_magic4_pro-11390.html; https://www.cellsarena.com/phones/honor/honor-magic4-pro,1099,USD,131880
Smartphone,Honor,Magic4 Ultimate,Qualcomm Snapdragon 8 Gen 1,12,512,,,0.242,,4600,6.81,1312x2848,120,100,12MP,50MP,"For those seeking reliable technology, the Honor Magic4 Ultimate stands out as a versatile and dependable choice. The core of its performance lies in the Qualcomm Snapdragon 8 Gen 1 processor, 12 of memory and a spacious 512.0 of internal storage, allowing users to navigate demanding workflows seamlessly. The device incorporates a 6.81-inch display featuring a crisp 1312x2848 resolution featuring an ultra-smooth 120.0 refresh rate, making it fantastic for media consumption and creative work. It integrates a substantial 4600.0 cell and a portable chassis weighing 0.242kg to maximize mobility without sacrificing runtime. Coupled with the intuitive pre-installed environment, the Honor Magic4 Ultimate hits all the right notes for its category.",,https://phonespecs.net/specs/honor_magic4_ultimate-11432.html; https://www.mobosdata.com/phone/honor-magic4-ultimate/,1299,USD,155880
Smartphone,Honor,Magic V,Qualcomm Snapdragon 8 Gen 1,12,256,,,0.288,,4750,7.9,1984x2272,90,66,42MP,50MP,"Crafted to meet the demands of modern users, the Honor Magic V is a highly capable piece of engineering. It boasts an impressive architecture featuring the Qualcomm Snapdragon 8 Gen 1 processor, 12 of memory and a spacious 256.0 of internal storage to comfortably manage multitasking without bottlenecks. Its front panel is dominated by a 7.9-inch display featuring a crisp 1984x2272 resolution featuring an ultra-smooth 90.0 refresh rate, providing vibrant colors and sharp contrasts. Practicality is further enhanced by an endurance-focused 4750.0 battery and a surprisingly light 0.288kg frame, offering an excellent balance of longevity and comfort. Running naturally on a modern operating system, the Honor Magic V is an outstanding technological investment.",,https://www.techspecs.info/honor-magic-v/,1799,USD,215880
Smartphone,Honor,70,Qualcomm Snapdragon 778G+,8,128,,,0.178,,4800,6.67,1080x2400,120,66,32MP,54MP,"The Honor 70 seamlessly blends aesthetics with performance, making it a premium companion for daily tasks. System operations are driven by the Qualcomm Snapdragon 778G+ processor, 8 of memory and a spacious 128.0 of internal storage, providing the necessary bandwidth for intensive applications. Its front panel is dominated by a 6.67-inch display featuring a crisp 1080x2400 resolution featuring an ultra-smooth 120.0 refresh rate, providing vibrant colors and sharp contrasts. Physical endurance is addressed by a long-lasting 4800.0 battery and a portable chassis weighing 0.178kg, keeping you productive on the go. Coupled with the intuitive pre-installed environment, the Honor 70 hits all the right notes for its category.",,https://www.techspecs.info/honor-70/,549,USD,65880
Smartphone,Honor,70 Pro,MediaTek Dimensity 8000,8,256,,,0.192,,4500,6.78,376x800,120,100,50MP,54MP,"Crafted to meet the demands of modern users, the Honor 70 Pro is a sophisticated piece of engineering. It boasts an impressive architecture featuring the MediaTek Dimensity 8000 processor, 8 of memory and a spacious 256.0 of internal storage to comfortably manage multitasking without bottlenecks. The device incorporates a 6.78-inch display featuring a crisp 376x800 resolution featuring an ultra-smooth 120.0 refresh rate, making it fantastic for media consumption and creative work. For users constantly on the move, it features an endurance-focused 4500.0 battery and a portable chassis weighing 0.192kg. Ultimately, with its native software at the helm, the Honor 70 Pro easily satisfies the rigorous demands of contemporary digital life.",,https://www.gadgets360.com/honor-70-pro-price-in-india-109426; https://www.techspecs.info/honor-70-pro/,699,USD,83880
Smartphone,Honor,70 Pro+,MediaTek Dimensity 9000,12,256,,,0.209,,4500,6.78,1200x2652,120,100,50MP,54MP,"Crafted to meet the demands of modern users, the Honor 70 Pro+ is a reliable piece of engineering. Furthermore, it is engineered around the MediaTek Dimensity 9000 processor, 12 of memory and a spacious 256.0 of internal storage, ensuring brisk responsiveness. The device incorporates a 6.78-inch display featuring a crisp 1200x2652 resolution featuring an ultra-smooth 120.0 refresh rate, making it fantastic for media consumption and creative work. Physical endurance is addressed by a long-lasting 4500.0 battery and a portable chassis weighing 0.209kg, keeping you productive on the go. Coupled with the intuitive pre-installed environment, the Honor 70 Pro+ hits all the right notes for its category.",,https://phonespecs.net/specs/honor_70_pro+-11577.html; https://www.techspecs.info/honor-70-pro-plus/,799,USD,95880
Smartphone,Honor,X40,Qualcomm Snapdragon 695,6,128,,,0.172,,5100,6.67,1080x2400,120,40,8MP,50MP,"Presenting the Honor X40: a premium device built for uncompromised productivity and entertainment. System operations are engineered around the Qualcomm Snapdragon 695 processor, 6 of memory and a spacious 128.0 of internal storage, providing the necessary bandwidth for intensive applications. Visuals are delivered through a 6.67-inch display featuring a crisp 1080x2400 resolution featuring an ultra-smooth 120.0 refresh rate, which guarantees an immersive viewing experience. It integrates a substantial 5100.0 cell and an overall weight of just 0.172kg to maximize mobility without sacrificing runtime. Operating on an efficient OS layer, this configuration positions the Honor X40 as a highly capable daily driver.",,https://www.techspecs.info/honor-x40/,299,USD,35880
Smartphone,Honor,X40i,MediaTek Dimensity 700,6,128,,,,,4000,6.7,1080x2388,120,44,8MP,50MP,"For those seeking reliable technology, the Honor X40i stands out as a premium and dependable choice. As for its internals, it is driven by the MediaTek Dimensity 700 processor, 6 of memory and a spacious 128.0 of internal storage, ensuring brisk responsiveness. The device incorporates a 6.7-inch display featuring a crisp 1080x2388 resolution featuring an ultra-smooth 120.0 refresh rate, making it fantastic for media consumption and creative work. It integrates a substantial 4000.0 cell to maximize mobility without sacrificing runtime. Operating on an efficient OS layer, this configuration positions the Honor X40i as a highly capable daily driver.",,https://www.techspecs.info/honor-x40i/,279,USD,33480
Smartphone,Honor,Play 7,MediaTek Helio G37,4,16,,,0.196,,5200,6.74,720x1440,165,,5MP,13MP,"Presenting the Honor Play 7: a versatile device built for uncompromised productivity and entertainment. The core of its performance lies in the MediaTek Helio G37 processor, 4 of memory and a spacious 16.0 of internal storage, allowing users to navigate demanding workflows seamlessly. Its front panel is dominated by a 6.74-inch display featuring a crisp 720x1440 resolution featuring an ultra-smooth 165.0 refresh rate, providing vibrant colors and sharp contrasts. It integrates an endurance-focused 5200.0 battery and a surprisingly light 0.196kg frame to maximize mobility without sacrificing runtime. Operating on an efficient OS layer, this configuration positions the Honor Play 7 as a highly capable daily driver.",,https://www.gadgets360.com/honor-play-7-5461; https://www.mobosdata.com/phone/huawei-honor-play-7/,159,USD,19080
Smartphone,Honor,Play 7T,MediaTek Dimensity 6020,6,128,,,0.199,,5200,6.74,653x800,90,5,5MP,13MP,"Presenting the Honor Play 7T: a modern device built for uncompromised productivity and entertainment. System operations are driven by the MediaTek Dimensity 6020 processor, 6 of memory and a spacious 128.0 of internal storage, providing the necessary bandwidth for intensive applications. Its front panel is dominated by a 6.74-inch display featuring a crisp 653x800 resolution featuring an ultra-smooth 90.0 refresh rate, providing vibrant colors and sharp contrasts. Physical endurance is addressed by a long-lasting 5200.0 battery and a surprisingly light 0.199kg frame, keeping you productive on the go. Coupled with the intuitive pre-installed environment, the Honor Play 7T hits all the right notes for its category.",,https://www.gadgets360.com/honor-play-7t-price-in-india-116600; https://www.techspecs.info/honor-play7t/,199,USD,23880
Smartphone,Honor,Magic5,Qualcomm Snapdragon 8 Gen 2,8,256,,,,,5100,6.81,1224x2688,120,66,12MP,50MP,"Crafted to meet the demands of modern users, the Honor Magic5 is a powerful piece of engineering. It boasts an impressive architecture featuring the Qualcomm Snapdragon 8 Gen 2 processor, 8 of memory and a spacious 256.0 of internal storage to comfortably manage multitasking without bottlenecks. Visuals are handled by a 6.81-inch display featuring a crisp 1224x2688 resolution featuring an ultra-smooth 120.0 refresh rate, which guarantees an immersive viewing experience. Physical endurance is addressed by a substantial 5100.0 cell, keeping you productive on the go. Running naturally on a modern operating system, the Honor Magic5 is an outstanding technological investment.",,https://phonespecs.net/specs/honor_magic5-12149.html; https://www.techspecs.info/honor-magic5/,999,USD,119880
Smartphone,Honor,Magic5 Pro,Qualcomm Snapdragon 8 Gen 2,12,256,,,0.219,,5100,6.81,1312x2848,120,66,12MP,50MP,"For those seeking reliable technology, the Honor Magic5 Pro stands out as a versatile and dependable choice. It boasts an impressive architecture featuring the Qualcomm Snapdragon 8 Gen 2 processor, 12 of memory and a spacious 256.0 of internal storage to comfortably manage multitasking without bottlenecks. The device incorporates a 6.81-inch display featuring a crisp 1312x2848 resolution featuring an ultra-smooth 120.0 refresh rate, making it fantastic for media consumption and creative work. Physical endurance is addressed by a substantial 5100.0 cell and a portable chassis weighing 0.219kg, keeping you productive on the go. Ultimately, with its native software at the helm, the Honor Magic5 Pro easily satisfies the rigorous demands of contemporary digital life.",,https://phonespecs.net/specs/honor_magic5_pro-12148.html; https://www.techspecs.info/honor-magic5-pro/,1199,USD,143880
Smartphone,Honor,Magic5 Ultimate,Qualcomm Snapdragon 8 Gen 2,16,512,,,,,5450,6.81,1312x2848,120,66,12MP,50MP,"The Honor Magic5 Ultimate emerges as a highly capable solution designed to elevate your digital experience. As for its internals, it is driven by the Qualcomm Snapdragon 8 Gen 2 processor, 16 of memory and a spacious 512.0 of internal storage, ensuring brisk responsiveness. Its front panel is dominated by a 6.81-inch display featuring a crisp 1312x2848 resolution featuring an ultra-smooth 120.0 refresh rate, providing vibrant colors and sharp contrasts. Practicality is further enhanced by a long-lasting 5450.0 battery, offering an excellent balance of longevity and comfort. Coupled with the intuitive pre-installed environment, the Honor Magic5 Ultimate hits all the right notes for its category.",,https://phonespecs.net/specs/honor_magic5_ultimate-12155.html; https://www.techspecs.info/honor-magic5-ultimate/,1399,USD,167880
Smartphone,Honor,Magic Vs,Qualcomm Snapdragon 8+ Gen 1,12,256,,,0.267,,5000,7.9,632x800,120,66,16MP,50MP,"Crafted to meet the demands of modern users, the Honor Magic Vs is a premium piece of engineering. The core of its performance lies in the Qualcomm Snapdragon 8+ Gen 1 processor, 12 of memory and a spacious 256.0 of internal storage, allowing users to navigate demanding workflows seamlessly. Visuals are rendered on a 7.9-inch display featuring a crisp 632x800 resolution featuring an ultra-smooth 120.0 refresh rate, which guarantees an immersive viewing experience. For users constantly on the move, it features an endurance-focused 5000.0 battery and a portable chassis weighing 0.267kg. Ultimately, with its native software at the helm, the Honor Magic Vs easily satisfies the rigorous demands of contemporary digital life.",,https://www.gadgets360.com/honor-magic-vs-price-in-india-114403; https://www.cellsarena.com/phones/honor/honor-magic-vs,1699,USD,203880
Smartphone,Honor,80,Qualcomm Snapdragon 782G,8,256,,,0.18,,4800,6.67,1080x2400,120,66,32MP,160MP,"Crafted to meet the demands of modern users, the Honor 80 is a dynamic piece of engineering. The core of its performance lies in the Qualcomm Snapdragon 782G processor, 8 of memory and a spacious 256.0 of internal storage, allowing users to navigate demanding workflows seamlessly. Visuals are delivered through a 6.67-inch display featuring a crisp 1080x2400 resolution featuring an ultra-smooth 120.0 refresh rate, which guarantees an immersive viewing experience. Practicality is further enhanced by a long-lasting 4800.0 battery and an overall weight of just 0.18kg, offering an excellent balance of longevity and comfort. Coupled with the intuitive pre-installed environment, the Honor 80 hits all the right notes for its category.",,https://phonesdata.com/en/smartphones/honor/80-5462997/; https://phonespecs.net/specs/honor_80-11993.html; https://www.techspecs.info/honor-80/,549,USD,65880
Smartphone,Honor,80 Pro,Qualcomm Snapdragon 8+ Gen 1,12,256,,,0.193,,4800,6.78,1224x2700,120,66,50MP,160MP,"Presenting the Honor 80 Pro: a versatile device built for uncompromised productivity and entertainment. The core of its performance lies in the Qualcomm Snapdragon 8+ Gen 1 processor, 12 of memory and a spacious 256.0 of internal storage, allowing users to navigate demanding workflows seamlessly. The device incorporates a 6.78-inch display featuring a crisp 1224x2700 resolution featuring an ultra-smooth 120.0 refresh rate, making it fantastic for media consumption and creative work. Practicality is further enhanced by a long-lasting 4800.0 battery and a surprisingly light 0.193kg frame, offering an excellent balance of longevity and comfort. Running naturally on a modern operating system, the Honor 80 Pro is an outstanding technological investment.",,https://www.techspecs.info/honor-80-pro/,799,USD,95880
Smartphone,Honor,80 SE,MediaTek Dimensity 900,8,256,,,,,4600,6.67,367x800,120,66,32MP,64MP,"For those seeking reliable technology, the Honor 80 SE stands out as a versatile and dependable choice. It boasts an impressive architecture featuring the MediaTek Dimensity 900 processor, 8 of memory and a spacious 256.0 of internal storage to comfortably manage multitasking without bottlenecks. The device incorporates a 6.67-inch display featuring a crisp 367x800 resolution featuring an ultra-smooth 120.0 refresh rate, making it fantastic for media consumption and creative work. It integrates a long-lasting 4600.0 battery to maximize mobility without sacrificing runtime. Running naturally on a modern operating system, the Honor 80 SE is an outstanding technological investment.",,https://www.gadgets360.com/honor-80-se-price-in-india-114408; https://www.techspecs.info/honor-80-se/,399,USD,47880
Smartphone,Honor,X50,Qualcomm Snapdragon 6 Gen 1,6,128,,,,,5800,6.78,373x800,120,35,8MP,108MP,"Crafted to meet the demands of modern users, the Honor X50 is a powerful piece of engineering. System operations are driven by the Qualcomm Snapdragon 6 Gen 1 processor, 6 of memory and a spacious 128.0 of internal storage, providing the necessary bandwidth for intensive applications. The device incorporates a 6.78-inch display featuring a crisp 373x800 resolution featuring an ultra-smooth 120.0 refresh rate, making it fantastic for media consumption and creative work. It integrates an endurance-focused 5800.0 battery to maximize mobility without sacrificing runtime. Coupled with the intuitive pre-installed environment, the Honor X50 hits all the right notes for its category.",,https://www.gadgets360.com/honor-x50-price-in-india-119261; https://www.techspecs.info/honor-x50/,299,USD,35880
Smartphone,Honor,X50i,MediaTek Dimensity 6020,6,256,,,0.179,,4500,6.7,1080x2388,90,35,8MP,100MP,"For those seeking reliable technology, the Honor X50i stands out as a modern and dependable choice. The core of its performance lies in the MediaTek Dimensity 6020 processor, 6 of memory and a spacious 256.0 of internal storage, allowing users to navigate demanding workflows seamlessly. Users will appreciate the visual fidelity offered by a 6.7-inch display featuring a crisp 1080x2388 resolution featuring an ultra-smooth 90.0 refresh rate, perfect for streaming and reading. It integrates a substantial 4500.0 cell and a portable chassis weighing 0.179kg to maximize mobility without sacrificing runtime. Operating on an efficient OS layer, this configuration positions the Honor X50i as a highly capable daily driver.",,https://www.techspecs.info/honor-x50i/,249,USD,29880
Smartphone,Honor,Play 8,MediaTek Helio G36,4,256,,,0.191,,5000,6.52,396x800,165,100,5MP,13MP,"Presenting the Honor Play 8: a premium device built for uncompromised productivity and entertainment. It boasts an impressive architecture featuring the MediaTek Helio G36 processor, 4 of memory and a spacious 256.0 of internal storage to comfortably manage multitasking without bottlenecks. Its front panel is dominated by a 6.52-inch display featuring a crisp 396x800 resolution featuring an ultra-smooth 165.0 refresh rate, providing vibrant colors and sharp contrasts. For users constantly on the move, it features an endurance-focused 5000.0 battery and an overall weight of just 0.191kg. Coupled with the intuitive pre-installed environment, the Honor Play 8 hits all the right notes for its category.",,https://www.gadgets360.com/honor-play-8-price-in-india-13182; https://gsmchina.com/smartphones/honor-play-8/; https://www.igeekphone.com/product/honor-play-8/,149,USD,17880
Smartphone,Honor,Play 8T,MediaTek Dimensity 6100+,6,256,,,,,5200,6.74,1080x2412,90,35,5MP,50MP,"The Honor Play 8T emerges as a reliable solution designed to elevate your digital experience. The core of its performance lies in the MediaTek Dimensity 6100+ processor, 6 of memory and a spacious 256.0 of internal storage, allowing users to navigate demanding workflows seamlessly. Users will appreciate the visual fidelity offered by a 6.74-inch display featuring a crisp 1080x2412 resolution featuring an ultra-smooth 90.0 refresh rate, perfect for streaming and reading. For users constantly on the move, it features an endurance-focused 5200.0 battery. Coupled with the intuitive pre-installed environment, the Honor Play 8T hits all the right notes for its category.",,https://phonesdata.com/en/smartphones/honor/play-8t-5464044/; https://www.techspecs.info/honor-play-8t/,189,USD,22680
Smartphone,Honor,Magic6,Qualcomm Snapdragon 8 Gen 3,8,256,,,0.203,,5200,6.81,1264x2800,120,66,12MP,50MP,"The Honor Magic6 emerges as a feature-rich solution designed to elevate your digital experience. System operations are engineered around the Qualcomm Snapdragon 8 Gen 3 processor, 8 of memory and a spacious 256.0 of internal storage, providing the necessary bandwidth for intensive applications. Its front panel is dominated by a 6.81-inch display featuring a crisp 1264x2800 resolution featuring an ultra-smooth 120.0 refresh rate, providing vibrant colors and sharp contrasts. Physical endurance is addressed by an endurance-focused 5200.0 battery and a surprisingly light 0.203kg frame, keeping you productive on the go. Operating on an efficient OS layer, this configuration positions the Honor Magic6 as a highly capable daily driver.",,https://phonespecs.net/specs/honor_magic6-12788.html; https://www.techspecs.info/honor-magic6/,1099,USD,131880
Smartphone,Honor,Magic6 Pro,Qualcomm Snapdragon 8 Gen 3,12,256,,,0.219,,5500,6.81,1280x2800,120,80,12MP,50MP,"The Honor Magic6 Pro emerges as a feature-rich solution designed to elevate your digital experience. The core of its performance lies in the Qualcomm Snapdragon 8 Gen 3 processor, 12 of memory and a spacious 256.0 of internal storage, allowing users to navigate demanding workflows seamlessly. Its front panel is dominated by a 6.81-inch display featuring a crisp 1280x2800 resolution featuring an ultra-smooth 120.0 refresh rate, providing vibrant colors and sharp contrasts. It integrates a substantial 5500.0 cell and an overall weight of just 0.219kg to maximize mobility without sacrificing runtime. Operating on an efficient OS layer, this configuration positions the Honor Magic6 Pro as a highly capable daily driver.",,https://phonespecs.net/specs/honor_magic6_pro-12786.html; https://www.techspecs.info/honor-magic6-pro/,1299,USD,155880
Smartphone,Honor,Magic6 Ultimate,Qualcomm Snapdragon 8 Gen 3,16,512,,,,,5550,6.81,1280x2800,120,80,12MP,50MP,"Crafted to meet the demands of modern users, the Honor Magic6 Ultimate is a premium piece of engineering. The core of its performance lies in the Qualcomm Snapdragon 8 Gen 3 processor, 16 of memory and a spacious 512.0 of internal storage, allowing users to navigate demanding workflows seamlessly. Users will appreciate the visual fidelity offered by a 6.81-inch display featuring a crisp 1280x2800 resolution featuring an ultra-smooth 120.0 refresh rate, perfect for streaming and reading. For users constantly on the move, it features an endurance-focused 5550.0 battery. Coupled with the intuitive pre-installed environment, the Honor Magic6 Ultimate hits all the right notes for its category.",,https://phonespecs.net/specs/honor_magic6_ultimate-12864.html; https://www.techspecs.info/honor-magic6-ultimate/,1499,USD,179880
Smartphone,Honor,Magic V2,Qualcomm Snapdragon 8 Gen 2,12,256,,,0.231,,5000,7.92,2156x2344,120,66,16MP,50MP,"The Honor Magic V2 seamlessly blends aesthetics with performance, making it a feature-rich companion for daily tasks. System operations are fueled by the Qualcomm Snapdragon 8 Gen 2 processor, 12 of memory and a spacious 256.0 of internal storage, providing the necessary bandwidth for intensive applications. The device incorporates a 7.92-inch display featuring a crisp 2156x2344 resolution featuring an ultra-smooth 120.0 refresh rate, making it fantastic for media consumption and creative work. For users constantly on the move, it features a long-lasting 5000.0 battery and a portable chassis weighing 0.231kg. Coupled with the intuitive pre-installed environment, the Honor Magic V2 hits all the right notes for its category.",,https://www.techspecs.info/honor-magic-v2/,1899,USD,227880
Smartphone,Honor,90,Qualcomm Snapdragon 7 Gen 1,12,256,,,0.183,,5000,6.7,1200x2664,120,66,50MP,200MP,"Presenting the Honor 90: a dynamic device built for uncompromised productivity and entertainment. It boasts an impressive architecture featuring the Qualcomm Snapdragon 7 Gen 1 processor, 12 of memory and a spacious 256.0 of internal storage to comfortably manage multitasking without bottlenecks. The device incorporates a 6.7-inch display featuring a crisp 1200x2664 resolution featuring an ultra-smooth 120.0 refresh rate, making it fantastic for media consumption and creative work. For users constantly on the move, it features an endurance-focused 5000.0 battery and a surprisingly light 0.183kg frame. Operating on an efficient OS layer, this configuration positions the Honor 90 as a highly capable daily driver.",,https://www.techspecs.info/honor-90/,599,USD,71880
Smartphone,Honor,90 Pro,Qualcomm Snapdragon 8+ Gen 1,12,256,,,0.192,,5000,6.78,1224x2700,120,90,50MP,200MP,"Presenting the Honor 90 Pro: a dynamic device built for uncompromised productivity and entertainment. It boasts an impressive architecture featuring the Qualcomm Snapdragon 8+ Gen 1 processor, 12 of memory and a spacious 256.0 of internal storage to comfortably manage multitasking without bottlenecks. Visuals are showcased on a 6.78-inch display featuring a crisp 1224x2700 resolution featuring an ultra-smooth 120.0 refresh rate, which guarantees an immersive viewing experience. For users constantly on the move, it features a long-lasting 5000.0 battery and an overall weight of just 0.192kg. Running naturally on a modern operating system, the Honor 90 Pro is an outstanding technological investment.",,https://www.techspecs.info/honor-90-pro/,699,USD,83880
Smartphone,Honor,90 SE,MediaTek Dimensity 900,8,256,,,,,4600,6.67,1200x2664,120,66,32MP,64MP,"The Honor 90 SE seamlessly blends aesthetics with performance, making it a versatile companion for daily tasks. It boasts an impressive architecture featuring the MediaTek Dimensity 900 processor, 8 of memory and a spacious 256.0 of internal storage to comfortably manage multitasking without bottlenecks. Users will appreciate the visual fidelity offered by a 6.67-inch display featuring a crisp 1200x2664 resolution featuring an ultra-smooth 120.0 refresh rate, perfect for streaming and reading. Practicality is further enhanced by a substantial 4600.0 cell, offering an excellent balance of longevity and comfort. Running naturally on a modern operating system, the Honor 90 SE is an outstanding technological investment.",,https://www.techspecs.info/honor-90/,399,USD,47880
Smartphone,Honor,X60,Qualcomm Snapdragon 6 Gen 1,6,128,,,,,5800,6.78,1080x2412,120,35,8MP,108MP,"Crafted to meet the demands of modern users, the Honor X60 is a feature-rich piece of engineering. It boasts an impressive architecture featuring the Qualcomm Snapdragon 6 Gen 1 processor, 6 of memory and a spacious 128.0 of internal storage to comfortably manage multitasking without bottlenecks. The device incorporates a 6.78-inch display featuring a crisp 1080x2412 resolution featuring an ultra-smooth 120.0 refresh rate, making it fantastic for media consumption and creative work. Physical endurance is addressed by a substantial 5800.0 cell, keeping you productive on the go. Ultimately, with its native software at the helm, the Honor X60 easily satisfies the rigorous demands of contemporary digital life.",,https://www.techspecs.info/honor-x60/,299,USD,35880
Smartphone,Honor,X60i,MediaTek Dimensity 6020,6,256,,,0.179,,4500,6.7,1080x2412,90,35,8MP,100MP,"For those seeking reliable technology, the Honor X60i stands out as a premium and dependable choice. The core of its performance lies in the MediaTek Dimensity 6020 processor, 6 of memory and a spacious 256.0 of internal storage, allowing users to navigate demanding workflows seamlessly. Its front panel is dominated by a 6.7-inch display featuring a crisp 1080x2412 resolution featuring an ultra-smooth 90.0 refresh rate, providing vibrant colors and sharp contrasts. For users constantly on the move, it features a long-lasting 4500.0 battery and an overall weight of just 0.179kg. Coupled with the intuitive pre-installed environment, the Honor X60i hits all the right notes for its category.",,https://www.techspecs.info/honor-x60i/,249,USD,29880
Smartphone,Honor,Play 9,MediaTek Helio G36,4,,,,0.191,,5000,6.52,1080x2340,,,5MP,13MP,"The Honor Play 9 emerges as a powerful solution designed to elevate your digital experience. Moving to performance, it is equipped with the MediaTek Helio G36 processor and 4 of memory, ensuring brisk responsiveness. Visuals are presented via a 6.52-inch display featuring a crisp 1080x2340 resolution, which guarantees an immersive viewing experience. For users constantly on the move, it features a long-lasting 5000.0 battery and a portable chassis weighing 0.191kg. Coupled with the intuitive pre-installed environment, the Honor Play 9 hits all the right notes for its category.",,https://phonesdata.com/en/smartphones/honor/play-5277/,149,USD,17880
Smartphone,Honor,Play 9T,MediaTek Dimensity 6100+,6,128,,,,,5200,6.74,720x1610,120,35,5MP,50MP,"Presenting the Honor Play 9T: a versatile device built for uncompromised productivity and entertainment. System operations are equipped with the MediaTek Dimensity 6100+ processor, 6 of memory and a spacious 128.0 of internal storage, providing the necessary bandwidth for intensive applications. The device incorporates a 6.74-inch display featuring a crisp 720x1610 resolution featuring an ultra-smooth 120.0 refresh rate, making it fantastic for media consumption and creative work. Physical endurance is addressed by a substantial 5200.0 cell, keeping you productive on the go. Coupled with the intuitive pre-installed environment, the Honor Play 9T hits all the right notes for its category.",,https://www.techspecs.info/honor-play-9t/,189,USD,22680
Smartphone,Honor,Magic7,Qualcomm Snapdragon 8 Gen 3,8,256,,,0.203,,5200,6.81,1264x2800,120,100,12MP,50MP,"Presenting the Honor Magic7: a reliable device built for uncompromised productivity and entertainment. It boasts an impressive architecture featuring the Qualcomm Snapdragon 8 Gen 3 processor, 8 of memory and a spacious 256.0 of internal storage to comfortably manage multitasking without bottlenecks. Users will appreciate the visual fidelity offered by a 6.81-inch display featuring a crisp 1264x2800 resolution featuring an ultra-smooth 120.0 refresh rate, perfect for streaming and reading. Physical endurance is addressed by an endurance-focused 5200.0 battery and an overall weight of just 0.203kg, keeping you productive on the go. Coupled with the intuitive pre-installed environment, the Honor Magic7 hits all the right notes for its category.",,https://phonespecs.net/specs/honor_magic7-13481.html; https://www.techspecs.info/honor-magic7/,1099,USD,131880
Smartphone,Honor,Magic7 Pro,Qualcomm Snapdragon 8 Gen 3,12,256,,,0.219,,5500,6.81,1280x2800,120,100,12MP,50MP,"Crafted to meet the demands of modern users, the Honor Magic7 Pro is a sophisticated piece of engineering. The core of its performance lies in the Qualcomm Snapdragon 8 Gen 3 processor, 12 of memory and a spacious 256.0 of internal storage, allowing users to navigate demanding workflows seamlessly. Visuals are presented via a 6.81-inch display featuring a crisp 1280x2800 resolution featuring an ultra-smooth 120.0 refresh rate, which guarantees an immersive viewing experience. Practicality is further enhanced by a long-lasting 5500.0 battery and a surprisingly light 0.219kg frame, offering an excellent balance of longevity and comfort. Operating on an efficient OS layer, this configuration positions the Honor Magic7 Pro as a highly capable daily driver.",,https://phonespecs.net/specs/honor_magic7_pro-13480.html; https://www.techspecs.info/honor-magic-7-pro/,1299,USD,155880
Smartphone,Honor,Magic7 Ultimate,Qualcomm Snapdragon 8 Gen 3,16,256,,,,,5550,6.81,1264x2800,120,100,12MP,50MP,"Crafted to meet the demands of modern users, the Honor Magic7 Ultimate is a feature-rich piece of engineering. In terms of hardware, it is fueled by the Qualcomm Snapdragon 8 Gen 3 processor, 16 of memory and a spacious 256.0 of internal storage, ensuring brisk responsiveness. Its front panel is dominated by a 6.81-inch display featuring a crisp 1264x2800 resolution featuring an ultra-smooth 120.0 refresh rate, providing vibrant colors and sharp contrasts. Practicality is further enhanced by a substantial 5550.0 cell, offering an excellent balance of longevity and comfort. Running naturally on a modern operating system, the Honor Magic7 Ultimate is an outstanding technological investment.",,https://phonespecs.net/specs/honor_magic7-13481.html; https://www.techspecs.info/honor-magic7/,1499,USD,179880
Smartphone,Honor,Magic V3,Qualcomm Snapdragon 8 Gen 2,12,256,,,0.231,,5000,7.92,2156x2344,120,66,16MP,50MP,"Crafted to meet the demands of modern users, the Honor Magic V3 is a powerful piece of engineering. As for its internals, it is fueled by the Qualcomm Snapdragon 8 Gen 2 processor, 12 of memory and a spacious 256.0 of internal storage, ensuring brisk responsiveness. Users will appreciate the visual fidelity offered by a 7.92-inch display featuring a crisp 2156x2344 resolution featuring an ultra-smooth 120.0 refresh rate, perfect for streaming and reading. It integrates a long-lasting 5000.0 battery and a portable chassis weighing 0.231kg to maximize mobility without sacrificing runtime. Ultimately, with its native software at the helm, the Honor Magic V3 easily satisfies the rigorous demands of contemporary digital life.",,https://www.techspecs.info/honor-magic-v3/,1899,USD,227880
Smartphone,Honor,Pad 6,Qualcomm Snapdragon 662,4,128,,,0.46,,5100,,1251x800,165,10,2MP,5MP,"The Honor Pad 6 emerges as a feature-rich solution designed to elevate your digital experience. As for its internals, it is powered by the Qualcomm Snapdragon 662 processor, 4 of memory and a spacious 128.0 of internal storage, ensuring brisk responsiveness. Visuals are showcased on a crisp 1251x800 resolution featuring an ultra-smooth 165.0 refresh rate, which guarantees an immersive viewing experience. For users constantly on the move, it features a substantial 5100.0 cell and a portable chassis weighing 0.46kg. Running naturally on a modern operating system, the Honor Pad 6 is an outstanding technological investment.",,https://www.gadgets360.com/honor-viewpad-6-price-in-india-93986; https://www.mobosdata.com/phone/honor-pad-6/; https://www.devicedecode.com/mobiles/honor-pad-6,199,USD,23880
Smartphone,Honor,Pad X6,MediaTek MT8768T,3,64,,,0.46,,5100,9.7,800x1280,,10,2MP,5MP,"Presenting the Honor Pad X6: a dynamic device built for uncompromised productivity and entertainment. System operations are powered by the MediaTek MT8768T processor, 3 of memory and a spacious 64.0 of internal storage, providing the necessary bandwidth for intensive applications. Users will appreciate the visual fidelity offered by a 9.7-inch display featuring a crisp 800x1280 resolution, perfect for streaming and reading. Physical endurance is addressed by an endurance-focused 5100.0 battery and a portable chassis weighing 0.46kg, keeping you productive on the go. Ultimately, with its native software at the helm, the Honor Pad X6 easily satisfies the rigorous demands of contemporary digital life.",,https://phonespecs.net/specs/honor_pad_x6-10425.html; https://www.mobosdata.com/phone/honor-pad-x6/,159,USD,19080
Smartphone,Honor,Pad 7,MediaTek Helio G80,4,128,,,0.46,,5100,,1536x757,120,10,2MP,5MP,"The Honor Pad 7 seamlessly blends aesthetics with performance, making it a feature-rich companion for daily tasks. Furthermore, it is powered by the MediaTek Helio G80 processor, 4 of memory and a spacious 128.0 of internal storage, ensuring brisk responsiveness. Users will appreciate the visual fidelity offered by a crisp 1536x757 resolution featuring an ultra-smooth 120.0 refresh rate, perfect for streaming and reading. For users constantly on the move, it features a substantial 5100.0 cell and a portable chassis weighing 0.46kg. Ultimately, with its native software at the helm, the Honor Pad 7 easily satisfies the rigorous demands of contemporary digital life.",,https://www.notebookcheck.net/Honor-Pad-7-An-affordable-tablet-with-a-10-1-inch-display-and-a-mid-range-MediaTek-SoC.529021.0.html; https://www.honor.com/global/tablets/honor-pad-x7/,229,USD,27480
Smartphone,Honor,Tablet V7,MediaTek Dimensity 800,6,128,,,0.48,,7250,,1200x2000,90,5,8MP,13MP,"The Honor Tablet V7 emerges as a versatile solution designed to elevate your digital experience. In terms of hardware, it is engineered around the MediaTek Dimensity 800 processor, 6 of memory and a spacious 128.0 of internal storage, ensuring brisk responsiveness. Visuals are showcased on a crisp 1200x2000 resolution featuring an ultra-smooth 90.0 refresh rate, which guarantees an immersive viewing experience. Physical endurance is addressed by a substantial 7250.0 cell and a portable chassis weighing 0.48kg, keeping you productive on the go. Operating on an efficient OS layer, this configuration positions the Honor Tablet V7 as a highly capable daily driver.",,https://www.cellsarena.com/phones/honor/honor-tablet-v7/specs; https://www.techoper.com/honor-tablet-v7,399,USD,47880
Smartphone,Honor,Tablet V7 Pro,MediaTek Dimensity 1300T,8,256,,,,,7250,,1600x2560,120,5,8MP,13MP,"The Honor Tablet V7 Pro seamlessly blends aesthetics with performance, making it a premium companion for daily tasks. As for its internals, it is equipped with the MediaTek Dimensity 1300T processor, 8 of memory and a spacious 256.0 of internal storage, ensuring brisk responsiveness. The device incorporates a crisp 1600x2560 resolution featuring an ultra-smooth 120.0 refresh rate, making it fantastic for media consumption and creative work. Practicality is further enhanced by a substantial 7250.0 cell, offering an excellent balance of longevity and comfort. Ultimately, with its native software at the helm, the Honor Tablet V7 Pro easily satisfies the rigorous demands of contemporary digital life.",,https://gsmfind.com/honor-tablet-v7-pro.html,499,USD,59880
Smartphone,Honor,Pad 8,Qualcomm Snapdragon 680,6,128,,,0.52,,7250,,1275x800,165,5,5MP,5MP,"The Honor Pad 8 seamlessly blends aesthetics with performance, making it a powerful companion for daily tasks. Additionally, it is engineered around the Qualcomm Snapdragon 680 processor, 6 of memory and a spacious 128.0 of internal storage, ensuring brisk responsiveness. The device incorporates a crisp 1275x800 resolution featuring an ultra-smooth 165.0 refresh rate, making it fantastic for media consumption and creative work. For users constantly on the move, it features a long-lasting 7250.0 battery and a surprisingly light 0.52kg frame. Ultimately, with its native software at the helm, the Honor Pad 8 easily satisfies the rigorous demands of contemporary digital life.",,https://www.gadgets360.com/honor-pad-8-price-in-india-112335; https://www.honor.com/global/tablets/honor-pad-8/; https://www.mobosdata.com/phone/honor-pad-8/,299,USD,35880
Smartphone,Honor,Pad X8,MediaTek Helio G80,4,128,,,0.46,,5100,,1200x1920,,,2MP,5MP,"Presenting the Honor Pad X8: a modern device built for uncompromised productivity and entertainment. System operations are powered by the MediaTek Helio G80 processor, 4 of memory and a spacious 128.0 of internal storage, providing the necessary bandwidth for intensive applications. Users will appreciate the visual fidelity offered by a crisp 1200x1920 resolution, perfect for streaming and reading. Practicality is further enhanced by a substantial 5100.0 cell and a portable chassis weighing 0.46kg, offering an excellent balance of longevity and comfort. Ultimately, with its native software at the helm, the Honor Pad X8 easily satisfies the rigorous demands of contemporary digital life.",,https://phonespecs.net/specs/honor_pad_x8-11889.html; https://www.gsmarena.com.bd/honor-pad-x8/,189,USD,22680
Smartphone,Honor,Pad X8 Lite,MediaTek MT8786,3,32,,,0.45,,5000,9.7,800x1280,60,,2MP,5MP,"The Honor Pad X8 Lite emerges as a reliable solution designed to elevate your digital experience. As for its internals, it is fueled by the MediaTek MT8786 processor, 3 of memory and a spacious 32.0 of internal storage, ensuring brisk responsiveness. Visuals are presented via a 9.7-inch display featuring a crisp 800x1280 resolution featuring an ultra-smooth 60.0 refresh rate, which guarantees an immersive viewing experience. Practicality is further enhanced by a substantial 5000.0 cell and an overall weight of just 0.45kg, offering an excellent balance of longevity and comfort. Operating on an efficient OS layer, this configuration positions the Honor Pad X8 Lite as a highly capable daily driver.",,https://phonespecs.net/specs/honor_pad_x8_lite-11890.html; https://www.mobosdata.com/phone/honor-pad-x8-lite/; https://www.techoper.com/honor-pad-x8-lite,149,USD,17880
Smartphone,Honor,Pad V8,MediaTek Dimensity 8020,6,256,,,0.51,,7250,,2560x1600,120,5,5MP,13MP,"Presenting the Honor Pad V8: a versatile device built for uncompromised productivity and entertainment. The core of its performance lies in the MediaTek Dimensity 8020 processor, 6 of memory and a spacious 256.0 of internal storage, allowing users to navigate demanding workflows seamlessly. Its front panel is dominated by a crisp 2560x1600 resolution featuring an ultra-smooth 120.0 refresh rate, providing vibrant colors and sharp contrasts. For users constantly on the move, it features an endurance-focused 7250.0 battery and an overall weight of just 0.51kg. Ultimately, with its native software at the helm, the Honor Pad V8 easily satisfies the rigorous demands of contemporary digital life.",,https://phonespecs.net/specs/honor_pad_v8-12248.html; https://specsinsight.com/honor-pad-v8/,449,USD,53880
Smartphone,Honor,Pad V8 Pro,MediaTek Dimensity 9000,8,256,,,0.53,,8500,,1600x2560,144,35,8MP,13MP,"Crafted to meet the demands of modern users, the Honor Pad V8 Pro is a sophisticated piece of engineering. As for its internals, it is fueled by the MediaTek Dimensity 9000 processor, 8 of memory and a spacious 256.0 of internal storage, ensuring brisk responsiveness. Its front panel is dominated by a crisp 1600x2560 resolution featuring an ultra-smooth 144.0 refresh rate, providing vibrant colors and sharp contrasts. It integrates an endurance-focused 8500.0 battery and a portable chassis weighing 0.53kg to maximize mobility without sacrificing runtime. Coupled with the intuitive pre-installed environment, the Honor Pad V8 Pro hits all the right notes for its category.",,https://specsinsight.com/honor-pad-v8-pro/,649,USD,77880
Smartphone,Honor,Pad 9,Qualcomm Snapdragon 6 Gen 1,8,256,,,0.55,,8300,,2560x1600,120,35,8MP,13MP,"The Honor Pad 9 seamlessly blends aesthetics with performance, making it a highly capable companion for daily tasks. As for its internals, it is engineered around the Qualcomm Snapdragon 6 Gen 1 processor, 8 of memory and a spacious 256.0 of internal storage, ensuring brisk responsiveness. Visuals are delivered through a crisp 2560x1600 resolution featuring an ultra-smooth 120.0 refresh rate, which guarantees an immersive viewing experience. For users constantly on the move, it features a substantial 8300.0 cell and a surprisingly light 0.55kg frame. Coupled with the intuitive pre-installed environment, the Honor Pad 9 hits all the right notes for its category.",,https://www.honor.com/global/tablets/honor-pad-9/; https://specsinsight.com/honor-pad-9/,399,USD,47880
Smartphone,Honor,Pad 9 Pro,MediaTek Dimensity 8100,12,256,,,0.56,,9000,,681x800,165,35,8MP,13MP,"Crafted to meet the demands of modern users, the Honor Pad 9 Pro is a dynamic piece of engineering. The core of its performance lies in the MediaTek Dimensity 8100 processor, 12 of memory and a spacious 256.0 of internal storage, allowing users to navigate demanding workflows seamlessly. The device incorporates a crisp 681x800 resolution featuring an ultra-smooth 165.0 refresh rate, making it fantastic for media consumption and creative work. For users constantly on the move, it features an endurance-focused 9000.0 battery and a surprisingly light 0.56kg frame. Ultimately, with its native software at the helm, the Honor Pad 9 Pro easily satisfies the rigorous demands of contemporary digital life.",,https://www.gadgets360.com/honor-pad-9-pro-price-in-india-126974; https://www.gsmarena.com.bd/specs/honor-pad-9-pro/; https://www.honor.com/global/tablets/honor-pad-9/,499,USD,59880
Smartphone,Honor,Pad X9,Qualcomm Snapdragon 685,6,,,,,,7250,,1200x2000,120,5,5MP,8MP,"For those seeking reliable technology, the Honor Pad X9 stands out as a feature-rich and dependable choice. System operations are driven by the Qualcomm Snapdragon 685 processor and 6 of memory, providing the necessary bandwidth for intensive applications. The device incorporates a crisp 1200x2000 resolution featuring an ultra-smooth 120.0 refresh rate, making it fantastic for media consumption and creative work. Physical endurance is addressed by an endurance-focused 7250.0 battery, keeping you productive on the go. Coupled with the intuitive pre-installed environment, the Honor Pad X9 hits all the right notes for its category.",,https://phonespecs.net/specs/honor_pad_x9-12404.html,299,USD,35880
Smartphone,Honor,Pad X8 Pro,MediaTek Helio G80,4,128,,,0.46,,5100,,1200x2000,120,,2MP,5MP,"For those seeking reliable technology, the Honor Pad X8 Pro stands out as a feature-rich and dependable choice. System operations are fueled by the MediaTek Helio G80 processor, 4 of memory and a spacious 128.0 of internal storage, providing the necessary bandwidth for intensive applications. Its front panel is dominated by a crisp 1200x2000 resolution featuring an ultra-smooth 120.0 refresh rate, providing vibrant colors and sharp contrasts. It integrates a substantial 5100.0 cell and a portable chassis weighing 0.46kg to maximize mobility without sacrificing runtime. Operating on an efficient OS layer, this configuration positions the Honor Pad X8 Pro as a highly capable daily driver.",,https://phonespecs.net/specs/honor_pad_x8_pro-12403.html; https://gsmfind.com/honor-pad-x8-pro.html,189,USD,22680
Smartphone,Honor,MagicPad 13,Qualcomm Snapdragon 8+ Gen 1,12,512,,,0.59,,10000,,2880x1840,144,66,8MP,13MP,"Presenting the Honor MagicPad 13: a dynamic device built for uncompromised productivity and entertainment. Furthermore, it is equipped with the Qualcomm Snapdragon 8+ Gen 1 processor, 12 of memory and a spacious 512.0 of internal storage, ensuring brisk responsiveness. Users will appreciate the visual fidelity offered by a crisp 2880x1840 resolution featuring an ultra-smooth 144.0 refresh rate, perfect for streaming and reading. Physical endurance is addressed by a substantial 10000.0 cell and a portable chassis weighing 0.59kg, keeping you productive on the go. Ultimately, with its native software at the helm, the Honor MagicPad 13 easily satisfies the rigorous demands of contemporary digital life.",,https://specsinsight.com/honor-magicpad-13/,799,USD,95880
Smartphone,Honor,MagicPad 2,Qualcomm Snapdragon 8 Gen 2,16,1024,,,0.58,,10500,,676x800,165,66,12MP,16MP,"Presenting the Honor MagicPad 2: a highly capable device built for uncompromised productivity and entertainment. It boasts an impressive architecture featuring the Qualcomm Snapdragon 8 Gen 2 processor, 16 of memory and a spacious 1024.0 of internal storage to comfortably manage multitasking without bottlenecks. Users will appreciate the visual fidelity offered by a crisp 676x800 resolution featuring an ultra-smooth 165.0 refresh rate, perfect for streaming and reading. Practicality is further enhanced by a substantial 10500.0 cell and a surprisingly light 0.58kg frame, offering an excellent balance of longevity and comfort. Ultimately, with its native software at the helm, the Honor MagicPad 2 easily satisfies the rigorous demands of contemporary digital life.",,https://www.gadgets360.com/honor-magicpad-2-price-in-india-126973; https://phonespecs.net/specs/honor_magicpad_2_12_3-13205.html; https://specsinsight.com/honor-magicpad-2-12-3/,899,USD,107880
Smartphone,Honor,Pad X8a,MediaTek MT8786,4,,,,0.45,,5000,9.7,1200x1920,90,,2MP,5MP,"The Honor Pad X8a emerges as a highly capable solution designed to elevate your digital experience. It boasts an impressive architecture featuring the MediaTek MT8786 processor and 4 of memory to comfortably manage multitasking without bottlenecks. The device incorporates a 9.7-inch display featuring a crisp 1200x1920 resolution featuring an ultra-smooth 90.0 refresh rate, making it fantastic for media consumption and creative work. Physical endurance is addressed by an endurance-focused 5000.0 battery and an overall weight of just 0.45kg, keeping you productive on the go. Operating on an efficient OS layer, this configuration positions the Honor Pad X8a as a highly capable daily driver.",,https://phonespecs.net/specs/honor_pad_x8a-13259.html,149,USD,17880
Smartphone,Honor,Pad X8a Kids Edition,MediaTek MT8786,3,,,,0.46,,5100,9.7,1920x1200,90,,2MP,5MP,"Crafted to meet the demands of modern users, the Honor Pad X8a Kids Edition is a premium piece of engineering. System operations are fueled by the MediaTek MT8786 processor and 3 of memory, providing the necessary bandwidth for intensive applications. Visuals are handled by a 9.7-inch display featuring a crisp 1920x1200 resolution featuring an ultra-smooth 90.0 refresh rate, which guarantees an immersive viewing experience. Physical endurance is addressed by an endurance-focused 5100.0 battery and a surprisingly light 0.46kg frame, keeping you productive on the go. Operating on an efficient OS layer, this configuration positions the Honor Pad X8a Kids Edition as a highly capable daily driver.",,https://www.honor.com/global/tablets/honor-pad-x8a-kids/,129,USD,15480
Smartphone,Honor,Pad X9 Pro,Qualcomm Snapdragon 7s Gen 2,8,256,,,,,8000,,681x800,165,35,8MP,13MP,"The Honor Pad X9 Pro seamlessly blends aesthetics with performance, making it a sophisticated companion for daily tasks. The core of its performance lies in the Qualcomm Snapdragon 7s Gen 2 processor, 8 of memory and a spacious 256.0 of internal storage, allowing users to navigate demanding workflows seamlessly. Visuals are presented via a crisp 681x800 resolution featuring an ultra-smooth 165.0 refresh rate, which guarantees an immersive viewing experience. It integrates a substantial 8000.0 cell to maximize mobility without sacrificing runtime. Ultimately, with its native software at the helm, the Honor Pad X9 Pro easily satisfies the rigorous demands of contemporary digital life.",,https://www.gadgets360.com/honor-pad-x9-pro-price-in-india-130287; https://www.gadgets360.com/tablets/news/honor-tablet-x9-pro-price-availability-specifications-features-china-launch-7369649,399,USD,47880
Smartphone,Honor,Pad V9,MediaTek Dimensity 9000,8,512,,,0.53,,8500,,2800x1840,144,35,8MP,13MP,"Crafted to meet the demands of modern users, the Honor Pad V9 is a feature-rich piece of engineering. As for its internals, it is equipped with the MediaTek Dimensity 9000 processor, 8 of memory and a spacious 512.0 of internal storage, ensuring brisk responsiveness. Users will appreciate the visual fidelity offered by a crisp 2800x1840 resolution featuring an ultra-smooth 144.0 refresh rate, perfect for streaming and reading. It integrates a long-lasting 8500.0 battery and a portable chassis weighing 0.53kg to maximize mobility without sacrificing runtime. Coupled with the intuitive pre-installed environment, the Honor Pad V9 hits all the right notes for its category.",,https://phonespecs.net/specs/honor_pad_v9-13568.html; https://specsinsight.com/honor-pad-v9/,649,USD,77880
Smartphone,Honor,Pad GT Pro,Qualcomm Snapdragon 8 Gen 3,12,512,,,0.61,,10500,,1920x3000,144,66,12MP,16MP,"The Honor Pad GT Pro emerges as a modern solution designed to elevate your digital experience. Furthermore, it is equipped with the Qualcomm Snapdragon 8 Gen 3 processor, 12 of memory and a spacious 512.0 of internal storage, ensuring brisk responsiveness. The device incorporates a crisp 1920x3000 resolution featuring an ultra-smooth 144.0 refresh rate, making it fantastic for media consumption and creative work. Practicality is further enhanced by a long-lasting 10500.0 battery and a surprisingly light 0.61kg frame, offering an excellent balance of longevity and comfort. Running naturally on a modern operating system, the Honor Pad GT Pro is an outstanding technological investment.",,https://phonespecs.net/specs/honor_pad_gt_pro-13417.html; https://specsinsight.com/honor-pad-gt-pro/,999,USD,119880
Smartphone,Honor,Pad X10,Qualcomm Snapdragon 685,6,,,,,,8850,,,,,5MP,8MP,"Crafted to meet the demands of modern users, the Honor Pad X10 is a sophisticated piece of engineering. Furthermore, it is engineered around the Qualcomm Snapdragon 685 processor and 6 of memory, ensuring brisk responsiveness. Practicality is further enhanced by a substantial 8850.0 cell, offering an excellent balance of longevity and comfort. Operating on an efficient OS layer, this configuration positions the Honor Pad X10 as a highly capable daily driver.",,,399,USD,47880
Smartphone,Honor,Pad X10 Pro,Qualcomm Snapdragon 7s Gen 2,8,,,,,,9000,,,,,8MP,13MP,"The Honor Pad X10 Pro emerges as a powerful solution designed to elevate your digital experience. System operations are engineered around the Qualcomm Snapdragon 7s Gen 2 processor and 8 of memory, providing the necessary bandwidth for intensive applications. Practicality is further enhanced by a long-lasting 9000.0 battery, offering an excellent balance of longevity and comfort. Running naturally on a modern operating system, the Honor Pad X10 Pro is an outstanding technological investment.",,,499,USD,59880
Smartphone,Honor,MagicPad 3,Qualcomm Snapdragon 8 Gen 3,12,,,,0.59,,10500,,2136x3200,165,66,12MP,16MP,"The Honor MagicPad 3 emerges as a sophisticated solution designed to elevate your digital experience. The core of its performance lies in the Qualcomm Snapdragon 8 Gen 3 processor and 12 of memory, allowing users to navigate demanding workflows seamlessly. Users will appreciate the visual fidelity offered by a crisp 2136x3200 resolution featuring an ultra-smooth 165.0 refresh rate, perfect for streaming and reading. Physical endurance is addressed by an endurance-focused 10500.0 battery and a surprisingly light 0.59kg frame, keeping you productive on the go. Ultimately, with its native software at the helm, the Honor MagicPad 3 easily satisfies the rigorous demands of contemporary digital life.",,https://phonespecs.net/specs/honor_magicpad_3-14016.html,799,USD,95880
Smartphone,Honor,Pad V10,MediaTek Dimensity 9000,8,128,,,0.53,,8500,,1027x800,165,35,8MP,13MP,"The Honor Pad V10 seamlessly blends aesthetics with performance, making it a sophisticated companion for daily tasks. The core of its performance lies in the MediaTek Dimensity 9000 processor, 8 of memory and a spacious 128.0 of internal storage, allowing users to navigate demanding workflows seamlessly. The device incorporates a crisp 1027x800 resolution featuring an ultra-smooth 165.0 refresh rate, making it fantastic for media consumption and creative work. Physical endurance is addressed by a substantial 8500.0 cell and a surprisingly light 0.53kg frame, keeping you productive on the go. Operating on an efficient OS layer, this configuration positions the Honor Pad V10 as a highly capable daily driver.",,https://www.gadgets360.com/honor-pad-10-price-in-india-132655; https://www.pinoytechnoguide.com/tablets/honor-pad-10; https://us.mobileinto.com/Honor-Pad-V10/,649,USD,77880
Smartphone,POCO,F2 Pro 128GB,Snapdragon 865,6,128,,,0.219,,4700,6.67,1080x2400,60,30,20MP,64MP,"Presenting the POCO F2 Pro 128GB: a sophisticated device built for uncompromised productivity and entertainment. It boasts an impressive architecture featuring the Snapdragon 865 processor, 6 of memory and a spacious 128.0 of internal storage to comfortably manage multitasking without bottlenecks. The device incorporates a 6.67-inch display featuring a crisp 1080x2400 resolution featuring an ultra-smooth 60.0 refresh rate, making it fantastic for media consumption and creative work. For users constantly on the move, it features a substantial 4700.0 cell and a portable chassis weighing 0.219kg. Running naturally on a modern operating system, the POCO F2 Pro 128GB is an outstanding technological investment.",,https://www.mi.com/uk/poco-f2-pro/specs; https://phonespecs.net/specs/xiaomi_poco_f2_pro-10220.html; https://xiaomiui.net/smartphones/poco-f2-pro/,499,USD,59880
Smartphone,POCO,M2 Pro 64GB,Snapdragon 720G,4,128,,,0.209,,5000,6.67,2400x1080,60,33,16MP,48MP,"The POCO M2 Pro 64GB emerges as a powerful solution designed to elevate your digital experience. System operations are engineered around the Snapdragon 720G processor, 4 of memory and a spacious 128.0 of internal storage, providing the necessary bandwidth for intensive applications. Its front panel is dominated by a 6.67-inch display featuring a crisp 2400x1080 resolution featuring an ultra-smooth 60.0 refresh rate, providing vibrant colors and sharp contrasts. For users constantly on the move, it features an endurance-focused 5000.0 battery and a surprisingly light 0.209kg frame. Coupled with the intuitive pre-installed environment, the POCO M2 Pro 64GB hits all the right notes for its category.",,https://www.mi.com/bd/poco-m2-pro/specs/; https://phonespecs.net/specs/xiaomi_poco_m2_pro-10318.html; https://www.mobosdata.com/phone/xiaomi-poco-m2-pro/; https://xiaomiui.net/smartphones/xiaomi-poco-m2-pro/,199,USD,23880
Smartphone,POCO,X3 NFC 128GB,Snapdragon 732G,6,64,,,,,5160,6.67,2400x1080,120,33,20MP,64MP,"The POCO X3 NFC 128GB seamlessly blends aesthetics with performance, making it a feature-rich companion for daily tasks. The core of its performance lies in the Snapdragon 732G processor, 6 of memory and a spacious 64.0 of internal storage, allowing users to navigate demanding workflows seamlessly. Visuals are rendered on a 6.67-inch display featuring a crisp 2400x1080 resolution featuring an ultra-smooth 120.0 refresh rate, which guarantees an immersive viewing experience. Physical endurance is addressed by an endurance-focused 5160.0 battery, keeping you productive on the go. Operating on an efficient OS layer, this configuration positions the POCO X3 NFC 128GB as a highly capable daily driver.",,https://www.mi.com/uk/poco-x3-nfc/specs/; https://xiaomiadvices.com/phones/xiaomi-poco-x3-nfc-pida1a9gz4y/; https://www.mobiledokan.com/mobile/xiaomi-poco-x3-nfc,229,USD,27480
Smartphone,POCO,M3 64GB,Snapdragon 662,4,128,,,0.198,,6000,6.53,278x800,165,33,8MP,48MP,"For those seeking reliable technology, the POCO M3 64GB stands out as a sophisticated and dependable choice. Under the hood, it is powered by the Snapdragon 662 processor, 4 of memory and a spacious 128.0 of internal storage, ensuring brisk responsiveness. Visuals are delivered through a 6.53-inch display featuring a crisp 278x800 resolution featuring an ultra-smooth 165.0 refresh rate, which guarantees an immersive viewing experience. Physical endurance is addressed by a long-lasting 6000.0 battery and an overall weight of just 0.198kg, keeping you productive on the go. Coupled with the intuitive pre-installed environment, the POCO M3 64GB hits all the right notes for its category.",,https://www.gadgets360.com/poco-m3-price-in-india-98526; https://xiaomiui.net/smartphones/poco-m3/,149,USD,17880
Smartphone,POCO,F3 128GB,Snapdragon 870,6,256,,,0.196,,4520,6.67,2400x1080,120,33,20MP,48MP,"Crafted to meet the demands of modern users, the POCO F3 128GB is a reliable piece of engineering. As for its internals, it is powered by the Snapdragon 870 processor, 6 of memory and a spacious 256.0 of internal storage, ensuring brisk responsiveness. Its front panel is dominated by a 6.67-inch display featuring a crisp 2400x1080 resolution featuring an ultra-smooth 120.0 refresh rate, providing vibrant colors and sharp contrasts. It integrates a long-lasting 4520.0 battery and an overall weight of just 0.196kg to maximize mobility without sacrificing runtime. Running naturally on a modern operating system, the POCO F3 128GB is an outstanding technological investment.",,https://www.mi.com/pk/product/poco-f3/specs/; https://www.mobosdata.com/phone/poco-f3/,349,USD,41880
Smartphone,POCO,X3 Pro 128GB,Snapdragon 860,6,,,,,,5160,6.67,2400x1080,120,33,20MP,48MP,"For those seeking reliable technology, the POCO X3 Pro 128GB stands out as a powerful and dependable choice. System operations are powered by the Snapdragon 860 processor and 6 of memory, providing the necessary bandwidth for intensive applications. Visuals are rendered on a 6.67-inch display featuring a crisp 2400x1080 resolution featuring an ultra-smooth 120.0 refresh rate, which guarantees an immersive viewing experience. Practicality is further enhanced by a substantial 5160.0 cell, offering an excellent balance of longevity and comfort. Coupled with the intuitive pre-installed environment, the POCO X3 Pro 128GB hits all the right notes for its category.",,https://www.mi.com/sg/product/poco-x3-pro/specs/,249,USD,29880
Smartphone,POCO,M3 Pro 5G 64GB,MediaTek Dimensity 700,4,128,,,0.19,,5000,6.5,2400x1080,90,18,8MP,48MP,"The POCO M3 Pro 5G 64GB emerges as a sophisticated solution designed to elevate your digital experience. It boasts an impressive architecture featuring the MediaTek Dimensity 700 processor, 4 of memory and a spacious 128.0 of internal storage to comfortably manage multitasking without bottlenecks. Visuals are handled by a 6.5-inch display featuring a crisp 2400x1080 resolution featuring an ultra-smooth 90.0 refresh rate, which guarantees an immersive viewing experience. For users constantly on the move, it features a long-lasting 5000.0 battery and an overall weight of just 0.19kg. Ultimately, with its native software at the helm, the POCO M3 Pro 5G 64GB easily satisfies the rigorous demands of contemporary digital life.",,https://www.mi.com/sg/product/poco-m3-pro-5g/specs/; https://www.cellsarena.com/phones/xiaomi/xiaomi-poco-m3-pro-5g/specs,199,USD,23880
Smartphone,POCO,F3 GT 128GB,MediaTek Dimensity 1200,6,256,,,,,5065,6.67,1080x2400,120,67,16MP,64MP,"The POCO F3 GT 128GB seamlessly blends aesthetics with performance, making it a dynamic companion for daily tasks. The core of its performance lies in the MediaTek Dimensity 1200 processor, 6 of memory and a spacious 256.0 of internal storage, allowing users to navigate demanding workflows seamlessly. Users will appreciate the visual fidelity offered by a 6.67-inch display featuring a crisp 1080x2400 resolution featuring an ultra-smooth 120.0 refresh rate, perfect for streaming and reading. For users constantly on the move, it features an endurance-focused 5065.0 battery. Operating on an efficient OS layer, this configuration positions the POCO F3 GT 128GB as a highly capable daily driver.",,https://phonespecs.net/specs/xiaomi_poco_f3_gt-10886.html; https://specsinsight.com/poco-f3-gt/,399,USD,47880
Smartphone,POCO,X3 GT 128GB,MediaTek Dimensity 1100,6,128,,,0.193,,5000,6.6,2400x1080,120,67,16MP,64MP,"The POCO X3 GT 128GB seamlessly blends aesthetics with performance, making it a reliable companion for daily tasks. System operations are powered by the MediaTek Dimensity 1100 processor, 6 of memory and a spacious 128.0 of internal storage, providing the necessary bandwidth for intensive applications. Users will appreciate the visual fidelity offered by a 6.6-inch display featuring a crisp 2400x1080 resolution featuring an ultra-smooth 120.0 refresh rate, perfect for streaming and reading. For users constantly on the move, it features a substantial 5000.0 cell and an overall weight of just 0.193kg. Operating on an efficient OS layer, this configuration positions the POCO X3 GT 128GB as a highly capable daily driver.",,https://www.mi.com/sg/product/poco-x3-gt/specs/; https://www.techspecs.info/poco-x3-gt/,279,USD,33480
Smartphone,POCO,M4 Pro 5G 128GB,MediaTek Dimensity 810,4,,,,,,5000,6.6,2400x1080,90,,16MP,50MP,"Presenting the POCO M4 Pro 5G 128GB: a modern device built for uncompromised productivity and entertainment. System operations are powered by the MediaTek Dimensity 810 processor and 4 of memory, providing the necessary bandwidth for intensive applications. The device incorporates a 6.6-inch display featuring a crisp 2400x1080 resolution featuring an ultra-smooth 90.0 refresh rate, making it fantastic for media consumption and creative work. Physical endurance is addressed by an endurance-focused 5000.0 battery, keeping you productive on the go. Coupled with the intuitive pre-installed environment, the POCO M4 Pro 5G 128GB hits all the right notes for its category.",,https://www.mi.com/sg/product/poco-m4-pro-5g/specs/,219,USD,26280
Smartphone,POCO,F4 128GB,Snapdragon 870,6,128,,,,,4500,6.67,2400x1080,120,67,20MP,64MP,"The POCO F4 128GB emerges as a modern solution designed to elevate your digital experience. The core of its performance lies in the Snapdragon 870 processor, 6 of memory and a spacious 128.0 of internal storage, allowing users to navigate demanding workflows seamlessly. Visuals are handled by a 6.67-inch display featuring a crisp 2400x1080 resolution featuring an ultra-smooth 120.0 refresh rate, which guarantees an immersive viewing experience. It integrates a substantial 4500.0 cell to maximize mobility without sacrificing runtime. Ultimately, with its native software at the helm, the POCO F4 128GB easily satisfies the rigorous demands of contemporary digital life.",,https://www.mi.com/mx/product/poco-f4/specs/; https://www.gadgets360.com/poco-f4-5g-price-in-india-109826; https://specsinsight.com/poco-f4/,349,USD,41880
Smartphone,POCO,F4 GT 128GB,Snapdragon 8 Gen 1,8,256,,,0.21,,4700,6.67,1080x2400,120,120,20MP,64MP,"The POCO F4 GT 128GB emerges as a powerful solution designed to elevate your digital experience. Under the hood, it is engineered around the Snapdragon 8 Gen 1 processor, 8 of memory and a spacious 256.0 of internal storage, ensuring brisk responsiveness. Its front panel is dominated by a 6.67-inch display featuring a crisp 1080x2400 resolution featuring an ultra-smooth 120.0 refresh rate, providing vibrant colors and sharp contrasts. It integrates an endurance-focused 4700.0 battery and a portable chassis weighing 0.21kg to maximize mobility without sacrificing runtime. Ultimately, with its native software at the helm, the POCO F4 GT 128GB easily satisfies the rigorous demands of contemporary digital life.",,https://www.mi.com/pk/product/poco-f4-gt/specs/; https://phonespecs.net/specs/xiaomi_poco_f4_gt-11479.html; https://www.mobosdata.com/phone/xiaomi-poco-f4-gt/,499,USD,59880
Smartphone,POCO,X4 Pro 5G 128GB,Snapdragon 695,6,64,,,,,5000,6.67,2400x1080,120,67,16MP,108MP,"Presenting the POCO X4 Pro 5G 128GB: a feature-rich device built for uncompromised productivity and entertainment. System operations are fueled by the Snapdragon 695 processor, 6 of memory and a spacious 64.0 of internal storage, providing the necessary bandwidth for intensive applications. The device incorporates a 6.67-inch display featuring a crisp 2400x1080 resolution featuring an ultra-smooth 120.0 refresh rate, making it fantastic for media consumption and creative work. For users constantly on the move, it features an endurance-focused 5000.0 battery. Coupled with the intuitive pre-installed environment, the POCO X4 Pro 5G 128GB hits all the right notes for its category.",,https://www.mi.com/uk/product/poco-x4-pro-5g/specs/; https://phonespecs.net/specs/xiaomi_poco_x4_pro_5g-11371.html; https://www.gadgets360.com/poco-x4-pro-5g-price-in-india-106350,299,USD,35880
Smartphone,POCO,M4 Pro 128GB,MediaTek Helio G96,6,,,,0.179,,5000,6.43,2400x1080,90,33,16MP,64MP,"Crafted to meet the demands of modern users, the POCO M4 Pro 128GB is a powerful piece of engineering. It boasts an impressive architecture featuring the MediaTek Helio G96 processor and 6 of memory to comfortably manage multitasking without bottlenecks. Visuals are handled by a 6.43-inch display featuring a crisp 2400x1080 resolution featuring an ultra-smooth 90.0 refresh rate, which guarantees an immersive viewing experience. It integrates a long-lasting 5000.0 battery and a surprisingly light 0.179kg frame to maximize mobility without sacrificing runtime. Ultimately, with its native software at the helm, the POCO M4 Pro 128GB easily satisfies the rigorous demands of contemporary digital life.",,https://www.mi.com/sg/product/poco-m4-pro/specs/; https://phonespecs.net/specs/xiaomi_poco_m4_pro-11388.html,219,USD,26280
Smartphone,POCO,M5 128GB,MediaTek Helio G99,4,128,,,0.201,,5000,6.58,1080x2408,90,18,5MP,50MP,"The POCO M5 128GB seamlessly blends aesthetics with performance, making it a powerful companion for daily tasks. Furthermore, it is engineered around the MediaTek Helio G99 processor, 4 of memory and a spacious 128.0 of internal storage, ensuring brisk responsiveness. Visuals are delivered through a 6.58-inch display featuring a crisp 1080x2408 resolution featuring an ultra-smooth 90.0 refresh rate, which guarantees an immersive viewing experience. Physical endurance is addressed by a substantial 5000.0 cell and an overall weight of just 0.201kg, keeping you productive on the go. Operating on an efficient OS layer, this configuration positions the POCO M5 128GB as a highly capable daily driver.",,https://www.mi.com/sg/product/poco-m5/specs/; https://xiaomiui.net/smartphones/poco-m5/; https://specsinsight.com/poco-m5/,199,USD,23880
Smartphone,POCO,M5s 128GB,MediaTek Helio G95,4,128,,,0.179,,5000,6.43,1080x2400,60,33,13MP,64MP,"Presenting the POCO M5s 128GB: a highly capable device built for uncompromised productivity and entertainment. Under the hood, it is equipped with the MediaTek Helio G95 processor, 4 of memory and a spacious 128.0 of internal storage, ensuring brisk responsiveness. Its front panel is dominated by a 6.43-inch display featuring a crisp 1080x2400 resolution featuring an ultra-smooth 60.0 refresh rate, providing vibrant colors and sharp contrasts. Physical endurance is addressed by a substantial 5000.0 cell and an overall weight of just 0.179kg, keeping you productive on the go. Operating on an efficient OS layer, this configuration positions the POCO M5s 128GB as a highly capable daily driver.",,https://www.mi.com/global/product/poco-m5s/specs/; https://phonespecs.net/specs/xiaomi_poco_m5s-11832.html; https://xiaomiui.net/smartphones/poco-m5s/; https://www.mobosdata.com/phone/xiaomi-poco-m5s/,229,USD,27480
Smartphone,POCO,F5 128GB,Snapdragon 7+ Gen 2,6,256,,,0.181,,5000,6.67,2400x1080,120,67,16MP,64MP,"For those seeking reliable technology, the POCO F5 128GB stands out as a dynamic and dependable choice. Additionally, it is powered by the Snapdragon 7+ Gen 2 processor, 6 of memory and a spacious 256.0 of internal storage, ensuring brisk responsiveness. Visuals are presented via a 6.67-inch display featuring a crisp 2400x1080 resolution featuring an ultra-smooth 120.0 refresh rate, which guarantees an immersive viewing experience. For users constantly on the move, it features a long-lasting 5000.0 battery and a portable chassis weighing 0.181kg. Coupled with the intuitive pre-installed environment, the POCO F5 128GB hits all the right notes for its category.",,https://www.mi.com/global/product/poco-f5/; https://www.mi.com/global/product/poco-f5/specs/; https://phonespecs.net/specs/xiaomi_poco_f5-12258.html; https://www.techspecs.info/poco-f5/,349,USD,41880
Smartphone,POCO,F5 Pro 256GB,Snapdragon 8+ Gen 1,8,,,,,,5160,6.67,3200x1440,120,30,20MP,64MP,"Crafted to meet the demands of modern users, the POCO F5 Pro 256GB is a highly capable piece of engineering. System operations are driven by the Snapdragon 8+ Gen 1 processor and 8 of memory, providing the necessary bandwidth for intensive applications. The device incorporates a 6.67-inch display featuring a crisp 3200x1440 resolution featuring an ultra-smooth 120.0 refresh rate, making it fantastic for media consumption and creative work. It integrates an endurance-focused 5160.0 battery to maximize mobility without sacrificing runtime. Ultimately, with its native software at the helm, the POCO F5 Pro 256GB easily satisfies the rigorous demands of contemporary digital life.",,https://www.mi.com/global/product/poco-f5-pro/specs/,499,USD,59880
Smartphone,POCO,X5 128GB,Snapdragon 695,6,128,,,0.189,,5000,6.67,2400x1080,120,33,13MP,48MP,"Presenting the POCO X5 128GB: a modern device built for uncompromised productivity and entertainment. It boasts an impressive architecture featuring the Snapdragon 695 processor, 6 of memory and a spacious 128.0 of internal storage to comfortably manage multitasking without bottlenecks. Visuals are showcased on a 6.67-inch display featuring a crisp 2400x1080 resolution featuring an ultra-smooth 120.0 refresh rate, which guarantees an immersive viewing experience. Practicality is further enhanced by a substantial 5000.0 cell and a surprisingly light 0.189kg frame, offering an excellent balance of longevity and comfort. Coupled with the intuitive pre-installed environment, the POCO X5 128GB hits all the right notes for its category.",,https://www.mi.com/ae-en/product/poco-x5-5g/specs/; https://www.gadgets360.com/poco-x5-price-in-india-115771,279,USD,33480
Smartphone,POCO,X5 Pro 128GB,Snapdragon 778G,6,128,,,0.181,,5000,6.67,2400x1080,120,67,16MP,108MP,"The POCO X5 Pro 128GB emerges as a sophisticated solution designed to elevate your digital experience. It boasts an impressive architecture featuring the Snapdragon 778G processor, 6 of memory and a spacious 128.0 of internal storage to comfortably manage multitasking without bottlenecks. Users will appreciate the visual fidelity offered by a 6.67-inch display featuring a crisp 2400x1080 resolution featuring an ultra-smooth 120.0 refresh rate, perfect for streaming and reading. For users constantly on the move, it features a long-lasting 5000.0 battery and a surprisingly light 0.181kg frame. Ultimately, with its native software at the helm, the POCO X5 Pro 128GB easily satisfies the rigorous demands of contemporary digital life.",,https://www.mi.com/global/product/poco-x5-pro-5g/specs/; https://www.gadgets360.com/poco-x5-pro-price-in-india-115578,329,USD,39480
Smartphone,POCO,M6 64GB,MediaTek Helio G88,4,64,,,0.199,,5000,6.58,2460x1080,90,33,8MP,50MP,"For those seeking reliable technology, the POCO M6 64GB stands out as a premium and dependable choice. It boasts an impressive architecture featuring the MediaTek Helio G88 processor, 4 of memory and a spacious 64.0 of internal storage to comfortably manage multitasking without bottlenecks. Its front panel is dominated by a 6.58-inch display featuring a crisp 2460x1080 resolution featuring an ultra-smooth 90.0 refresh rate, providing vibrant colors and sharp contrasts. It integrates an endurance-focused 5000.0 battery and a surprisingly light 0.199kg frame to maximize mobility without sacrificing runtime. Operating on an efficient OS layer, this configuration positions the POCO M6 64GB as a highly capable daily driver.",,https://www.mi.com/global/product/poco-m6/specs/; https://www.gadgets360.com/poco-m6-5g-price-in-india-123257,199,USD,23880
Smartphone,POCO,M6 Pro 128GB,Snapdragon 4 Gen 1,6,256,,,0.202,,5000,6.79,2400x1080,120,67,8MP,50MP,"For those seeking reliable technology, the POCO M6 Pro 128GB stands out as a highly capable and dependable choice. System operations are equipped with the Snapdragon 4 Gen 1 processor, 6 of memory and a spacious 256.0 of internal storage, providing the necessary bandwidth for intensive applications. Visuals are rendered on a 6.79-inch display featuring a crisp 2400x1080 resolution featuring an ultra-smooth 120.0 refresh rate, which guarantees an immersive viewing experience. Physical endurance is addressed by a substantial 5000.0 cell and a surprisingly light 0.202kg frame, keeping you productive on the go. Coupled with the intuitive pre-installed environment, the POCO M6 Pro 128GB hits all the right notes for its category.",,https://www.mi.com/global/product/poco-m6-pro/specs/; https://www.techspecs.info/poco-m6-pro/,219,USD,26280
Smartphone,POCO,X6 128GB,MediaTek Dimensity 8100,6,512,,,0.193,,5000,6.67,1220x2712,120,67,16MP,64MP,"The POCO X6 128GB seamlessly blends aesthetics with performance, making it a sophisticated companion for daily tasks. Furthermore, it is powered by the MediaTek Dimensity 8100 processor, 6 of memory and a spacious 512.0 of internal storage, ensuring brisk responsiveness. The device incorporates a 6.67-inch display featuring a crisp 1220x2712 resolution featuring an ultra-smooth 120.0 refresh rate, making it fantastic for media consumption and creative work. Physical endurance is addressed by a substantial 5000.0 cell and a portable chassis weighing 0.193kg, keeping you productive on the go. Coupled with the intuitive pre-installed environment, the POCO X6 128GB hits all the right notes for its category.",,https://www.mi.com/global/product/poco-x6/specs/; https://phonesdata.com/en/smartphones/xiaomi/poco-x6-5464860/; https://www.po.co/global/product/poco-x6/,349,USD,41880
Smartphone,POCO,X6 Pro 256GB,MediaTek Dimensity 8300,8,512,,,,,5000,6.67,1220x2712,120,67,20MP,108MP,"Presenting the POCO X6 Pro 256GB: a reliable device built for uncompromised productivity and entertainment. The core of its performance lies in the MediaTek Dimensity 8300 processor, 8 of memory and a spacious 512.0 of internal storage, allowing users to navigate demanding workflows seamlessly. Users will appreciate the visual fidelity offered by a 6.67-inch display featuring a crisp 1220x2712 resolution featuring an ultra-smooth 120.0 refresh rate, perfect for streaming and reading. Practicality is further enhanced by a long-lasting 5000.0 battery, offering an excellent balance of longevity and comfort. Coupled with the intuitive pre-installed environment, the POCO X6 Pro 256GB hits all the right notes for its category.",,https://www.mi.com/global/product/poco-x6-pro/specs/; https://www.mi.com/uk/product/poco-x6-pro/; https://xiaomiui.net/smartphones/poco-x6-pro/; https://specsinsight.com/poco-x6-pro/,399,USD,47880
Smartphone,POCO,F6 128GB,Snapdragon 8 Gen 2,6,,,,0.19,,5000,6.67,2712x1220,120,90,20MP,64MP,"For those seeking reliable technology, the POCO F6 128GB stands out as a modern and dependable choice. System operations are driven by the Snapdragon 8 Gen 2 processor and 6 of memory, providing the necessary bandwidth for intensive applications. Its front panel is dominated by a 6.67-inch display featuring a crisp 2712x1220 resolution featuring an ultra-smooth 120.0 refresh rate, providing vibrant colors and sharp contrasts. Physical endurance is addressed by a substantial 5000.0 cell and a portable chassis weighing 0.19kg, keeping you productive on the go. Operating on an efficient OS layer, this configuration positions the POCO F6 128GB as a highly capable daily driver.",,https://www.mi.com/global/product/poco-f6/specs/; https://phonesdata.com/en/smartphones/xiaomi/poco-f6-5464975/,449,USD,53880
Smartphone,POCO,F6 Pro 256GB,Snapdragon 8+ Gen 2,8,256,,,0.21,,5160,6.67,3200x1440,120,120,20MP,108MP,"Presenting the POCO F6 Pro 256GB: a highly capable device built for uncompromised productivity and entertainment. Moving to performance, it is equipped with the Snapdragon 8+ Gen 2 processor, 8 of memory and a spacious 256.0 of internal storage, ensuring brisk responsiveness. Its front panel is dominated by a 6.67-inch display featuring a crisp 3200x1440 resolution featuring an ultra-smooth 120.0 refresh rate, providing vibrant colors and sharp contrasts. It integrates a long-lasting 5160.0 battery and a surprisingly light 0.21kg frame to maximize mobility without sacrificing runtime. Operating on an efficient OS layer, this configuration positions the POCO F6 Pro 256GB as a highly capable daily driver.",,https://www.mi.com/global/product/poco-f6-pro/specs/; https://www.techspecs.info/poco-f6-pro/,549,USD,65880
Smartphone,POCO,C65 64GB,MediaTek Helio G85,4,1024,,,0.19,,5000,6.5,1600x720,90,18,5MP,50MP,"The POCO C65 64GB seamlessly blends aesthetics with performance, making it a sophisticated companion for daily tasks. The core of its performance lies in the MediaTek Helio G85 processor, 4 of memory and a spacious 1024.0 of internal storage, allowing users to navigate demanding workflows seamlessly. Its front panel is dominated by a 6.5-inch display featuring a crisp 1600x720 resolution featuring an ultra-smooth 90.0 refresh rate, providing vibrant colors and sharp contrasts. It integrates a substantial 5000.0 cell and a portable chassis weighing 0.19kg to maximize mobility without sacrificing runtime. Running naturally on a modern operating system, the POCO C65 64GB is an outstanding technological investment.",,https://www.mi.com/global/product/poco-c65/; https://www.mi.com/global/product/poco-c65/specs/,149,USD,17880
Smartphone,POCO,X7 128GB,MediaTek Dimensity 8200,6,128,,,,,5000,6.67,2712x1220,120,45,16MP,64MP,"Crafted to meet the demands of modern users, the POCO X7 128GB is a versatile piece of engineering. It boasts an impressive architecture featuring the MediaTek Dimensity 8200 processor, 6 of memory and a spacious 128.0 of internal storage to comfortably manage multitasking without bottlenecks. Users will appreciate the visual fidelity offered by a 6.67-inch display featuring a crisp 2712x1220 resolution featuring an ultra-smooth 120.0 refresh rate, perfect for streaming and reading. For users constantly on the move, it features an endurance-focused 5000.0 battery. Running naturally on a modern operating system, the POCO X7 128GB is an outstanding technological investment.",,https://www.mi.com/global/product/poco-x7/specs/; https://phonespecs.net/specs/xiaomi_poco_x7-13604.html; https://www.gadgets360.com/poco-x7-5g-price-in-india-130411,329,USD,39480
Smartphone,POCO,X7 Pro 256GB,MediaTek Dimensity 8400,8,,,,0.207,,6000,6.67,2712x1220,120,90,20MP,108MP,"Presenting the POCO X7 Pro 256GB: a sophisticated device built for uncompromised productivity and entertainment. In terms of hardware, it is driven by the MediaTek Dimensity 8400 processor and 8 of memory, ensuring brisk responsiveness. The device incorporates a 6.67-inch display featuring a crisp 2712x1220 resolution featuring an ultra-smooth 120.0 refresh rate, making it fantastic for media consumption and creative work. Practicality is further enhanced by a long-lasting 6000.0 battery and a portable chassis weighing 0.207kg, offering an excellent balance of longevity and comfort. Operating on an efficient OS layer, this configuration positions the POCO X7 Pro 256GB as a highly capable daily driver.",,https://www.mi.com/global/product/poco-x7-pro/specs/; https://phonesdata.com/en/smartphones/xiaomi/poco-x7-pro-5465318/,399,USD,47880
Smartphone,POCO,M7 5G 128GB,MediaTek Dimensity 7025,6,128,,,0.198,,5110,6.67,1920x1080,144,33,8MP,50MP,"The POCO M7 5G 128GB emerges as a feature-rich solution designed to elevate your digital experience. The core of its performance lies in the MediaTek Dimensity 7025 processor, 6 of memory and a spacious 128.0 of internal storage, allowing users to navigate demanding workflows seamlessly. The device incorporates a 6.67-inch display featuring a crisp 1920x1080 resolution featuring an ultra-smooth 144.0 refresh rate, making it fantastic for media consumption and creative work. For users constantly on the move, it features a long-lasting 5110.0 battery and an overall weight of just 0.198kg. Operating on an efficient OS layer, this configuration positions the POCO M7 5G 128GB as a highly capable daily driver.",,https://www.mi.com/global/product/poco-m7/specs/; https://www.gadgets360.com/poco-m7-5g-price-in-india-130993,229,USD,27480
Smartphone,Poco,Pad 5G 128GB,Snapdragon 7s Gen 2,8,,,,0.571,,10000,,2560x1600,120,33,8MP,8MP,"For those seeking reliable technology, the Poco Pad 5G 128GB stands out as a feature-rich and dependable choice. Additionally, it is engineered around the Snapdragon 7s Gen 2 processor and 8 of memory, ensuring brisk responsiveness. The device incorporates a crisp 2560x1600 resolution featuring an ultra-smooth 120.0 refresh rate, making it fantastic for media consumption and creative work. Physical endurance is addressed by a long-lasting 10000.0 battery and a portable chassis weighing 0.571kg, keeping you productive on the go. Ultimately, with its native software at the helm, the Poco Pad 5G 128GB easily satisfies the rigorous demands of contemporary digital life.",,https://www.mi.com/global/product/poco-pad/specs/,280,USD,33600
Smartphone,Poco,Pad 5G 256GB,Snapdragon 7s Gen 2,8,,,,0.571,,10000,,2560x1600,120,33,8MP,8MP,"Presenting the Poco Pad 5G 256GB: a versatile device built for uncompromised productivity and entertainment. In terms of hardware, it is equipped with the Snapdragon 7s Gen 2 processor and 8 of memory, ensuring brisk responsiveness. Visuals are rendered on a crisp 2560x1600 resolution featuring an ultra-smooth 120.0 refresh rate, which guarantees an immersive viewing experience. For users constantly on the move, it features a substantial 10000.0 cell and a portable chassis weighing 0.571kg. Ultimately, with its native software at the helm, the Poco Pad 5G 256GB easily satisfies the rigorous demands of contemporary digital life.",,https://www.mi.com/global/product/poco-pad/specs/,300,USD,36000
Smartphone,Samsung,Galaxy Z Fold6 256GB,Snapdragon 8 Gen 3,12,256,,,0.239,,4400,7.6,163x346,165,25,"10MP, 4MP (UDC)",50MP,"Crafted to meet the demands of modern users, the Samsung Galaxy Z Fold6 256GB is a powerful piece of engineering. It boasts an impressive architecture featuring the Snapdragon 8 Gen 3 processor, 12 of memory and a spacious 256.0 of internal storage to comfortably manage multitasking without bottlenecks. Users will appreciate the visual fidelity offered by a 7.6-inch display featuring a crisp 163x346 resolution featuring an ultra-smooth 165.0 refresh rate, perfect for streaming and reading. It integrates an endurance-focused 4400.0 battery and a portable chassis weighing 0.239kg to maximize mobility without sacrificing runtime. Running naturally on a modern operating system, the Samsung Galaxy Z Fold6 256GB is an outstanding technological investment.",,https://www.samsung.com/africa_en/smartphones/galaxy-z-fold6/specs/; https://www.gadgets360.com/samsung-galaxy-z-fold-6-price-in-india-126923; https://phonesdata.com/en/smartphones/samsung/galaxy-z-fold6-5464850/,1899,USD,227880
Smartphone,Samsung,Galaxy Z Fold6 512GB,Snapdragon 8 Gen 3,12,,,,0.239,,4400,7.6,163x346,120,15,"10MP, 4MP (UDC)",50MP,"Presenting the Samsung Galaxy Z Fold6 512GB: a powerful device built for uncompromised productivity and entertainment. As for its internals, it is fueled by the Snapdragon 8 Gen 3 processor and 12 of memory, ensuring brisk responsiveness. Its front panel is dominated by a 7.6-inch display featuring a crisp 163x346 resolution featuring an ultra-smooth 120.0 refresh rate, providing vibrant colors and sharp contrasts. Physical endurance is addressed by a long-lasting 4400.0 battery and an overall weight of just 0.239kg, keeping you productive on the go. Operating on an efficient OS layer, this configuration positions the Samsung Galaxy Z Fold6 512GB as a highly capable daily driver.",,https://www.samsung.com/sg/smartphones/galaxy-z-fold6/specs/; https://mobilesdetail.com/products/samsung-galaxy-z-fold6/,1719,USD,206280
Smartphone,Samsung,Galaxy Z Fold6 1TB,Snapdragon 8 Gen 3,12,256,,,0.239,,4400,7.6,163x346,240,25,"10MP, 4MP (UDC)",50MP,"The Samsung Galaxy Z Fold6 1TB emerges as a modern solution designed to elevate your digital experience. It boasts an impressive architecture featuring the Snapdragon 8 Gen 3 processor, 12 of memory and a spacious 256.0 of internal storage to comfortably manage multitasking without bottlenecks. Its front panel is dominated by a 7.6-inch display featuring a crisp 163x346 resolution featuring an ultra-smooth 240.0 refresh rate, providing vibrant colors and sharp contrasts. It integrates a long-lasting 4400.0 battery and an overall weight of just 0.239kg to maximize mobility without sacrificing runtime. Operating on an efficient OS layer, this configuration positions the Samsung Galaxy Z Fold6 1TB as a highly capable daily driver.",,https://www.samsung.com/latin_en/smartphones/galaxy-z-fold6/specs/; https://www.gadgets360.com/samsung-galaxy-z-fold-6-price-in-india-126923; https://www.mobiledokan.com/mobile/samsung-galaxy-z-fold6-1tb-rom/specification,2259,USD,271080
